chrom	start	end	count	fst	dxy	xpehh_mean	st_xpehh_w_median	st_xpehh_w_std	xpehh_max	xpehh_min	delta_SAF
2L	2431662	2846472	500	0.67459783	0.00039588	nan	nan	nan	nan	nan	1.324379
2L	2846473	3028083	500	0.64487574	0.0007828	nan	nan	nan	nan	nan	1.08218409
2L	3028097	3123305	500	0.57829794	0.0013	nan	nan	nan	nan	nan	0.8965803
2L	3123314	3209449	500	0.4887889	0.00107356	nan	nan	nan	nan	nan	0.56713586
2L	3209451	3280012	500	0.49391973	0.00135746	nan	nan	nan	nan	nan	0.57208937
2L	3280019	3354536	500	0.3555014	0.00117181	nan	nan	nan	nan	nan	0.40105321
2L	3354541	3429212	500	0.36516538	0.00134173	nan	nan	nan	nan	nan	0.48639554
2L	3429228	3469552	500	0.25012887	0.00222142	nan	nan	nan	nan	nan	0.26458749
2L	3469570	3515968	500	0.16193333	0.00217181	nan	nan	nan	nan	nan	-0.05709797
2L	3516371	3581972	500	0.14899637	0.00141269	nan	nan	nan	nan	nan	-0.04562222
2L	3581978	3664782	500	0.10391729	0.00109103	1.42771531	1.39398074	0.45880458	0.02392059	2.62061141	-0.25018736
2L	3664812	3728591	500	0.12922863	0.00154619	1.07082973	1.08566301	0.27682622	-0.18876523	1.67603768	-0.20496783
2L	3728625	3755468	500	0.10959679	0.00334749	0.89621918	0.95999577	0.23137598	0.15825913	1.29554781	-0.16219577
2L	3755475	3805070	500	0.08231504	0.00200637	0.47077959	0.53811271	0.39092871	-0.66417534	1.22245526	-0.26945464
2L	3805109	3878617	500	0.11214284	0.00118817	-0.39185728	-0.39325203	0.53755723	-1.15083796	1.20291063	-0.19230741
2L	3878702	3923340	500	0.12412931	0.00149088	-0.5015076	-0.40053439	0.51294855	-1.55266223	0.84027313	-0.27510464
2L	3923350	3995444	500	0.10818635	0.00103897	-0.51223135	-0.53509749	0.44449021	-1.65479816	0.36745731	-0.25323367
2L	3995447	4230272	500	0.06118373	0.00043268	-1.10720632	-1.09880786	0.26666168	-1.87225503	-0.50012198	-0.23215683
2L	4230304	4325198	500	0.06479726	0.00111313	-0.40413183	-0.43996808	0.407805	-1.30454821	0.83858387	-0.23722751
2L	4325714	4404777	500	0.03198644	0.00123217	-0.76169867	-0.68743442	0.34155327	-1.80675754	0.05442511	-0.2652627
2L	4404778	4440337	500	0.04098218	0.00237405	-1.04161585	-1.0545695	0.2762363	-1.76177408	-0.28565016	-0.28912549
2L	4440377	4486591	500	0.04553478	0.00173668	-0.81251961	-0.82634454	0.42174908	-1.80087311	0.32792895	-0.32081886
2L	4486610	4519803	500	0.06537145	0.00300435	-0.56295668	-0.61204951	0.49243644	-1.70293465	0.38380923	-0.25912451
2L	4519808	4586015	500	0.0503596	0.00143934	-0.31733269	-0.2615679	0.35550582	-1.34205772	0.74455625	-0.17960793
2L	4586018	4694106	500	0.05563648	0.00065262	-0.89875198	-0.87603816	0.54041389	-2.07182214	0.4520303	-0.28922313
2L	4694115	4745021	500	0.07387392	0.00175986	-0.68804672	-0.76676886	0.46353805	-1.92175831	0.55615636	-0.27290452
2L	4745024	4775270	500	0.07308742	0.00251021	-0.33414282	-0.49398514	0.62995971	-1.62587993	1.27183353	-0.28292872
2L	4775360	4800736	500	0.04767296	0.0031282	0.37969876	0.162767	0.76176889	-0.90899149	2.1675551	-0.25307745
2L	4800785	4832672	500	0.06042831	0.00267077	0.76777213	0.67041105	0.46414166	-0.16615496	1.80408545	-0.29092203
2L	4832683	4887371	500	0.06347086	0.00175344	0.69363145	0.70713861	0.55304312	-0.82024705	2.113039	-0.19916812
2L	4887456	4960734	500	0.05632423	0.00133903	0.7046737	0.78621992	0.6434781	-1.1837372	1.90496083	-0.24701086
2L	4960763	5041389	500	0.07271141	0.001058	nan	nan	nan	nan	nan	-0.2493672
2L	5788883	5883223	500	0.08203193	0.00118631	nan	nan	nan	nan	nan	0.1431746
2L	5883229	5938596	500	0.10789684	0.00190443	nan	nan	nan	nan	nan	0.12338215
2L	5938598	6084744	500	0.10631577	0.00081788	1.58252986	1.50228903	0.51807884	0.24662232	2.75680517	0.27253116
2L	6084759	6157780	500	0.115309	0.00150051	1.41801206	1.40978445	0.30497407	0.33204797	2.13065998	0.22533908
2L	6157785	6187608	500	0.08719813	0.00316767	1.83197249	1.74332847	0.47594071	0.88488387	2.86795982	-0.01005912
2L	6187743	6225874	500	0.09532433	0.00246073	1.34298574	1.27011185	0.2375808	0.90089973	2.33477974	-0.05766426
2L	6226482	6369270	500	0.06990831	0.00059551	1.6501372	1.64892228	0.81012916	-0.38638916	3.54456268	0.02951431
2L	6369278	6427937	500	0.1012334	0.00175752	0.32326384	0.32107592	0.32654486	-0.35070585	0.96291191	0.08268428
2L	6428360	6491736	500	0.08671744	0.00160058	0.32367928	0.31721603	0.47659701	-0.6870339	1.13024663	0.06859435
2L	6491756	6551351	500	0.09589719	0.00172121	-0.85772242	-0.95286795	0.48695989	-2.25517664	-0.03832692	0.07731451
2L	6551369	6629010	500	0.05651492	0.00112194	-1.00766361	-1.09606901	0.60931616	-2.34133864	0.95697661	0.0310977
2L	6629017	6686028	500	0.0390584	0.00157036	-0.19221313	-0.08533423	0.38391286	-0.80456585	0.99089613	-0.06119822
2L	6686089	6736235	500	0.05336158	0.00200206	-0.52843067	-0.45365812	0.3538097	-1.47070158	0.13060774	-0.00203887
2L	6737044	6767794	500	0.08009068	0.00299196	-0.92325327	-0.8963261	0.46624526	-2.38428744	-0.24909341	-0.05993609
2L	6767825	6806389	500	0.06190763	0.0023972	-0.56780364	-0.65501608	0.29206645	-0.98215198	-0.03211451	-0.10439739
2L	6806447	6858828	500	0.08168239	0.00178616	1.22632913	1.30544717	0.64519627	-0.32411979	2.19017605	0.21184579
2L	6858863	6881801	500	0.15243781	0.00360865	1.98237302	2.01912302	0.55876652	0.81569783	3.14995993	0.16639774
2L	6881856	6900903	500	0.09874572	0.00422498	1.23438589	1.19693517	0.24472449	0.69240973	1.84538544	-0.02728142
2L	6900909	6921244	500	0.11256965	0.00440613	1.47820379	1.47885887	0.17826539	1.02894781	1.88403957	0.18216286
2L	6921287	6947764	500	0.09412186	0.00333149	1.76942702	1.74395805	0.31255922	0.90507397	2.50224951	0.13587721
2L	6947775	6984493	500	0.09397651	0.00252974	1.90802433	1.82335685	0.41297518	0.80217049	2.64842499	0.22118553
2L	6984505	7064421	500	0.11640668	0.00124101	1.105729	0.85220911	0.69721309	0.01933828	2.43630445	0.27155588
2L	7064441	7133211	500	0.07621402	0.00132402	1.01923665	0.9980081	0.34159578	-0.03090027	1.85670189	-0.00177497
2L	7133299	7187885	500	0.05543535	0.00139849	1.35696635	1.35562527	0.61007957	0.03271516	2.91856074	-0.10344506
2L	7187936	7233626	500	0.04950458	0.0018793	0.91393447	0.88843834	0.66283454	-0.47753847	2.2937936	-0.05603497
2L	7233629	7301561	500	0.08489762	0.00130254	0.50850953	0.49684059	0.36516024	-0.79369001	1.16764968	0.10580416
2L	7301562	7428295	500	0.06953548	0.00066844	0.4324931	0.23260499	0.78526087	-0.69795152	1.98866342	-0.06776128
2L	7428303	7542706	500	0.06926857	0.00076666	-0.57830416	-0.60387374	0.81133851	-1.96869795	1.0125119	0.00296374
2L	7542733	7594404	500	0.07670359	0.00162269	-1.15118254	-1.01921608	0.42467889	-2.29638194	-0.33296766	-0.10687575
2L	7594455	7631138	500	0.05710481	0.00254782	-1.55175536	-1.57294985	0.21421156	-2.00386447	-0.95405606	-0.02623729
2L	7631430	7665388	500	0.05506083	0.00233966	-2.17780433	-2.23879868	0.3662677	-2.93699246	-1.31818638	-0.02363272
2L	7665399	7695676	500	0.05047255	0.00292527	-2.29050932	-2.35161782	0.34533539	-3.16917097	-1.46020411	-0.07058385
2L	7695710	7719948	500	0.06653534	0.00384479	-1.4710636	-1.48013128	0.43038282	-2.44685865	0.02829437	0.09205845
2L	7719975	7797190	500	0.03322538	0.00121392	-0.9450775	-1.07474266	0.44124342	-1.93452932	-0.13562212	-0.04178441
2L	7797195	7840050	500	0.03956409	0.00173218	-0.24355259	-0.2362339	0.76951001	-1.8483972	1.28532962	-0.08376735
2L	7840080	7892808	500	0.07566483	0.00175333	-0.99883209	-1.11190853	0.39676379	-1.58177747	0.50025179	0.10169651
2L	7892839	7924336	500	0.06076878	0.00315984	-1.40613632	-1.37000672	0.22020808	-2.24610602	-0.71670773	0.02841281
2L	7924390	7955089	500	0.06754052	0.00278669	-1.13636922	-0.84124891	0.90545362	-3.27453109	0.5194758	-0.14460188
2L	7955145	7975549	500	0.05686962	0.00404414	-1.92787911	-1.87364091	0.39507636	-2.71464763	-0.97492138	-0.01653039
2L	7975573	7997300	500	0.0490131	0.00376559	-0.90261036	-0.90325288	0.09095698	-1.09050594	-0.61557697	-0.0148552
2L	7997305	8024619	500	0.03608249	0.00352334	-1.56483112	-1.64193961	0.57380553	-3.04156687	-0.72683925	-0.07930401
2L	8024656	8065906	500	0.05901898	0.00203904	-1.84543206	-2.00076417	0.57291111	-2.78284456	-0.45058321	-0.06898898
2L	8065962	8086320	500	0.0532312	0.00434046	-2.71018411	-2.65536804	0.4167781	-3.81739678	-1.68273837	-0.06076221
2L	8086335	8107911	500	0.05662953	0.00394755	-2.5423683	-2.5234999	0.28785316	-3.3813713	-1.78636438	-0.05408441
2L	8107942	8129835	500	0.06731286	0.00417315	-2.4328025	-2.3125042	0.38510669	-3.43617151	-1.6092958	0.07993055
2L	8129860	8157641	500	0.0601477	0.00309	-2.75466528	-2.67781189	0.42656964	-3.67071224	-1.99275416	-0.07959085
2L	8157765	8231293	500	0.04945889	0.00125147	-2.31779269	-2.17867044	0.47347889	-3.4061125	-0.9912757	-0.00673169
2L	8231373	8298485	500	0.05075346	0.00125555	-2.02473782	-1.93032621	0.65062815	-3.49960887	-0.57423141	0.06629958
2L	8298528	8333383	500	0.05746185	0.00256563	nan	nan	nan	nan	nan	-0.05458926
2L	8333386	8604214	500	0.06153793	0.00024779	nan	nan	nan	nan	nan	-0.1169154
2L	8604216	8636518	500	0.08312488	0.00225687	1.55428757	1.61613903	0.71384671	-0.23538873	2.73849901	0.02217102
2L	8636533	8667225	500	0.07602397	0.00281021	1.57748368	1.53986448	0.62703981	0.08178312	3.32814384	0.10544847
2L	8667254	8705836	500	0.05976953	0.00223792	1.44177003	1.4912259	0.55010378	0.01177058	2.87815587	-0.01025417
2L	8705850	8770244	500	0.08045269	0.00133036	1.44796114	1.43655609	0.7830117	-0.26745702	3.24824121	0.07621301
2L	8770308	8820113	500	0.06438916	0.00178387	0.83735628	0.72678472	0.65318797	-0.68649617	2.42797406	-0.07131818
2L	8820122	8859065	500	0.05455302	0.00218642	0.60138055	0.3522663	0.68927297	-0.68712894	2.37282792	0.02078268
2L	8859067	8885776	500	0.04223735	0.00268268	0.16066403	0.08287196	0.33007732	-0.590415	0.97636817	-0.02447032
2L	8885869	8921248	500	0.05279583	0.00258342	0.50459145	0.4881523	0.52772955	-0.41159425	2.26243014	-0.04708534
2L	8921256	8957268	500	0.047806	0.00225674	0.36106848	0.30791974	0.5314438	-0.93205278	1.93346953	-0.17796793
2L	8957319	9000782	500	0.04904787	0.00176777	-0.28784708	-0.2915871	0.21807167	-0.88543037	0.17310786	-0.03134317
2L	9000800	9020392	500	0.0424066	0.00332195	-0.4326677	-0.42970296	0.24841481	-1.1771916	0.23947375	-0.10376633
2L	9020402	9054209	500	0.05105745	0.00240285	-0.52109558	-0.46804663	0.32575002	-1.45257282	0.26335908	-0.01814821
2L	9054266	9156981	500	0.06217757	0.00081999	0.03418986	-0.03227285	0.46376902	-0.92823161	1.48792045	0.09947058
2L	9156984	9237799	500	0.03753325	0.00121137	-0.15947792	-0.03577007	0.43108135	-1.30269187	0.73837924	-0.01863011
2L	9238413	9322620	500	0.03129602	0.00116738	0.65609357	0.72917644	0.36701731	-0.76649537	1.33186097	-0.02451621
2L	9322635	9376104	500	0.02840498	0.00171855	0.59225124	0.53191514	0.53469959	-0.27670554	1.74862031	-0.0102427
2L	9376196	9457242	500	0.04676795	0.00109137	0.34964292	0.3606536	0.32738262	-0.30569271	1.3205217	-0.06613199
2L	9457260	9504429	500	0.04988578	0.00181076	0.79949503	0.86815357	0.37700832	-0.23376182	1.4888734	-0.14937501
2L	9504441	9565597	500	0.0555879	0.00158291	0.82249739	0.74223043	0.34357423	-0.0133072	1.8039281	0.10669912
2L	9565627	9609387	500	0.04175724	0.00206831	0.92143773	0.88730406	0.31671447	0.22689965	1.9235286	-0.07902863
2L	9609536	9658181	500	0.0359755	0.00186128	1.36597449	1.3225071	0.4198051	0.10457164	2.59247599	-0.14650654
2L	9658183	9691288	500	0.0495815	0.00292741	0.59475157	0.50914112	0.42480886	-0.63178659	2.09940349	-0.05240922
2L	9691290	9765826	500	0.06121796	0.00110561	1.19146607	1.32209452	0.70798781	-0.7677977	2.61044357	0.00778277
2L	9765880	9820146	500	0.04471405	0.00180953	0.74020933	1.02405204	0.90639943	-0.65731377	2.707153	0.02623278
2L	9820281	9854105	500	0.0394034	0.00267387	-0.36902827	-0.38053773	0.28627012	-1.10763946	0.33255243	-0.0133636
2L	9854124	9883190	500	0.03914396	0.0028444	-0.68106296	-0.52239313	0.60054362	-2.04890666	0.28438658	-0.0909041
2L	9883733	9941055	500	0.043016	0.00157859	-0.72807757	-0.80782688	0.32413532	-1.50433439	0.13984223	-0.07671091
2L	9941056	9969353	500	0.05571403	0.00384029	-0.96268946	-1.07273368	0.3096235	-1.63060389	-0.1717104	0.11678467
2L	9969368	10001802	500	0.04732675	0.00268358	-0.88780458	-0.87809858	0.28153715	-1.55667343	-0.08245862	-0.08135783
2L	10001829	10029909	500	0.03234453	0.00325999	-0.79094149	-0.81090056	0.47288666	-1.73944007	0.24900351	-0.10655448
2L	10029913	10068109	500	0.03965958	0.00229958	-0.66423105	-0.69083305	0.29925956	-1.26959453	0.07270208	-0.08179384
2L	10068248	10118203	500	0.06910222	0.00209616	-1.11642398	-1.15432199	0.27025265	-1.71428027	-0.527555	0.07893232
2L	10118226	10162828	500	0.10237909	0.00210077	-1.2549251	-1.20623475	0.22341833	-1.70094433	-0.745171	0.05644351
2L	10163018	10234952	500	0.10221291	0.00137751	-1.01580477	-0.97909794	0.38773192	-1.82565848	0.2205506	0.13400697
2L	10234980	10260023	500	0.0451409	0.00360061	-0.66407657	-0.66047315	0.39007079	-1.86423863	0.15241078	-0.09996847
2L	10260055	10291296	500	0.06026729	0.00241992	-0.0751238	-0.13364024	0.34708299	-0.73178231	1.10340525	0.0408964
2L	10291326	10331852	500	0.03752514	0.00189846	-0.30651271	-0.29714034	0.24181579	-1.17494685	0.62102786	-0.01896285
2L	10332063	10362597	500	0.05780394	0.002265	-0.2016804	-0.23093732	0.43471029	-1.40546877	1.08921213	-0.08482294
2L	10362620	10415022	500	0.04864241	0.00155849	-1.33387507	-1.27474369	0.50843807	-2.75171204	-0.22972493	-0.10950327
2L	10415024	10461362	500	0.03473578	0.00144711	-1.05128934	-0.99191896	0.60354431	-2.416258	-0.09083769	-0.033615
2L	10461542	10491361	500	0.04261318	0.00262993	-1.18433279	-1.01892527	0.53255076	-2.37524039	-0.26340464	-0.08323955
2L	10491543	10538612	500	0.06867845	0.00184864	-1.32898483	-1.31159254	0.39814468	-2.1619355	-0.18005161	0.07789967
2L	10538619	10568363	500	0.06685666	0.00292627	-0.32946536	-0.26219182	0.50589866	-1.68644345	0.86501345	-0.00638748
2L	10568369	10635212	500	0.07735762	0.00141346	0.14670595	0.0454953	0.42025448	-0.7162435	1.0254826	0.01797158
2L	10635316	10665032	500	0.05440193	0.00267488	0.37187655	0.34761565	0.27683843	-0.15518361	0.9961059	-0.01826295
2L	10665052	10689467	500	0.03995363	0.0035585	1.2557002	1.1606532	0.47866642	0.28495167	2.35773581	0.00436355
2L	10689486	10718622	500	0.04705182	0.00307313	1.02233025	0.99639468	0.38058619	-0.24777195	2.39826979	-0.00256667
2L	10718656	10754963	500	0.05026975	0.00221069	0.29509512	0.24478793	0.28872103	-0.36439707	1.04099312	-0.04320717
2L	10755006	10785637	500	0.06557587	0.0027214	1.13835846	1.14084296	0.52927936	-0.11969904	2.30644112	-0.06414701
2L	10785855	10822751	500	0.08344627	0.00226468	0.67931735	0.61568267	0.3337455	-0.29056106	1.75981583	0.0778423
2L	10822761	10849342	500	0.1352902	0.00296907	0.78968203	0.822786	0.49006467	-0.13901652	1.90641949	0.09048652
2L	10849345	10870359	500	0.16099788	0.00489897	1.90226756	1.95031005	0.38918679	0.95883694	2.64633931	0.55484607
2L	10870367	10885599	500	0.15202225	0.00557786	2.31923448	2.30816031	0.33140678	1.69742544	3.25861521	0.32546019
2L	10885654	10904129	500	0.12329736	0.00526128	2.62818514	2.73241307	0.55363009	1.27494885	3.65749478	0.29541009
2L	10904131	10942628	500	0.09306711	0.00248208	1.56366822	1.6240321	0.41966877	0.59689419	2.60012594	0.1107494
2L	10942672	10991175	500	0.10081809	0.00216884	0.36177473	0.2300739	0.40714857	-0.33775578	1.28976453	0.09633821
2L	10991184	11026579	500	0.04980471	0.00291719	1.14189275	1.13307071	0.33913185	0.07402204	1.95046612	-0.02309345
2L	11026598	11082893	500	0.05664433	0.00184268	0.64991497	0.6470243	0.63093667	-0.65359133	2.10382168	-0.13282967
2L	11082897	11132595	500	0.04853588	0.0017333	0.64142837	0.59470869	0.62111046	-0.664103	2.41940256	-0.06332089
2L	11132609	11183687	500	0.03638128	0.00185355	0.61734631	0.61170483	0.37008041	-0.08881336	1.60006729	-0.02370157
2L	11183703	11208196	500	0.04280553	0.00407089	0.79056545	0.79182258	0.302599	-0.13725287	1.44776116	-0.01885959
2L	11208877	11242526	500	0.03141074	0.00234757	0.58327482	0.51730993	0.36144552	-0.11487927	1.72809315	-0.10127649
2L	11242590	11284768	500	0.05961937	0.00212751	0.48763374	0.45881137	0.3357601	-0.34598265	1.50551409	-0.00125865
2L	11284774	11334170	500	0.03838676	0.00196653	-0.07982024	-0.1037123	0.36332892	-0.8193502	0.53580786	0.01247559
2L	11334172	11394601	500	0.02210582	0.00166511	-0.5211952	-0.43763816	0.47703926	-1.72464461	0.51701041	0.01767326
2L	11394624	11457314	500	0.02914849	0.00158053	-0.44623478	-0.44042892	0.33203301	-1.51999616	0.49529386	-0.10427118
2L	11457323	11505387	500	0.03065938	0.00156086	-0.62029918	-0.61754439	0.29419861	-1.51987557	0.12328476	-0.07830578
2L	11505417	11569603	500	0.04818167	0.00113699	-0.00084403	-0.05734902	0.37270721	-0.85275033	1.04650352	-0.03090716
2L	11569732	11648276	500	0.0377946	0.00107706	-0.26549762	-0.30525459	0.2508085	-0.84939317	0.72778305	-0.0177122
2L	11648286	11707360	500	0.05924034	0.00135655	-0.22040405	-0.29990137	0.32289038	-0.90458934	0.82047175	0.06409659
2L	11707442	11747942	500	0.05879013	0.00198921	-0.29951556	-0.33071078	0.19197019	-0.74587695	0.1413216	-0.05748068
2L	11748073	11787952	500	0.0381312	0.00188735	-0.41212543	-0.37720111	0.27669282	-1.18274582	0.23044108	-0.07215578
2L	11787969	11833086	500	0.04761996	0.00170948	-0.59149242	-0.57755547	0.32642402	-1.22135069	0.075845	-0.12304245
2L	11835388	11869193	500	0.03890902	0.0020648	-0.04754467	0.09117258	0.38406825	-1.14561506	0.55133567	-0.11823489
2L	11869521	11890952	500	0.03590101	0.00321925	0.24779911	0.23556948	0.29604041	-0.38139156	1.15371876	-0.09309561
2L	11890961	11906836	500	0.10272727	0.00497937	0.84694436	0.90768193	0.25964255	0.03908107	1.45539036	0.11782879
2L	11906872	11929758	500	0.06057501	0.00335313	0.09668666	0.10765488	0.32717469	-0.61662001	1.11032243	-0.0443775
2L	11929775	11954099	500	0.062502	0.00305316	-0.01381667	-0.02892794	0.2025002	-0.44440096	0.77013269	-0.0948167
2L	11954107	12008956	500	0.09063509	0.00166229	0.53567109	0.46381412	0.55209174	-0.5911023	2.36823367	0.12551629
2L	12009023	12067966	500	0.07879237	0.0016515	0.90650954	0.89082116	0.34697139	-0.00750001	1.86554722	0.15339783
2L	12068107	12132747	500	0.05155719	0.00143662	-0.29234979	-0.21460914	0.53272288	-1.5976154	0.9760933	-0.03179065
2L	12132750	12161903	500	0.04538349	0.00320584	-0.42717925	-0.44893446	0.32406454	-1.34151857	0.63792277	0.01308371
2L	12161906	12197571	500	0.05354009	0.00230394	-0.25149075	-0.3957173	0.49960864	-1.5042569	0.87261354	-0.06809402
2L	12197588	12235481	500	0.04458118	0.00248483	-0.88980975	-0.90431092	0.40582156	-2.19367986	0.08124449	-0.03072358
2L	12235487	12266995	500	0.0412817	0.00245061	-1.39074497	-1.32140668	0.39246619	-2.41656876	-0.49501294	-0.15103873
2L	12266999	12305475	500	0.0353215	0.00191135	-1.21480141	-1.28799473	0.37577022	-2.16041339	-0.30016673	-0.08984851
2L	12305492	12349333	500	0.05143512	0.00178667	-0.79032793	-0.80162143	0.3513234	-1.6972778	0.06625031	-0.07001016
2L	12349335	12379277	500	0.04457374	0.00262136	-0.75260909	-0.68844334	0.6363124	-2.11297658	0.58792828	0.03817709
2L	12379284	12410013	500	0.06496335	0.00321486	-1.24037626	-1.24957402	0.31231988	-2.37425671	-0.14468458	0.03037485
2L	12410097	12467169	500	0.05367171	0.00167792	-1.13141423	-0.92749177	0.78571124	-2.55475297	0.30512882	-0.04366612
2L	12467224	12515338	500	0.05027098	0.00185763	0.29506218	0.17566332	0.61703493	-0.71637814	1.81358024	0.03505619
2L	12515354	12557890	500	0.08235994	0.00223943	0.61677653	0.59672357	0.43159615	-0.48439994	1.51446478	0.10733019
2L	12557959	12595681	500	0.05282632	0.00251985	0.89465527	0.94291589	0.41737133	-0.01662893	1.85308258	-0.09975047
2L	12595683	12622380	500	0.05442593	0.00315609	0.38721322	0.20525868	0.52316055	-0.36727215	1.85266543	0.08803111
2L	12622439	12666839	500	0.04099969	0.00204793	-0.03548966	-0.1234962	0.34274137	-0.66641215	0.89232727	-0.08201184
2L	12666854	12702805	500	0.03416507	0.0026329	-0.07826309	-0.11262977	0.34481489	-0.89100414	1.00235502	-0.06908078
2L	12702813	12732048	500	0.05841414	0.00316778	0.18333894	0.10496913	0.44962214	-0.62398409	1.93077605	0.02230871
2L	12732103	12778334	500	0.04070275	0.0019609	0.56172813	0.55240995	0.46896916	-0.3949826	2.19886086	-0.02512433
2L	12778336	12819678	500	0.04451716	0.00191674	0.45088165	0.48817512	0.61264944	-0.77141196	1.85284276	-0.05117004
2L	12819703	12894808	500	0.03604419	0.00108516	-0.33665869	-0.28278372	0.36185255	-1.66938731	0.30750608	-0.10140271
2L	12894844	12941027	500	0.03590201	0.00185216	-0.15408151	-0.14756654	0.27141689	-0.90647645	0.51158496	-0.01524531
2L	12941047	12996658	500	0.03520791	0.00156107	0.41192893	0.27820511	0.51003776	-0.66263711	2.03211669	-0.07181156
2L	12996707	13077667	500	0.03712361	0.00135154	0.32341836	0.36693722	0.3954978	-0.87914271	1.27087232	0.03460871
2L	13077668	13119180	500	0.03966909	0.00237149	0.8727899	0.89497225	0.3501292	-0.23798471	1.97761439	0.06166413
2L	13119187	13157057	500	0.05827944	0.00238537	0.49183568	0.3579797	0.50142968	-0.54771493	1.64461543	0.01378361
2L	13157073	13219923	500	0.03903316	0.00131331	0.2894901	0.26525948	0.38815164	-0.56061571	1.23062173	-0.08906828
2L	13219929	13276259	500	0.02763988	0.0013739	-0.19808159	-0.23908184	0.38120528	-1.00740455	1.02785988	-0.11334702
2L	13276285	13330507	500	0.035287	0.0014394	0.47456878	0.50069021	0.40986001	-0.4315243	1.63237258	-0.02784364
2L	13330665	13383053	500	0.04558474	0.00148309	0.15685538	0.1664104	0.48495273	-1.3361913	1.3243655	-0.00911826
2L	13383080	13516923	500	0.03227009	0.00072734	0.00148227	-0.10885357	0.63098822	-1.16715275	1.55885799	-0.00518272
2L	13516947	13576893	500	0.0535753	0.00141686	-0.74357352	-0.75243695	0.35956736	-1.70732294	0.25179601	-0.07806483
2L	13576947	13628624	500	0.04600927	0.00174518	-0.54197179	-0.46788979	0.55347195	-2.22356444	0.98792918	0.04944444
2L	13628627	13671257	500	0.04727548	0.00195235	-1.07265663	-1.01799762	0.64568983	-3.33368847	0.07900062	-0.0786041
2L	13671272	13728132	500	0.07281027	0.00166641	-0.66807361	-0.70390995	0.39546004	-1.40841489	0.37081828	0.00329648
2L	13728180	13778158	500	0.08382261	0.00143853	-1.22433249	-1.07080584	0.67408317	-2.70415391	0.04240764	-0.0711805
2L	13778166	13818589	500	0.06947759	0.00197196	-1.98161063	-2.03225704	0.33912261	-2.95167345	-0.8578728	-0.10135681
2L	13818873	13843623	500	0.06120274	0.00308793	-1.90426394	-1.90962172	0.39771976	-2.78184905	-1.17183895	-0.00888878
2L	13843676	13901699	500	0.065236	0.00149919	-1.90144347	-1.96581365	0.45636665	-2.84192788	-0.40614512	0.05642056
2L	13901718	13956329	500	0.06852044	0.00173001	-0.853147	-0.80027448	0.51915686	-1.77182172	0.12458304	0.0401047
2L	13956366	13976633	500	0.06045456	0.00441768	-0.50353702	-0.59027804	0.49972927	-1.4365988	0.99083948	-0.08714067
2L	13976659	14013009	500	0.05341926	0.00255665	-0.52232877	-0.72591669	0.69621962	-1.34928261	1.60654176	-0.05648245
2L	14013018	14034947	500	0.06269487	0.00435402	0.21280069	0.15049849	0.69042267	-1.05700232	1.49167585	-0.00941658
2L	14034977	14083957	500	0.06195004	0.0020328	-0.38751	-0.4601297	0.61686581	-1.49484116	1.02261564	-0.05122741
2L	14083972	14110126	500	0.07213508	0.00348906	-1.21995986	-1.26835727	0.13775755	-1.47121992	-0.80710616	-0.00300268
2L	14110130	14146144	500	0.08357702	0.00242579	-1.06885655	-1.07664623	0.21181682	-1.54391646	-0.27890872	0.04983455
2L	14146159	14181344	500	0.07161027	0.00283627	-1.94119178	-2.01764243	0.34844461	-2.63581297	-0.84032987	0.17934028
2L	14181384	14211102	500	0.06333072	0.00388251	-1.69635905	-1.66798628	0.21988853	-2.35631549	-1.20344528	0.08600024
2L	14211156	14265013	500	0.05237001	0.00175836	-1.99246365	-2.00831449	0.8009196	-3.26111774	0.19316385	-0.0682776
2L	14265016	14294558	500	0.06400579	0.00362285	-1.55823045	-1.64142796	0.36844458	-2.43985035	-0.63276879	-0.01896285
2L	14294586	14333920	500	0.06707019	0.00248379	-1.79271185	-1.79105183	0.31264148	-2.63929103	-1.12671074	0.0354463
2L	14333934	14379104	500	0.05334568	0.00212645	-1.77685257	-2.02414669	0.73722368	-3.07647599	-0.06010972	0.04745946
2L	14379112	14397317	500	0.05942881	0.00478925	-2.51167712	-2.57421925	0.42010585	-3.3850259	-1.26727608	-0.14737856
2L	14397332	14416279	500	0.03898582	0.00447171	-2.67705874	-2.73149673	0.43536495	-3.83213344	-1.21304084	-0.11348471
2L	14416357	14440027	500	0.03933385	0.00333039	-2.07748076	-2.12450782	0.564795	-3.11767384	-1.07886548	-0.07300484
2L	14440090	14487382	500	0.09445442	0.00203759	-1.66702362	-1.5290651	0.49515642	-3.09708703	-0.71928589	-0.00167171
2L	14487384	14517820	500	0.11386619	0.0032489	-1.47290537	-1.45799064	0.27853136	-2.25461131	-1.05245436	0.26373069
2L	14517832	14561338	500	0.12329519	0.00241924	-1.69680415	-1.7056936	0.19622153	-2.08806184	-1.21070215	0.03746571
2L	14561390	14625011	500	0.07155767	0.00158091	-1.25778664	-1.46072821	0.56169427	-2.02307864	0.68093826	-0.03776855
2L	14625013	14650723	500	0.06518513	0.00345314	0.77878109	0.7628241	0.24172	0.09293403	1.54596705	0.07110713
2L	14650724	14690510	500	0.04925075	0.00258451	0.60476074	0.38549654	0.44728766	0.02056116	1.90905011	0.02511981
2L	14690606	14716812	500	0.0613139	0.0038763	-0.09769265	-0.16370104	0.1430409	-0.28051009	0.33827022	0.04223884
2L	14716835	14750848	500	0.06031233	0.00255483	0.23949627	0.15650108	0.28113866	-0.20471109	0.86791062	0.09088811
2L	14750931	14775183	500	0.09597973	0.00408362	0.15818464	0.19047149	0.18003209	-0.24291744	1.14321875	0.08674604
2L	14775207	14805365	500	0.1107127	0.00335321	0.24883852	0.15241212	0.39493189	-0.35268388	1.1095721	0.06476208
2L	14805512	14848628	500	0.12107006	0.0023173	0.66953279	0.71846934	0.37741673	-0.54378266	1.66449389	0.31053267
2L	14848777	14890905	500	0.11032546	0.002291	0.64670925	0.58962721	0.46369624	-0.13656803	1.52711351	0.24318097
2L	14890919	14922281	500	0.06308583	0.00300037	0.49353777	0.51299012	0.26680702	-0.18712628	1.21517705	0.00882689
2L	14922336	14976500	500	0.06270731	0.00170442	1.2109755	1.32163745	0.52638489	-0.47237446	2.2694243	0.02250376
2L	14976622	15011839	500	0.07366959	0.00317508	1.29193524	1.11669271	0.47352993	0.23794541	2.20972527	0.08213354
2L	15011846	15032816	500	0.06548302	0.00437193	1.32230147	1.3196451	0.15942621	0.89937036	1.8606658	0.03234836
2L	15032826	15063843	500	0.07476418	0.00309699	1.40733863	1.44109337	0.27573349	0.55948656	1.91726385	0.06593241
2L	15063847	15094981	500	0.06172114	0.00270064	0.27831383	0.34232752	0.88531307	-1.21634318	1.98984092	0.03420713
2L	15095009	15126457	500	0.04722183	0.00260805	-0.12722219	-0.09940707	0.40867813	-0.96832151	0.93519848	0.03772961
2L	15126468	15163560	500	0.06616334	0.00218459	0.46531204	0.49002495	0.39738235	-0.77052563	1.55450933	0.07152019
2L	15163616	15189211	500	0.04901946	0.00334608	-0.02274067	-0.12171962	0.56598161	-1.34142251	1.51101354	-0.01313412
2L	15189217	15214252	500	0.04717443	0.00390478	-0.50619855	-0.51434297	0.29552537	-1.63012597	0.56429044	-0.01085082
2L	15214255	15232073	500	0.03745932	0.00467307	-0.22775924	-0.20964187	0.4080545	-1.41821602	0.61536363	-0.00605473
2L	15232113	15246270	500	0.04339259	0.00629935	-0.34177831	-0.36369984	0.2840191	-1.12922845	0.35146489	-0.08504095
2L	15246281	15260417	500	0.03607323	0.00604531	-0.37717535	-0.48164645	0.498623	-1.5159695	0.81364458	-0.06078516
2L	15260426	15275893	500	0.04784425	0.00562738	-0.10906277	-0.05201285	0.4834659	-1.51114411	1.14983098	-0.02706341
2L	15275903	15297476	500	0.04394587	0.00417505	-0.23786885	-0.25221139	0.2720021	-0.92858298	0.65047495	-0.03641463
2L	15297514	15319846	500	0.04907101	0.0039518	-0.47785558	-0.45564755	0.45476899	-1.6617189	0.63210858	0.06444081
2L	15319863	15338304	500	0.06153357	0.00507764	0.45859468	0.45449399	0.50442627	-0.63417406	1.67324315	-0.05216827
2L	15338442	15370550	500	0.04481789	0.00278417	0.20004448	0.16749027	0.37981136	-0.71047072	1.16229781	0.05146385
2L	15370760	15391016	500	0.04382971	0.00440252	-0.42617049	-0.47303186	0.23579914	-0.96854819	0.10047346	-0.09823591
2L	15391041	15410951	500	0.04164146	0.00409048	0.1114819	0.11053905	0.36587687	-0.87304758	1.17537245	-0.05933945
2L	15410983	15455451	500	0.03027383	0.00205018	-0.45097827	-0.46200278	0.69253942	-1.72138655	1.67105075	-0.08911418
2L	15455454	15476909	500	0.03623389	0.00431581	-0.20604802	-0.1968385	0.41034023	-1.38390045	1.09728758	-0.04401034
2L	15476950	15498485	500	0.024343	0.00384354	-0.86510055	-0.83232084	0.30627662	-1.80550455	-0.11332283	-0.17180646
2L	15498558	15519665	500	0.04094281	0.00385813	-0.12292707	-0.21662101	0.45292837	-1.06647142	0.67938646	0.00160982
2L	15519694	15543474	500	0.04071907	0.0035285	-0.43593431	-0.32676535	0.51915123	-1.82001932	0.74235959	-0.00942805
2L	15543495	15573080	500	0.03968667	0.00298872	-0.12830129	-0.1434621	0.32546163	-0.94199804	0.99633521	0.00437503
2L	15573083	15598716	500	0.04376969	0.00318564	0.14698995	0.09904135	0.43540881	-0.65856657	1.15822942	-0.05660866
2L	15598853	15628585	500	0.04930729	0.00276746	-0.49796367	-0.50882884	0.24502849	-1.31840021	0.21908898	-0.1618127
2L	15628633	15666383	500	0.05089001	0.00219502	-0.31333186	-0.3008427	0.32647193	-1.02995655	0.61973076	-0.04076323
2L	15666386	15686434	500	0.05751973	0.00425183	0.81855921	0.87852229	0.32782372	0.14261111	1.51109041	-0.08430662
2L	15686435	15732106	500	0.06772982	0.00233781	1.12870961	1.10844255	0.45287403	-0.05914584	2.37821789	0.08129594
2L	15732114	15768032	500	0.06817309	0.00275291	1.05643285	0.97602255	0.54699346	-0.09347304	2.25787966	0.07830126
2L	15769594	15795044	500	0.03262829	0.00331934	0.71311439	0.68696485	0.37279832	-0.00131643	1.84577614	-0.1744684
2L	15795168	15829369	500	0.03696807	0.00271777	1.0207241	0.95372552	0.60943026	-0.50896247	2.31400751	-0.05229448
2L	15829437	15867856	500	0.03739837	0.00233038	0.41267969	0.45505979	0.42961344	-0.59947119	1.46068782	0.00647475
2L	15867864	15907064	500	0.02675013	0.00235909	0.23101051	0.15074323	0.40103296	-0.60353325	1.57301737	-0.02627172
2L	15907068	15937046	500	0.04413211	0.00313061	-0.02373061	-0.10473475	0.35845711	-0.65615906	1.32424962	-0.03476239
2L	15937064	15984005	500	0.04066201	0.00204538	-0.37336489	-0.20868668	0.49334797	-1.68813282	0.38774757	0.05110816
2L	15984041	16008451	500	0.0281378	0.00365476	-0.65413115	-0.59324585	0.41708225	-1.91798419	0.17274847	-0.03888151
2L	16008481	16025832	500	0.02876501	0.00538591	-0.90520168	-0.89917668	0.32292553	-1.6899793	-0.0522694	-0.16227166
2L	16025834	16045110	500	0.03451081	0.00440671	-0.50060096	-0.52004714	0.23030811	-1.17814919	0.26061925	-0.09223507
2L	16045134	16065251	500	0.04507323	0.00440023	-0.47293753	-0.44341862	0.24094183	-1.16410386	0.12863891	-0.09100737
2L	16065263	16135552	500	0.02423465	0.00132494	-0.05301124	-0.17724239	0.58342035	-1.0537523	1.62422922	-0.10736913
2L	16135598	16158696	500	0.03389918	0.00339306	-0.1551876	-0.22258478	0.43845515	-1.00090207	1.608743	-0.14934059
2L	16158701	16183695	500	0.0437796	0.00365523	0.34545485	0.35325049	0.33617589	-0.62198238	1.19343086	-0.05579402
2L	16183738	16209772	500	0.04861827	0.00376027	0.63403097	0.57997325	0.40030253	-0.43910993	1.90731993	0.02350199
2L	16209775	16259726	500	0.05069783	0.00196665	0.30656067	0.23126815	0.60549076	-0.75500158	1.42662179	-0.08672761
2L	16259751	16315165	500	0.0420082	0.00174583	-0.18745389	-0.32473441	0.55911494	-1.2247337	1.45797335	-0.18034303
2L	16315174	16345007	500	0.04405221	0.00254171	0.30192341	0.268482	0.57073723	-0.85052363	1.67574385	-0.10280252
2L	16345025	16385868	500	0.0592599	0.00175938	0.33592028	0.43422285	0.54026879	-1.14943029	1.38153167	0.0100087
2L	16385892	16425164	500	0.04380935	0.00206804	-0.52124398	-0.56644777	0.436983	-1.65150193	0.68428036	-0.00606621
2L	16425175	16453006	500	0.04217008	0.00297502	0.01964269	0.01322208	0.28308671	-0.8709804	0.87603917	-0.0315956
2L	16453062	16510611	500	0.02668867	0.00161952	-0.53023633	-0.545529	0.29338686	-1.25404917	0.23794131	-0.10960653
2L	16510618	16541104	500	0.0440593	0.00329706	-0.35315329	-0.353842	0.48405052	-1.3662202	0.95517349	-0.09346278
2L	16541166	16571598	500	0.04556137	0.00316642	0.26282855	0.26604587	0.33430465	-0.65549656	1.08328804	0.05341441
2L	16571599	16604283	500	0.03070768	0.00240227	0.26086076	0.2884604	0.34454045	-0.64971397	1.19162474	-0.11088013
2L	16604289	16623760	500	0.08227167	0.00515728	0.44109667	0.47026191	0.34520872	-0.30895998	1.67789483	0.07062523
2L	16623805	16646557	500	0.05636479	0.00410471	0.82944285	0.9651317	0.57474829	-0.6407247	1.95169645	-0.13072995
2L	16646615	16675633	500	0.05897031	0.00318033	0.6743698	0.6784878	0.46806374	-0.50228438	2.1299588	0.04011618
2L	16675651	16693084	500	0.0453298	0.00508288	0.17150651	0.17071594	0.70158257	-1.15215584	1.79994409	-0.11903807
2L	16693109	16730444	500	0.04370369	0.002309	-0.66802077	-0.65086817	0.41731596	-1.53663446	0.4767083	-0.02691425
2L	16730446	16756717	500	0.04067189	0.00315172	-0.01543481	-0.07783617	0.37161694	-0.97272086	1.18711801	-0.06153096
2L	16757443	16795412	500	0.05392713	0.00214049	-0.49678478	-0.48126263	0.50531897	-1.55689695	0.53977956	0.05730405
2L	16795425	16817673	500	0.02991887	0.00338774	-1.20091945	-1.20636149	0.29484726	-1.93952203	-0.27114761	-0.18105441
2L	16817687	16854075	500	0.03618756	0.00212777	-0.31653396	-0.29634806	0.29506861	-1.01149847	0.3747915	-0.03600157
2L	16854081	16879366	500	0.03889542	0.00308745	0.10431764	0.09067295	0.50269921	-1.11796272	1.43215042	-0.01017386
2L	16879413	16916417	500	0.04537808	0.00180256	-0.06459513	-0.04607347	0.61517349	-1.37974555	1.64592897	-0.12869908
2L	16916427	16940286	500	0.02605816	0.00245924	-0.48753832	-0.52314423	0.26792521	-1.24888197	0.6880754	-0.17530599
2L	16940291	16961296	500	0.02285623	0.0037256	-0.47117004	-0.46605062	0.24776202	-1.2083927	0.19341765	-0.0966181
2L	16961298	16989723	500	0.02468219	0.00277849	-0.21968443	-0.2472263	0.34810492	-1.10436688	0.82596281	-0.11861353
2L	16990161	17018952	500	0.03781438	0.00271106	0.76724854	0.80656787	0.39517842	-0.40924384	1.59192052	-0.04796883
2L	17018955	17059538	500	0.04189775	0.00184375	0.67072019	0.57193619	0.65998121	-0.74625644	2.33610761	0.05087868
2L	17059539	17076696	500	0.02397756	0.00490689	0.31980648	0.32438397	0.30669631	-0.39944373	1.27749851	-0.07260326
2L	17076697	17111202	500	0.03243785	0.00233675	0.06785444	-0.04992482	0.46567628	-0.79744425	1.68694294	-0.00774139
2L	17111266	17130309	500	0.05305813	0.00433654	-0.09212355	-0.05482575	0.22335467	-0.73749837	0.46281839	-0.09078936
2L	17130317	17151371	500	0.03777838	0.00409932	0.07717019	0.00274435	0.47671791	-0.89386988	1.41126802	-0.05556454
2L	17151508	17175806	500	0.03192647	0.003066	0.01800904	-0.01817361	0.35344408	-0.80736921	1.05435882	-0.04557079
2L	17175809	17196517	500	0.0185963	0.00359735	-0.30131648	-0.31355469	0.25441668	-1.11414437	0.60983698	-0.072718
2L	17196518	17224801	500	0.01161995	0.00263448	-0.3260968	-0.32898773	0.1983478	-0.82484638	0.22393466	-0.10641679
2L	17224824	17251989	500	0.01585347	0.00255683	-0.434831	-0.50062433	0.30572483	-1.19409066	0.54634483	-0.11011138
2L	17252004	17289013	500	0.02521575	0.00223291	-0.24679067	-0.26810197	0.33663623	-0.96172069	0.93072852	-0.09673284
2L	17289026	17318687	500	0.01839421	0.00284002	-0.19477482	-0.22711968	0.30290423	-0.93027708	0.77840888	-0.06504197
2L	17318743	17341756	500	0.0138986	0.00351824	-0.27060987	-0.29951136	0.2484602	-0.78198776	0.56423704	-0.14292669
2L	17341771	17372708	500	0.03010552	0.00272783	-0.16548394	-0.22432651	0.37473367	-0.914609	1.37877294	-0.09313004
2L	17372709	17421129	500	0.03028699	0.00144391	-0.1999729	-0.24927269	0.31166765	-0.82423716	0.89065034	-0.04990792
2L	17421155	17458229	500	0.02852438	0.00213729	-0.09977428	-0.0796155	0.41726664	-0.95933592	0.86079154	-0.10803461
2L	17458368	17482833	500	0.03628252	0.0034221	-0.14911288	-0.1848271	0.33527019	-1.40719688	0.87212875	-0.03783739
2L	17482878	17518088	500	0.03218586	0.00276219	0.14526467	0.05439973	0.49683956	-0.77732212	1.59561967	-0.02421789
2L	17518106	17576647	500	0.0326971	0.00135284	0.05655523	-0.03506979	0.49322392	-0.87311283	1.55222307	-0.10988191
2L	17576649	17608430	500	0.04138889	0.00237808	0.4708888	0.40348616	0.42322522	-0.32566601	1.89756501	-0.06426174
2L	17608484	17648929	500	0.02676277	0.00208642	-0.30720841	-0.3103553	0.37318701	-1.1099599	0.66674778	-0.05611529
2L	17648934	17666442	500	0.03479061	0.00444022	-0.25683667	-0.28652485	0.38690233	-1.32473176	0.92776553	-0.03947816
2L	17666443	17685205	500	0.03183443	0.00399173	-0.04049341	-0.11595672	0.31575069	-0.64222762	0.97016093	-0.02935819
2L	17685233	17702938	500	0.05995393	0.00487483	0.55955124	0.51403016	0.54592292	-0.55786668	1.8070383	0.03257783
2L	17702956	17726414	500	0.04676774	0.00376556	0.41172319	0.37437259	0.49813773	-0.65140679	1.4898962	0.060402
2L	17726418	17742676	500	0.03774571	0.00507942	0.49878923	0.51574688	0.38208894	-0.51814229	1.48510273	-0.02897955
2L	17742681	17785697	500	0.03832319	0.00208668	0.29442004	0.27497149	0.42865419	-0.69742119	1.39561626	-0.03483123
2L	17785704	17808512	500	0.02551087	0.00379313	0.27120075	0.244537	0.32283887	-0.47366981	1.3016385	-0.08068087
2L	17808694	17837523	500	0.02112377	0.00288614	0.3537613	0.36993075	0.37539083	-0.63335425	1.48753203	-0.0699069
2L	17837574	17876756	500	0.03434682	0.00234982	-0.07944549	-0.0926204	0.38565889	-1.10687772	1.24452014	-0.05431389
2L	17876843	17916789	500	0.04131376	0.00220356	-0.06185113	-0.05582277	0.31476938	-0.7803355	1.24713989	-0.02363272
2L	17916798	17946274	500	0.04492749	0.00267908	-0.15905962	-0.23291113	0.36717789	-0.98956858	0.93013863	0.0005198
2L	17946277	17972017	500	0.03289487	0.00351402	-0.34940152	-0.35331069	0.29405425	-0.99959073	0.80933985	-0.02511285
2L	17972023	18005137	500	0.03052002	0.00274991	-0.55017652	-0.6812556	0.55057445	-1.49339105	0.75571561	0.00405376
2L	18005179	18035564	500	0.03543533	0.00271914	-1.0341025	-1.09476267	0.47730935	-2.04660532	0.26768571	-0.02599634
2L	18035594	18062897	500	0.02680634	0.00384438	-0.24963935	-0.2583978	0.28734845	-0.82655717	0.51528867	-0.11699571
2L	18062914	18095695	500	0.03042811	0.00278861	-0.10802306	-0.16124818	0.39971609	-1.03572279	0.99043791	-0.03687358
2L	18095704	18122621	500	0.02717189	0.0028692	-0.21651544	-0.24205306	0.41008755	-1.13922967	0.91269069	-0.05785932
2L	18122642	18155069	500	0.0298671	0.00247988	-0.25255974	-0.30740871	0.40479397	-1.38033997	1.14231828	-0.06719906
2L	18155072	18177139	500	0.03061259	0.00385102	-0.10023133	-0.0497395	0.46426667	-1.29458517	1.06980635	-0.04434308
2L	18177149	18197788	500	0.02069094	0.00377637	-0.15736681	-0.14443088	0.21699316	-0.72568707	0.41321851	-0.06188665
2L	18197812	18227883	500	0.02925354	0.00267872	-0.18305189	-0.18766095	0.26764628	-1.03412375	0.52454034	0.03318595
2L	18227922	18273812	500	0.02879047	0.00182593	-0.47035774	-0.50045935	0.25097117	-0.96138799	0.25420527	-0.07894832
2L	18273864	18307342	500	0.03188046	0.0028385	-0.50651139	-0.54105364	0.42194117	-1.42392936	1.24410836	-0.09972752
2L	18307362	18361446	500	0.04595669	0.00180904	-0.01792852	-0.17202317	0.56222854	-0.98005639	1.9047688	0.099941
2L	18361461	18386078	500	0.03941987	0.00326468	-0.32987477	-0.33576062	0.29319075	-0.96307276	0.77675619	-0.04690176
2L	18386092	18421234	500	0.04472267	0.00267464	0.06291563	-0.00857341	0.58125808	-0.72241584	1.87909707	0.01798305
2L	18421289	18493055	500	0.03594408	0.00136879	0.33735236	0.28172382	0.45888365	-0.70381751	1.68872071	0.01600955
2L	18493085	18551601	500	0.03395316	0.00163113	-0.79037221	-0.73525731	0.54996764	-2.35044219	0.24263106	-0.05314355
2L	18551627	18587311	500	0.03556438	0.00247329	-0.50399295	-0.70366151	0.51252734	-1.31809479	0.92377034	-0.04553637
2L	18587334	18608844	500	0.05939134	0.00351445	0.14547165	0.15355897	0.25554004	-0.40054358	0.84944116	-0.08478852
2L	18608845	18645881	500	0.04690397	0.0021812	-0.23829595	-0.2100788	0.33691421	-1.15913292	0.57174938	-0.04418245
2L	18648590	18686096	500	0.03657511	0.00248729	-0.79114051	-0.74340355	0.38775945	-1.84212564	0.39305519	-0.08076119
2L	18686098	18715084	500	0.05246891	0.00288192	0.1993509	0.20978374	0.3521093	-0.65397617	1.15468444	-0.03952405
2L	18715085	18771768	500	0.03379034	0.00170454	0.31364526	0.18767617	0.5914971	-0.72006727	1.96219181	-0.00553841
2L	18771775	18829526	500	0.03691387	0.00163018	0.19246426	0.17215456	0.34242218	-0.50755183	1.47001034	0.01608986
2L	18829537	18884451	500	0.1047665	0.00177837	1.27077142	1.38918483	0.65448013	-0.45234949	2.72048088	0.4954802
2L	18884558	18918244	500	0.03824325	0.00250694	0.50787061	0.45823641	0.530489	-0.70708382	1.83976346	-0.07573563
2L	18918252	18974647	500	0.05869594	0.00152598	0.9950783	0.93802229	0.79920027	-1.04777097	2.93205688	0.02818334
2L	18974661	19003362	500	0.02941742	0.00295827	0.65545179	0.69893317	0.47163549	-0.37222104	1.63206424	-0.05217975
2L	19003363	19049489	500	0.05415632	0.00182964	0.25192494	0.06263652	0.57441438	-0.74172433	1.97515313	-0.05824943
2L	19049570	19110036	500	0.06253112	0.00157176	0.30875712	0.33020095	0.33896522	-0.54132913	1.4573747	0.1253786
2L	19110042	19156946	500	0.03670308	0.00199213	0.50767528	0.59353917	0.49960948	-0.53717562	1.75747113	-0.03582946
2L	19156955	19209641	500	0.0598041	0.00226252	0.79831158	0.736062	0.50075948	-0.72139753	2.19834684	0.1231412
2L	19209650	19237878	500	0.02038517	0.00392471	0.44285368	0.42634955	0.18095234	-0.0548892	1.15833567	-0.06645326
2L	19237947	19268428	500	0.03802707	0.00307261	-0.24614837	-0.32271128	0.46690515	-1.28612153	0.70762136	-0.03073506
2L	19268437	19299354	500	0.04689526	0.00304424	-0.61380123	-0.51452108	0.54971638	-2.02827147	0.44694967	-0.03148086
2L	19299365	19327905	500	0.04604525	0.00348437	-0.96932349	-0.96182524	0.29580969	-2.02529347	-0.32302176	-0.19027941
2L	19327918	19379133	500	0.04362127	0.00185338	-1.20334612	-1.17920542	0.35244727	-1.8862611	-0.28047993	-0.20105339
2L	19379134	19415445	500	0.03207082	0.00267627	-0.52341999	-0.35853153	0.5037392	-1.86734613	0.50818339	-0.13427538
2L	19415451	19440809	500	0.04911763	0.00407272	-0.81615779	-0.81964137	0.49646529	-1.97899519	0.12251784	0.03335806
2L	19440815	19465345	500	0.05149237	0.00379308	-1.27338897	-1.28297628	0.23294315	-1.69494088	-0.85606443	-0.01323738
2L	19465355	19503673	500	0.02119478	0.0022625	-0.5456185	-0.58755107	0.31149459	-1.40002732	0.18490767	-0.10510877
2L	19503737	19522753	500	0.02553723	0.00472186	-0.9267781	-0.898932	0.26557871	-1.8279097	-0.27336417	-0.13321979
2L	19522760	19551591	500	0.02833588	0.00315732	-0.56214698	-0.56677864	0.19671186	-1.10522195	-0.08587946	-0.03517545
2L	19551604	19584366	500	0.03076268	0.00281858	-0.53518812	-0.57528909	0.30169661	-1.58467982	0.54333976	-0.07097397
2L	19584376	19615819	500	0.04670765	0.00253894	-0.43566984	-0.42096361	0.42227156	-1.34138299	0.52797196	-0.02124615
2L	19615834	19645637	500	0.06592173	0.00305091	0.71380123	0.69190319	0.53477747	-0.41470228	1.76176259	0.05648941
2L	19645659	19674126	500	0.05116385	0.00357807	0.8957407	0.77982568	0.45663695	-0.05260368	1.81217845	0.03603147
2L	19674141	19703784	500	0.03863635	0.00320661	0.13529664	0.22137528	0.64914631	-1.16031602	1.33731084	-0.11714487
2L	19703837	19753228	500	0.04811638	0.00188669	-0.13380071	-0.09003901	0.40369341	-0.99998184	0.71808782	0.01573417
2L	19753230	19793379	500	0.04839496	0.00225145	0.14532872	0.12830681	0.50775486	-1.03672054	1.66696751	-0.0649387
2L	19793399	19817325	500	0.03311444	0.0037884	0.43720945	0.38400135	0.46363412	-0.57560097	1.59646975	-0.07671091
2L	19817333	19841925	500	0.0414143	0.00379623	0.12099556	0.14032888	0.27740105	-0.55209172	0.98886005	-0.04309243
2L	19841927	19862985	500	0.06497901	0.00399135	0.98762088	0.99947445	0.48542678	-0.12019753	2.14070138	0.05559444
2L	19863067	19881746	500	0.06889053	0.0046695	1.09436077	1.15775323	0.4175409	0.048727	2.01040408	0.00759919
2L	19881761	19916314	500	0.04459817	0.00260744	0.74650538	0.6525469	0.4713112	-0.53219956	1.91058566	-0.00193561
2L	19916347	19944059	500	0.02790138	0.00351629	-0.34274204	-0.37580585	0.37531366	-1.3589833	0.62225104	-0.06301109
2L	19944129	19971681	500	0.0370368	0.00299155	-0.29760497	-0.32065916	0.41266398	-1.20512391	0.63467158	-0.06683189
2L	19971787	20001358	500	0.068118	0.00277389	-0.08043084	0.04166082	0.39775241	-1.43415154	0.49878598	-0.04138282
2L	20001370	20017326	500	0.06244139	0.00555172	-0.45289744	-0.58824974	0.51870324	-1.23013188	0.58476376	-0.1224917
2L	20017335	20048135	500	0.04636808	0.00327593	-0.05928193	-0.18132772	0.36921225	-0.76721508	0.95661756	-0.03737844
2L	20048151	20068223	500	0.05607908	0.00391138	0.16491383	0.17419402	0.20364189	-0.33827984	0.75646861	-0.02877302
2L	20068226	20084881	500	0.06685151	0.00517242	0.79596787	0.80247074	0.31478263	-0.0159407	1.88102988	0.03397765
2L	20084899	20102699	500	0.04559007	0.00492637	0.8655726	0.84321616	0.41349262	0.11447312	1.80753861	-0.04185325
2L	20102701	20121304	500	0.06002978	0.00487022	0.38875232	0.46317785	0.41162021	-0.64844021	1.30169652	0.01003165
2L	20121345	20139547	500	0.04214731	0.00480017	0.10502253	0.06603592	0.406971	-1.11908229	1.09855507	-0.08405419
2L	20139552	20163490	500	0.04893484	0.0035115	0.6355746	0.60584558	0.43160116	-0.2851423	1.86766175	0.00042801
2L	20163497	20195354	500	0.05103167	0.00299858	1.53565737	1.7584225	0.72369598	-0.26388673	2.75400996	-0.05355661
2L	20195381	20218848	500	0.06698957	0.00434043	1.22631986	1.09928854	0.66636085	0.11623398	2.82079503	0.16144102
2L	20218915	20252184	500	0.09221214	0.00247733	1.5309942	1.51331669	0.48436898	0.52846902	2.57534412	0.08435947
2L	20253504	20290734	500	0.05246402	0.00253571	0.83996621	0.87934565	0.43781784	-0.04185348	2.12436677	-0.04950633
2L	20290740	20330261	500	0.09339561	0.00267147	0.58711992	0.44743741	0.43716218	-0.46197263	1.6579213	0.07461814
2L	20330285	20365674	500	0.08512818	0.00297014	1.22190497	1.20150856	0.51629576	0.01804713	2.40948767	0.09321731
2L	20365692	20419417	500	0.06796603	0.00167129	0.41925798	0.28892509	0.87522762	-1.1801138	2.26488162	0.03040927
2L	20419420	20447573	500	0.05038959	0.00313248	-0.13080147	-0.18625977	0.42777589	-0.89982637	1.07238557	-0.06521408
2L	20447578	20468530	500	0.03028154	0.00446783	0.00420185	-0.03281156	0.3447291	-0.71656456	1.06441967	-0.09636567
2L	20468535	20512659	500	0.04427417	0.00224722	0.22466954	0.20721642	0.35098773	-0.62277585	1.15547158	0.04772336
2L	20512671	20625780	500	0.05086514	0.00082218	0.30702134	0.26020132	0.46363177	-0.64229901	2.79440647	0.08152542
2L	20625826	20701313	500	0.04260753	0.00097486	0.72195472	0.59545129	0.71854184	-0.61478574	2.43118012	0.09296488
2L	20702374	20825853	500	0.04382875	0.00047863	0.07174374	0.0414017	0.29833303	-0.59546638	0.92477996	0.02819481
2L	20825891	20908450	500	0.03316246	0.00086034	0.032868	0.01432048	0.32570496	-0.70310524	1.17307798	-0.03491155
2L	20908704	20998551	500	0.04142082	0.00079001	-0.10159235	-0.09360058	0.42483669	-0.98780416	1.32720582	0.02625572
2L	20998621	21079137	500	0.05718193	0.0009093	0.54607476	0.53075098	0.36855062	-0.2910505	1.45773808	0.06151497
2L	21079147	21104117	500	0.05586957	0.00334866	1.26193135	1.23963825	0.35486684	0.33836549	2.34653518	0.08845565
2L	21104121	21151882	500	0.03896942	0.00150456	0.66805969	0.65682269	0.46761995	-0.5326827	1.97144172	0.11283765
2L	21151901	21233750	500	0.06926117	0.00091723	0.07066769	0.04630331	0.44670946	-1.00005667	1.63038983	0.03482671
2L	21233761	21317331	500	0.05848165	0.00093907	0.32493275	0.24664587	0.46881637	-0.72788166	1.75641216	0.02030078
2L	21317951	21359737	500	0.06816834	0.00173055	0.95861692	0.90128783	0.382509	0.29596707	2.21109738	0.06048232
2L	21359767	21446973	500	0.05899687	0.00084782	0.51188757	0.50976487	0.52518024	-0.86586306	1.75850505	0.02105805
2L	21446994	21505813	500	0.05976542	0.00125782	0.29830918	0.26116254	0.52512418	-0.60422732	2.12409544	-0.03276593
2L	21505833	21566646	500	0.04438157	0.0011142	0.11155755	0.12002666	0.29355139	-0.49103019	0.91757926	0.05515844
2L	21566665	21630810	500	0.0255146	0.00109142	0.28995516	0.28355697	0.5429	-0.89999035	1.83032627	-0.0208331
2L	21630812	21694864	500	0.04188348	0.00115019	0.01830244	-0.0496282	0.4748239	-0.90402933	1.90699305	0.06191655
2L	21694866	21737364	500	0.05207512	0.00192527	-0.15107609	-0.18888378	0.38606084	-1.38362698	0.89981495	0.01409341
2L	21737370	21818410	500	0.05552928	0.00099329	0.09262436	0.03054004	0.50543512	-1.08997573	2.21493724	0.08884576
2L	21818487	21866428	500	0.06607947	0.00149135	1.26988083	1.1614545	0.6281245	-0.24581417	2.70154609	0.07187589
2L	21866544	21895302	500	0.08753605	0.00288718	1.31470871	1.20567643	0.58504387	0.08142282	2.85326616	0.08347598
2L	21895520	21932173	500	0.04718821	0.00197291	1.08233171	1.04482694	0.35996812	0.24537171	2.15174819	-0.0497817
2L	21932176	21961905	500	0.05484436	0.0025605	0.78817528	0.76303491	0.38963827	-0.22418344	1.60426443	0.03016832
2L	21962068	22020134	500	0.09589348	0.00128276	1.17382244	1.15126618	0.56520088	0.06260591	2.60277947	0.11459315
2L	22020208	22079871	500	0.06334024	0.00137025	1.16619883	1.1763166	0.5948749	-0.00150608	2.88453326	0.06721749
2L	22079881	22126997	500	0.0690199	0.00196352	1.11263682	1.01346268	0.59945171	0.18498366	2.91518939	-0.29321162
2L	22127072	22175163	500	0.04402764	0.00168748	0.77388159	0.72618918	0.62874204	-0.74299087	2.59706903	-0.26823298
2L	22175180	22206944	500	0.02064513	0.00236548	0.13058492	0.18522703	0.39662176	-0.90597497	1.07885488	-0.12027725
2L	22207022	22258293	500	0.03967283	0.00158098	-0.18644774	-0.20592659	0.36145429	-1.27452441	1.01403443	-0.08041697
2L	22258302	22296905	500	0.03488971	0.00259261	0.12166916	0.01924799	0.44871976	-0.65646008	1.2160272	-0.07313106
2L	22296917	22341079	500	0.03928146	0.00239433	0.40371599	0.37279532	0.41489712	-0.47750849	1.44373995	-0.14179078
2L	22341113	22366054	500	0.0494943	0.00331614	0.51705683	0.54456519	0.36234554	-0.30527978	1.48988648	-0.06299962
2L	22366076	22406961	500	0.03568264	0.00209878	0.73575345	0.60925171	0.49263196	-0.23286143	2.73532677	-0.14420029
2L	22407022	22433460	500	0.04745678	0.00336744	1.11499878	1.11378108	0.34918105	0.31446265	2.03538663	-0.14501494
2L	22433505	22481394	500	0.0463806	0.00186673	0.93226511	0.87833164	0.51751244	-0.23430737	2.02282802	-0.26088969
2L	22481420	22546024	500	0.09851867	0.00157847	1.38816562	1.53451104	0.49616969	0.05995595	2.31408991	-0.28475537
2L	22546026	22581853	500	0.09351213	0.00317423	2.03819926	2.13383409	0.35424137	0.93568799	2.65019621	-0.23499313
2L	22581881	22638463	500	0.07834429	0.00260195	0.43947451	0.53732001	0.58807739	-0.6347656	1.67663052	-0.46959963
2L	22638605	22692896	500	0.05460017	0.00265302	0.1798713	0.07336177	0.45113264	-0.89670906	1.03386456	0.09006199
2L	22692950	22722519	500	0.07569154	0.00383712	-0.11338101	-0.18879508	0.44445546	-0.89348523	0.70510358	0.13967506
2L	22722525	22830926	500	0.035731	0.00076694	-0.09634238	-0.13549337	0.29061756	-0.92231702	0.74537515	-0.09077789
2L	22830927	22871373	500	0.03913455	0.0021414	0.0010917	-0.08106484	0.40938971	-0.86335911	0.97665554	-0.10064543
2L	22871388	22909645	500	0.05469318	0.00210618	0.24350583	0.16167598	0.44190218	-0.62618757	1.6898525	-0.22904966
2L	22909659	22969557	500	0.03911365	0.001447	0.10478226	0.14918954	0.3575032	-0.96090917	0.97463167	-0.13522772
2L	22969572	23003908	500	0.05138059	0.00258313	0.2749628	0.29817019	0.44618463	-0.94021812	1.48040375	-0.08831101
2L	23003909	23062097	500	0.06297898	0.00126896	0.09043171	0.04833579	0.35609959	-0.90637227	1.15703381	0.02407569
2L	23062112	23114553	500	0.02537158	0.00139926	-0.16413371	-0.24491471	0.38931104	-1.02714527	1.00042068	0.00995133
2L	23114622	23166946	500	0.02122514	0.00143109	-0.28200813	-0.31354408	0.19038772	-0.75913847	0.33330573	-0.06364216
2L	23167077	23222593	500	0.02997526	0.0014939	-0.26559749	-0.2226809	0.28201125	-0.93110502	0.65090278	-0.03838814
2L	23222596	23258583	500	0.0240909	0.00214573	-0.17590199	-0.22364521	0.27144135	-0.69895323	0.6304759	-0.04179588
2L	23258584	23305079	500	0.03451396	0.00178113	-0.12678494	-0.16015579	0.32227845	-0.81567011	0.72316308	-0.07591921
2L	23305093	23372131	500	0.06214215	0.00097666	0.58891177	0.46726869	0.61159877	-0.45489151	2.5793584	0.07496236
2L	23372168	23408618	500	0.08626874	0.0019328	0.85128462	0.82248082	0.35973345	-0.33363171	1.7928589	-0.00772992
2L	23408626	23471810	500	0.08530246	0.00112519	0.78177995	0.63556531	0.52673161	-0.26493553	2.47817481	0.10472561
2L	23471812	23547972	500	0.06060591	0.00108239	0.75655979	0.6493839	0.70369616	-0.50266565	2.69041545	0.0868952
2L	23547978	23595366	500	0.06060486	0.0016567	0.39275762	0.36814128	0.53686988	-0.88819738	1.60993763	0.06360322
2L	23595368	23643737	500	0.04625741	0.00154957	0.3208162	0.34002648	0.43038316	-0.50310784	1.46415643	0.07077439
2L	23643785	23683454	500	0.03368495	0.00205654	0.01231332	-0.00674476	0.38971619	-0.72348215	1.14311723	-0.06279309
2L	23683478	23741284	500	0.03739273	0.0011162	-0.172592	-0.24795883	0.45156033	-1.05010557	1.21235071	-0.06260951
2L	23741370	23805581	500	0.05179218	0.00118147	0.61478488	0.6242577	0.57756144	-0.68831522	2.11427763	-0.0593624
2L	23805621	23856978	500	0.08094127	0.00169095	0.94946937	0.72748513	0.56529173	0.16453487	2.82145166	0.13353654
2L	23857004	23896886	500	0.04301379	0.00192629	0.62891576	0.40772593	0.69036006	-0.49372162	2.66385266	0.09639557
2L	23896900	23924690	500	0.05177401	0.00324473	1.23594771	1.19083562	0.33240183	0.68744464	2.33103734	-0.02790101
2L	23924703	23978916	500	0.05544048	0.00157788	0.79695321	0.87408277	0.46498426	-0.95965123	1.87239747	-0.00990996
2L	23978961	24011469	500	0.08199542	0.00269583	-0.40498977	-0.49415113	0.25800359	-0.78571051	0.40985706	-0.1251307
2L	24011546	24047453	500	0.0729697	0.00252736	-0.60576894	-0.5780831	0.15075989	-1.01420574	-0.20317882	-0.03867498
2L	24047466	24123905	500	0.06524526	0.00103933	-0.6180708	-0.62592878	0.26705119	-1.20213929	0.40882086	-0.0765847
2L	24123906	24199766	500	0.03666735	0.00089988	-0.28191501	-0.24701703	0.37857408	-1.37206012	0.88713601	-0.10269926
2L	24199771	24240885	500	0.05687593	0.00166036	-0.00349691	-0.09841573	0.52299466	-1.09965279	1.83930782	0.0292963
2L	24240900	24291909	500	0.0648758	0.00153279	0.62938069	0.69548196	0.38082632	-0.65201221	1.39573523	0.04378782
2L	24292014	24334629	500	0.04627511	0.00199115	0.69179071	0.70596944	0.47605483	-0.62465284	2.32713967	0.08604613
2L	24334657	24376685	500	0.03669633	0.00199841	0.73683749	0.86732604	0.70568444	-0.95176388	1.90429419	-0.15354003
2L	24377265	24403080	500	0.05590129	0.00317134	0.86815722	0.92931088	0.3882123	0.10546333	1.96495893	-0.07594216
2L	24403093	24459392	500	0.05071026	0.00156909	0.85553507	0.93177969	0.51468929	-0.70435646	2.16466483	0.00240152
2L	24459450	24488772	500	0.04590847	0.00205029	0.62541894	0.62466185	0.37306759	-0.121447	1.61750595	0.00684191
2L	24488844	24520352	500	0.02810465	0.00230079	0.61265986	0.67043784	0.36723741	-0.46576856	1.47019947	-0.02520464
2L	24520369	24555650	500	0.03224936	0.0021711	0.45148953	0.45571516	0.68508759	-0.71185142	2.00147806	-0.09676726
2L	24555665	24582237	500	0.0372173	0.00329402	0.24108045	0.16551011	0.32169664	-0.28732465	1.34566645	-0.01992666
2L	24582252	24609517	500	0.05350324	0.00278896	1.28337639	1.30398648	0.73658814	-0.11202947	3.2368238	-0.13520477
2L	24609525	24637064	500	0.07527221	0.00329709	1.98662883	1.98138738	0.39112565	0.92155828	3.2166504	-0.16902978
2L	24637978	24678763	500	0.10237588	0.00249775	2.30972748	2.321703	0.61841706	0.79989935	3.98599711	0.0655423
2L	24679157	24773149	500	0.06955975	0.00093782	1.47494183	1.44272033	0.51830776	0.1992744	2.76501164	-0.00167171
2L	24773158	24824623	500	0.07122876	0.00166461	1.82770759	1.85162524	0.44040361	0.80264846	3.36468714	-0.12647314
2L	24824632	24921882	500	0.10245399	0.0008465	1.94889228	1.8560239	0.55787254	0.901594	3.6717664	0.39385601
2L	24921954	25008139	500	0.11145045	0.00104542	1.68133962	1.72155363	0.55804448	0.50269032	3.07104679	0.35785096
2L	25008154	25051757	500	0.05918666	0.00171004	1.66880695	1.69669161	0.42529224	0.63475276	2.69559052	0.02315778
2L	25051762	25104503	500	0.11582692	0.00158876	1.92239797	1.97550047	0.65492944	0.5200159	3.26563815	0.16191145
2L	25105010	25148075	500	0.18181329	0.00183162	3.09751777	3.1476289	0.48954702	1.68881302	4.10174069	0.12104148
2L	25148149	25254813	500	0.22288204	0.00083736	3.46088551	3.61153357	0.84280442	1.20623799	5.13565027	0.7652771
2L	25254962	25315926	500	0.27847182	0.00123062	3.83320607	3.96033938	0.61401752	1.98495805	5.20205293	0.84329951
2L	25315937	25458446	500	0.2628097	0.00065613	3.42457418	3.4783359	0.64980808	1.74845384	5.16564004	0.60403461
2L	25458493	25511685	500	0.12860397	0.00188876	3.49096044	3.51590802	0.5879719	1.88999172	5.17899357	-0.13473434
2L	25513510	25574394	500	0.18432509	0.00183312	3.29458798	3.44407626	0.91533723	1.25056699	5.38232641	-0.1250848
2L	25574397	25635215	500	0.14058534	0.00152156	2.80811791	2.88084535	0.81824458	0.58679267	4.22625623	0.18258739
2L	25635248	25669187	500	0.16816779	0.00274035	3.16369324	3.09722886	0.65919289	1.38264191	4.64102161	0.35512018
2L	25669241	25704254	500	0.13904112	0.0026161	2.55518519	2.61516953	0.44668519	1.32683792	3.47480997	0.21601081
2L	25705250	25758293	500	0.07818463	0.00129554	2.23860634	2.23247621	0.51326786	1.09287187	3.71423477	0.07675229
2L	25758310	25801276	500	0.13364034	0.00188616	2.51060175	2.53308804	0.50846433	1.48050937	3.81815628	0.1927303
2L	25801283	25883162	500	0.13066291	0.0010461	2.3382965	2.39709125	0.68981067	0.6977748	3.97622776	0.43625201
2L	25883184	25944678	500	0.12154831	0.00139401	2.33651793	2.4988973	0.80124761	0.49432079	4.0226416	0.23388712
2L	25944819	25980297	500	0.11940142	0.00231521	2.50341366	2.26721689	0.74035274	1.37478006	4.17120042	0.1410634
2L	25980304	26011747	500	0.1430839	0.00343553	2.39733886	2.42354376	0.48733837	1.2257404	3.66814729	0.06881236
2L	26011748	26047945	500	0.10438523	0.00257072	2.27919936	2.29781925	0.56042949	0.8550632	3.64173405	-0.03831929
2L	26048149	26131171	500	0.09065485	0.00108078	1.45589321	1.43214171	0.63677323	-0.35699104	2.8437412	-0.17374554
2L	26131224	26165378	500	0.09312826	0.00279556	2.07489299	2.15055059	0.50026974	0.3049676	3.10829866	0.00239005
2L	26165417	26197737	500	0.1002894	0.00293975	2.29668081	2.2246934	0.47210076	1.22436339	3.60473661	-0.09084673
2L	26197756	26237936	500	0.09275151	0.00246516	2.45103869	2.50587411	0.38999917	1.32170785	3.54687636	-0.06725643
2L	26237944	26285751	500	0.11738554	0.00200101	2.6924135	2.56157153	0.66145005	1.27668319	4.36468231	0.12201676
2L	26285773	26344905	500	0.14153252	0.00161956	2.15661856	2.04269057	0.82733188	0.64769526	3.69497749	0.20031454
2L	26344942	26391406	500	0.0523138	0.00192571	0.94488941	0.9569281	0.41589684	-0.20829831	1.82257501	-0.10687575
2L	26391409	26421188	500	0.05368441	0.00289723	1.05885877	1.06838612	0.35945522	0.13003327	1.89359252	-0.1127389
2L	26421233	26448466	500	0.08049675	0.00322159	1.32857502	1.28437792	0.3645444	0.39543731	2.33838878	-0.07783535
2L	26448471	26483840	500	0.05190233	0.00234546	1.11794181	1.09212846	0.39779121	0.23008588	2.11968626	-0.15203696
2L	26483868	26574575	500	0.06125984	0.0008987	0.24715268	0.28006177	0.36223411	-0.82939099	1.53431474	-0.03173328
2L	26574581	26635072	500	0.06823115	0.00121167	0.62343045	0.63629613	0.65292263	-0.70107946	2.8942972	0.06498008
2L	26635076	26683264	500	0.07683808	0.00173925	0.80657739	0.68190424	0.50681982	-0.09163363	2.43282061	0.09575304
2L	26683453	26741191	500	0.07845143	0.00149072	0.86647934	0.85378274	0.40658822	-0.18630412	1.80991067	0.08908671
2L	26741243	26798585	500	0.06606505	0.00136802	0.97682621	1.00176545	0.47347949	-0.33122879	1.95163668	0.12962394
2L	26800206	26829511	500	0.09970158	0.00309203	2.06512118	2.01916895	0.5817668	0.54561098	3.75051979	0.29481345
2L	26829519	26893617	500	0.07981555	0.0013953	0.55894137	0.53666837	0.48884689	-0.71147678	1.93794349	0.12166107
2L	26893643	26936498	500	0.05325354	0.00202372	0.39555674	0.31856078	0.51283978	-0.49729817	2.02034813	0.09179455
2L	26936583	26962957	500	0.06413267	0.0033768	0.79290534	0.81587082	0.50887422	-0.6598512	1.90075725	0.04772336
2L	26962990	26987796	500	0.07286377	0.00324603	1.19036385	1.24310629	0.58086144	-0.22066483	2.75657023	0.12082347
2L	26987816	27010506	500	0.05205498	0.00407579	1.94740212	1.9694602	0.43636376	1.10508276	3.08335756	0.16724681
2L	27010510	27032184	500	0.07095108	0.0047058	1.88813889	1.9431289	0.55808758	0.14843624	3.13257602	0.07962076
2L	27032196	27077838	500	0.06759517	0.00194341	0.92371681	0.92391234	0.64493682	-0.46406304	2.36312027	-0.01145893
2L	27078179	27119840	500	0.05263281	0.0018032	-0.24899015	-0.29420797	0.52245914	-1.54348874	1.89095855	-0.05087172
2L	27119875	27154166	500	0.08235944	0.00273542	-1.3138105	-1.33822168	0.41557088	-2.20760296	-0.37911865	-0.14126298
2L	27154217	27181107	500	0.05930908	0.00333769	-0.39267058	-0.37977533	0.2362605	-0.96473111	0.38392262	0.02113837
2L	27181142	27222005	500	0.04241815	0.00175099	-0.30816224	-0.29544512	0.61977315	-1.97462698	0.8688481	-0.08595886
2L	27222021	27291507	500	0.0733747	0.0010964	0.86752342	0.79715412	0.47035927	-0.06719246	2.14366072	-0.01390287
2L	27291536	27361090	500	0.12353472	0.00132971	1.5361318	1.43667889	0.67234784	0.12397153	3.24764799	0.08013708
2L	27361099	27406441	500	0.10046789	0.00172655	1.6913466	1.72808183	0.59906218	0.14159671	3.69317283	-0.05462368
2L	27406607	27453781	500	0.07568659	0.00192667	1.72431738	1.66519312	0.60959288	0.21225262	3.46304599	0.10683681
2L	27453796	27508536	500	0.06512516	0.00172815	1.76838873	1.82276643	0.61427438	0.31385156	3.45379271	0.02533781
2L	27508555	27553128	500	0.06787534	0.00166533	0.91762809	0.86220768	0.60899416	-0.25611966	2.42037906	0.06647169
2L	27553130	27628955	500	0.05811444	0.00110274	0.07814987	0.04592261	0.32519859	-0.79469391	1.20117594	0.00943501
2L	27628996	27681590	500	0.05112202	0.00168078	-0.13075308	-0.13167966	0.42295655	-1.12021186	1.28195246	0.07905854
2L	27681623	27717949	500	0.0275052	0.00232542	-0.06252603	-0.09792187	0.26456313	-0.64355617	0.81446564	0.02201039
2L	27717955	27736593	500	0.04711509	0.00433882	0.16147253	0.10330132	0.32305666	-0.48124955	1.12001376	0.04250274
2L	27736595	27770690	500	0.03653112	0.00256082	-0.6387291	-0.66203679	0.21054391	-1.27756605	-0.09134772	-0.02450474
2L	27770706	27812163	500	0.04361324	0.00206418	-0.1263054	-0.22252194	0.38655357	-0.88240293	0.94792712	-0.02896808
2L	27812244	27839650	500	0.04090412	0.00314194	-0.18087392	-0.19578416	0.33006741	-0.88265825	0.83802451	0.00812699
2L	27841263	27899693	500	0.02840238	0.00138341	-0.23967916	-0.22009821	0.31901588	-1.147629	0.73295776	-0.01572722
2L	27899711	27951936	500	0.03529295	0.00162855	-0.12908431	-0.0809241	0.38889582	-1.05395617	0.98992057	-0.02201491
2L	27951946	27978381	500	0.04794794	0.00262013	0.33926397	0.40009046	0.36662418	-0.51314017	1.23085367	-0.01553216
2L	27978388	28009898	500	0.04636103	0.0024143	0.48072345	0.3996726	0.43802312	-0.38260178	1.81059687	-0.08478852
2L	28009924	28041925	500	0.03912864	0.00266321	-0.07682204	-0.07761874	0.2824148	-0.76486863	0.83529541	-0.03584093
2L	28041951	28063540	500	0.03757277	0.00420962	0.65219097	0.61060261	0.3311122	-0.09817185	1.7280178	0.03286468
2L	28063545	28088044	500	0.04316052	0.00332804	0.19995886	0.24579452	0.35524087	-0.70431699	0.9993484	-0.04388413
2L	28088085	28119692	500	0.0420897	0.00249314	-0.04751584	-0.05549915	0.33238917	-0.83076125	0.78862456	0.00077223
2L	28119693	28147502	500	0.06033639	0.00299494	-0.20775645	-0.13861953	0.30486294	-0.86505161	0.67751918	0.06727486
2L	28147542	28186806	500	0.05900528	0.00185681	0.34255366	0.33936708	0.29847598	-0.25203419	1.20848585	0.1151898
2L	28186807	28232762	500	0.09036839	0.00205701	0.67382888	0.56391823	0.64777369	-0.52308702	2.12249103	0.26479777
2L	28232771	28260025	500	0.06610807	0.00423298	0.86803316	0.80390569	0.53501325	-0.20091429	2.44960323	0.16780903
2L	28260064	28324145	500	0.07883124	0.00151961	1.47665684	1.56203566	0.64906804	-0.1269858	2.69612548	0.18754411
2L	28324156	28361076	500	0.06149853	0.0022508	1.69578201	1.6700119	0.45818953	0.34789998	2.96427399	0.06301805
2L	28361082	28406013	500	0.079957	0.00190147	0.70793247	0.68018778	0.43959347	-0.34530027	1.81966376	0.03394323
2L	28406014	28457327	500	0.05055841	0.00178157	0.85881459	0.71697747	0.64536494	-0.32503788	2.65718014	0.01678977
2L	28457329	28500790	500	0.06764303	0.00227867	1.40832179	1.36279981	0.47315434	0.09690277	2.49202694	0.18163506
2L	28500890	28537399	500	0.12627455	0.00314761	1.73571214	1.82053606	0.61207037	0.40878519	3.01602946	0.29845067
2L	28537503	28567001	500	0.11499508	0.00369154	1.75114957	1.70596986	0.28585759	0.98417948	2.68991118	0.24176968
2L	28567002	28599069	500	0.10181263	0.00245354	1.65856149	1.58331556	0.37063417	1.01853321	3.14906953	0.12836181
2L	28599101	28626921	500	0.06589182	0.00343389	2.29113839	2.36960493	0.62567376	0.66172895	3.67227183	0.20190941
2L	28626933	28657359	500	0.08262404	0.00260178	2.06193167	2.15693107	0.59916329	0.61296619	3.37808656	0.09874772
2L	28657393	28688819	500	0.09800181	0.00269209	2.07601478	2.09723388	0.45844375	0.91982699	3.07003459	0.09772655
2L	28688820	28717051	500	0.12055526	0.00331607	2.37020229	2.35873715	0.48951101	0.97564306	3.27297635	0.33416887
2L	28717136	28770598	500	0.09695406	0.00199715	1.23968384	1.26599566	0.39194116	0.2859756	2.28093984	0.31893155
2L	28770653	28804598	500	0.07921794	0.00269971	1.03378404	0.97198086	0.52143315	-0.41509029	2.06799144	0.02930778
2L	28804616	28836299	500	0.07649509	0.00290318	0.4721244	0.53898953	0.49180578	-1.38785689	1.5611905	0.05748764
2L	28836306	28872390	500	0.08254363	0.0023473	-0.7348036	-0.75067883	0.35997797	-1.54021871	0.09599236	0.15422395
2L	28872402	28923705	500	0.06182027	0.00166052	-0.46927351	-0.36111787	0.48782571	-1.46171333	0.77679765	-0.11949702
2L	28923711	28962962	500	0.05986417	0.0020277	-0.1497809	-0.11129851	0.27965515	-0.88430762	0.65020204	0.04034565
2L	28962965	28996175	500	0.04373418	0.00231538	-0.74768443	-0.68310306	0.48482634	-1.77014996	0.26067918	0.00859742
2L	28996180	29070940	500	0.0351572	0.0011658	-1.25232108	-1.23003299	0.45760518	-2.79998148	-0.09883058	-0.07323432
2L	29070944	29111086	500	0.06769648	0.00207935	0.08189386	0.14245297	0.35730168	-1.02950584	0.96637505	0.12124801
2L	29111108	29156253	500	0.07051051	0.0017568	-0.15179823	-0.1681803	0.3329709	-0.98126361	0.66717791	0.04072429
2L	29156573	29205104	500	0.05681481	0.00164113	-0.07636713	-0.04252252	0.35939506	-1.04554701	0.99040839	0.02326104
2L	29205115	29264958	500	0.10667358	0.00147684	0.80927976	0.85134344	0.45792041	-0.13951769	2.10487982	0.14708719
2L	29264966	29323116	500	0.0818056	0.00146512	0.36978378	0.34998528	0.32420566	-0.27584877	1.54686448	0.00180488
2L	29323149	29364649	500	0.04067655	0.00214394	-0.01389469	-0.01050278	0.2886507	-0.72034283	0.63095308	0.03806235
2L	29364652	29414632	500	0.04072438	0.00163353	-0.11374138	-0.12564301	0.30024292	-0.79945318	0.67016582	-0.00043253
2L	29414639	29460132	500	0.0378737	0.00178003	-0.80104032	-0.66640551	0.6005629	-2.41878741	0.2372786	-0.02245091
2L	29460772	29517419	500	0.05208956	0.00123449	-0.04224317	-0.06511113	0.45680396	-0.98282595	1.28591536	-0.04290885
2L	29517512	29583981	500	0.04262872	0.00123683	-0.15583638	-0.19065763	0.37581209	-1.30248549	1.06173648	0.1015244
2L	29583987	29642157	500	0.05309849	0.00136905	-0.11993382	-0.12656037	0.39205833	-0.92850759	0.90700289	0.07154314
2L	29642232	29686723	500	0.05638591	0.0019864	0.10519415	0.13326954	0.73689081	-1.17230344	1.37017178	0.1239329
2L	29686739	29744174	500	0.06589562	0.00163804	0.50694679	0.4530571	0.50732211	-0.45581193	1.72863429	0.17355744
2L	29744178	29808316	500	0.07964327	0.00141061	0.56012524	0.45175703	0.56724797	-0.52415558	2.7310282	0.16670753
2L	29808322	29854362	500	0.06659378	0.00190007	1.27132983	1.24612999	0.54323731	0.04290172	2.84507111	0.05813017
2L	29854377	29898542	500	0.10923235	0.00195846	1.48701052	1.54209539	0.66634866	0.06433932	2.99432817	0.16546835
2L	29900013	29959612	500	0.05925525	0.00145685	0.76706052	0.81761415	0.69272962	-0.57696293	2.35212138	0.0483659
2L	29959614	30141974	500	0.06808824	0.00044744	1.22398421	1.24696081	0.69757282	-0.63495462	3.07562168	0.05009845
2L	30141990	30202986	500	0.12226126	0.00155381	1.63184971	1.64237263	0.58024108	0.07980325	2.96115031	0.40917364
2L	30202996	30246279	500	0.07255493	0.00186317	0.78968381	0.74988509	0.46759347	-0.07999286	2.09050441	0.07980434
2L	30246303	30283527	500	0.05450766	0.00199302	0.6253492	0.61634739	0.36367369	-0.14230013	1.7191562	0.07843895
2L	30283604	30319759	500	0.04699698	0.00198762	-0.21872752	-0.34676873	0.38508471	-1.0872158	1.20796256	0.01473594
2L	30319761	30363000	500	0.06337363	0.00210463	0.20748447	0.24528826	0.55267376	-0.93033074	1.68845677	0.16047722
2L	30363018	30444223	500	0.05677444	0.00101019	0.25694445	0.24018432	0.45091142	-0.72713073	1.57732498	0.07453783
2L	30444238	30473604	500	0.0433995	0.00280883	1.13564338	1.26592266	0.49389342	-0.23333635	2.19311314	0.03335806
2L	30473611	30493300	500	0.04449745	0.00409602	0.70925517	0.560257	0.51148092	-0.12364964	2.8736155	-0.01541742
2L	30493319	30522790	500	0.04135488	0.00305455	0.61740746	0.59139186	0.454359	-0.62914865	1.83391227	0.07845042
2L	30522835	30555783	500	0.03053886	0.00234719	-0.25116248	-0.24117375	0.37584546	-1.29068366	0.6645238	-0.09332509
2L	30555837	30572077	500	0.02592245	0.00446797	-0.05325241	0.02044635	0.35078043	-0.82561668	0.70473278	0.01661766
2L	30572080	30630271	500	0.02680799	0.00144124	-0.20165279	-0.2240157	0.31046137	-0.8424829	0.80086485	-0.00257815
2L	30630288	30659786	500	0.03586712	0.00302118	-0.22876054	-0.21707143	0.30620099	-0.85288353	0.49986544	-0.00464345
2L	30659798	30691050	500	0.02647747	0.00299291	-0.33758077	-0.33690583	0.23998671	-0.99015616	0.2444938	-0.06830055
2L	30691466	30756877	500	0.03768039	0.00132923	-0.29181822	-0.30639179	0.23259251	-0.85039694	0.38490166	0.01696188
2L	30756891	30803980	500	0.04617201	0.00157977	-0.21967072	-0.25199189	0.34310951	-1.02712664	0.90710381	0.05313903
2L	30803994	30850449	500	0.05496222	0.00155685	-0.14929537	-0.21524434	0.40284796	-1.11172648	1.19442112	-0.00645632
2L	30850809	30882885	500	0.09011576	0.00259413	0.60664374	0.60802439	0.33205373	-0.23613603	1.59234878	0.27686829
2L	30882904	30907611	500	0.07409375	0.00328474	0.89970933	0.87957208	0.45969871	-0.2850128	2.21655528	0.06239846
2L	30907616	30931275	500	0.05742223	0.00354282	0.43075308	0.25570268	0.44799054	-0.32745313	1.8332633	0.16928916
2L	30931277	30957701	500	0.05903314	0.00310158	-0.14683234	-0.15439156	0.35568801	-1.1678328	0.55990265	-0.05324682
2L	30957942	30986816	500	0.05455541	0.00307442	0.06633837	0.02939289	0.37708381	-0.82185337	1.16831021	0.02260703
2L	30986838	31008323	500	0.07375885	0.00402815	1.08386543	1.22961965	0.66990885	-0.17320059	2.3770652	0.15508449
2L	31008326	31042992	500	0.05572108	0.00251781	0.55980854	0.50836195	0.65956667	-0.64265576	2.65125394	0.07239221
2L	31043001	31068321	500	0.03947269	0.00353202	-0.23359608	-0.27632104	0.31800188	-0.99619729	0.70926447	0.05079836
2L	31068323	31099716	500	0.04455401	0.00261632	-0.51306856	-0.54835004	0.34706994	-1.4246269	0.49248527	-0.02347209
2L	31099736	31158458	500	0.04936912	0.00143389	-0.15495471	-0.27928869	0.43878704	-0.95462209	1.42977799	0.09768065
2L	31158477	31192083	500	0.04316528	0.00255293	-0.17217446	-0.20198352	0.298218	-0.89520019	0.78630535	0.06313279
2L	31192086	31239373	500	0.04176697	0.00182955	-0.2284585	-0.23045904	0.29623387	-0.98703707	0.8568918	-0.02011024
2L	31239383	31284026	500	0.04861099	0.00181858	-0.42741374	-0.38398511	0.44363311	-2.00265394	0.58018425	-0.02394252
2L	31284037	31343135	500	0.04072981	0.00144817	-0.55830361	-0.54985952	0.31936766	-1.38555242	0.28666162	-0.01105735
2L	31343261	31394626	500	0.04440046	0.00166745	-0.37301701	-0.41008992	0.29886833	-1.05629571	0.48691378	0.06105601
2L	31394627	31432181	500	0.02195499	0.00205588	-0.48619012	-0.48461076	0.22865979	-1.09128405	0.24400768	-0.07512751
2L	31432187	31485279	500	0.04683538	0.00142933	-0.75602313	-0.69819042	0.35563315	-1.75915119	0.11498497	0.02229723
2L	31485306	31524771	500	0.05182831	0.00204464	-0.34433589	-0.45119794	0.43809727	-1.34237287	0.99312186	-0.02696015
2L	31524808	31595711	500	0.04565541	0.00138945	-0.22607043	-0.3300786	0.52817098	-1.23000531	1.49656625	-0.00191266
2L	31595734	31652999	500	0.0758454	0.0015897	0.24537937	0.10246478	0.55299467	-0.79598567	1.91524356	0.14099456
2L	31653917	31705494	500	0.05249373	0.00166403	-0.27443781	-0.24862525	0.45280472	-1.36897334	0.72536534	-0.02872713
2L	31705713	31729165	500	0.07180741	0.0049159	0.16295862	0.16208205	0.42328242	-0.90721982	1.08375964	0.44618839
2L	31729181	31775577	500	0.03493414	0.00210265	-0.24429305	-0.30932438	0.34937911	-0.94724206	0.85602198	-0.06641883
2L	31775692	31829764	500	0.03402024	0.00129974	-0.3273548	-0.33299964	0.26856075	-1.18909225	0.42670576	-0.00257815
2L	31829785	31895893	500	0.04243568	0.00127563	-0.09996855	-0.12555326	0.35375831	-1.07322224	1.15569148	0.09271246
2L	31895914	31925665	500	0.04536153	0.00267526	0.07858915	0.06951614	0.40394487	-0.86002189	1.44817199	0.09185192
2L	31925678	31945198	500	0.06543188	0.00369365	0.59249783	0.47379506	0.54900825	-0.29270101	1.63440341	0.13292842
2L	31945199	31974464	500	0.06040853	0.00276836	0.76510151	0.7573643	0.41661241	-0.07143981	1.80341935	0.09481218
2L	31974465	31998818	500	0.04182571	0.00339528	0.59609574	0.53371255	0.37752231	-0.26981519	1.52409647	0.0244658
2L	31998839	32022162	500	0.02282987	0.00383867	0.04055841	-0.00053234	0.34849652	-0.69857696	0.84667366	-0.09879813
2L	32022231	32066135	500	0.0302221	0.00177362	0.03799367	0.01098011	0.39895638	-0.72740853	1.25251655	-0.04952928
2L	32066236	32114561	500	0.03931244	0.00150043	0.2776559	0.16404272	0.36847549	-0.40622262	1.55341694	-0.02897955
2L	32114571	32182199	500	0.06705682	0.00123068	1.33620548	1.26634016	0.50501364	0.21943309	2.80213283	0.13187282
2L	32182239	32218665	500	0.04406678	0.00229516	0.42148829	0.27661103	0.70847455	-0.81316067	1.87334178	0.03242867
2L	32218695	32266743	500	0.03388107	0.00200843	0.00584456	0.02015977	0.20920555	-0.6619179	0.64945331	0.05514696
2L	32267214	32292346	500	0.06175013	0.00344761	0.0789178	-0.05731656	0.42347396	-0.61903173	1.55796596	0.05957588
2L	32292360	32337972	500	0.05589945	0.00206789	0.27458018	0.15163204	0.44409147	-0.6278475	1.56693315	0.06468176
2L	32338044	32439524	500	0.07033185	0.00085121	-0.06638101	-0.26732989	0.59426968	-0.87435938	1.93330277	0.14781005
2L	32439560	32485607	500	0.03707869	0.00189955	-0.02210173	-0.06067071	0.37468905	-0.85895325	1.17848206	-0.02378188
2L	32485637	32523085	500	0.02866614	0.00188281	-0.13722019	-0.18125512	0.26123924	-0.76409758	0.97307806	-0.01583048
2L	32523091	32552271	500	0.02818921	0.00271054	-0.21285393	-0.2062063	0.29836648	-0.92996644	0.73257248	-0.04410213
2L	32552313	32588748	500	0.03098826	0.00231083	-0.08326598	-0.13390946	0.43617862	-1.27522744	1.19203265	-0.01650744
2L	32588783	32616979	500	0.03462038	0.00306983	-0.11561513	-0.12621603	0.35526275	-0.81743754	1.01331138	0.01790274
2L	32616994	32656746	500	0.03641137	0.00224981	0.04486099	0.07952125	0.3182494	-0.7489096	0.87143258	-0.0390651
2L	32656796	32692310	500	0.04149001	0.00254752	0.43987715	0.43529693	0.41980709	-0.46091734	1.67423235	0.020863
2L	32692370	32774043	500	0.04488325	0.00093602	-0.1740023	-0.19979067	0.39005614	-1.12606393	0.90527132	-0.02303608
2L	32774080	32816470	500	0.05247242	0.00207745	-0.1949782	-0.17912805	0.28339796	-0.95237536	0.70911923	0.18375773
2L	32816596	32865114	500	0.05289847	0.00170042	-0.20381608	-0.20734281	0.24430125	-0.86708884	0.63353048	0.04659892
2L	32865182	32896373	500	0.05614515	0.00327219	0.30732389	0.35468656	0.38647803	-0.92846918	1.55512035	0.04124062
2L	32896425	32934670	500	0.04724328	0.00240914	-0.12076998	-0.19582235	0.4754862	-1.13841962	1.05433808	0.03615769
2L	32934774	32978650	500	0.03952334	0.00184446	-0.45608971	-0.45857568	0.40654402	-1.64577978	0.4396141	-0.01828589
2L	32978667	33039247	500	0.05696329	0.00136726	0.3346919	0.34287918	0.35649065	-0.55470436	1.48137291	0.06214603
2L	33041218	33082008	500	0.03357356	0.00222264	0.09388338	0.13157501	0.33794589	-0.77635281	0.8969149	0.02377736
2L	33082034	33099534	500	0.09559574	0.0060318	-0.19534815	-0.23176244	0.25989542	-0.70081736	0.68161512	0.14638729
2L	33099559	33125746	500	0.12774443	0.00386437	-0.13751432	-0.14928907	0.32698699	-0.83643936	1.2329729	0.30792809
2L	33125753	33145532	500	0.04013945	0.00406752	-0.07645763	-0.09191637	0.50213723	-1.12176516	0.91749244	-0.054704
2L	33146018	33195572	500	0.03512893	0.0018206	-0.27427868	-0.28762637	0.29802939	-0.85143198	0.55693184	-0.07291305
2L	33195641	33234723	500	0.05195226	0.00209768	-0.48364622	-0.53032783	0.36778389	-1.26756803	0.53158376	-0.02352946
2L	33234873	33290684	500	0.05649442	0.00135872	-0.16101148	-0.23302673	0.3725905	-0.99928306	0.78852878	0.02004835
2L	33290720	33356437	500	0.06411893	0.00127373	-0.07089102	-0.05394656	0.30506013	-1.10496137	0.5910739	0.12978458
2L	33356449	33404878	500	0.0486462	0.00169082	0.86266428	0.8141929	0.44555438	-0.39972917	2.14407224	0.02596888
2L	33404987	33452408	500	0.08975805	0.0020245	1.46414799	1.39184103	0.60461569	0.14179198	2.8373861	0.28029898
2L	33452413	33515596	500	0.037617	0.0014632	0.74005595	0.62900782	0.6009022	-0.57029627	2.35435467	0.07149725
2L	33515634	33560166	500	0.05183458	0.0018129	0.56684398	0.54622167	0.41809038	-0.37597619	1.98163656	0.12925678
2L	33560223	33603512	500	0.05180464	0.00190855	0.13587957	0.14294102	0.34005574	-0.59127202	1.08429816	-0.01703524
2L	33603521	33630988	500	0.04687758	0.00326616	0.00496719	-0.11788634	0.50670884	-0.90294977	1.45472779	-0.06078516
2L	33631003	33673801	500	0.03101366	0.00186444	-0.40433712	-0.43820883	0.27996384	-1.01403315	0.72789526	-0.02543412
2L	33673846	33714752	500	0.0549057	0.00201173	-0.40578678	-0.4464702	0.28658891	-1.17589388	0.63191176	-0.08592444
2L	33714801	33768647	500	0.0334819	0.00157473	-0.29097375	-0.3362286	0.35696464	-1.40774952	0.75805118	-0.04692471
2L	33768671	33831135	500	0.03835501	0.00137792	-0.43765502	-0.4745294	0.33257617	-1.19141399	0.98604958	0.02779322
2L	33831142	33879735	500	0.03639663	0.00170084	-0.55079633	-0.6249942	0.33617309	-1.36339232	1.15725968	0.02157438
2L	33879770	33924856	500	0.02849625	0.00185109	-0.43882353	-0.44235437	0.3385811	-1.42217981	0.69079078	-0.10761008
2L	33924926	33968338	500	0.02116149	0.00181216	-0.26569571	-0.27046392	0.23078457	-0.78057005	0.49793416	-0.04841631
2L	33968354	33995987	500	0.02542191	0.00278837	-0.33563294	-0.34163542	0.2666268	-0.99277612	0.35366444	-0.0521109
2L	33996073	34023752	500	0.03284174	0.00272137	-0.26088205	-0.27635852	0.30976928	-0.8889449	0.79718102	-0.04716566
2L	34023781	34057785	500	0.03363463	0.00259938	-0.36679231	-0.3478415	0.27696633	-1.07381688	0.41379799	-0.05018329
2L	34057806	34100820	500	0.0273914	0.00227547	-0.18488541	-0.25821104	0.40186487	-0.94916587	1.01331421	-0.11556148
2L	34100868	34160217	500	0.03688071	0.00171966	0.00073107	0.02856984	0.39265037	-1.1095963	0.97004805	0.14338113
2L	34160222	34198209	500	0.02317369	0.00202661	-0.37110951	-0.32933437	0.26347742	-1.3830337	0.42737709	-0.0400289
2L	34198234	34264430	500	0.02188318	0.00129583	-0.41349517	-0.42335431	0.2840583	-1.18090222	0.39291294	-0.03514103
2L	34264451	34303179	500	0.04025179	0.00208384	-0.44205167	-0.4327892	0.33404153	-1.27710139	0.56912555	-0.10961801
2L	34303195	34375002	500	0.03287656	0.0011205	-0.49769523	-0.50754588	0.34134422	-1.34960218	0.32992712	-0.0747833
2L	34375003	34429332	500	0.02057931	0.00151642	-0.54124117	-0.54261089	0.23547428	-1.29530241	0.16025327	-0.07529962
2L	34429379	34461826	500	0.02647757	0.00223928	-0.44811742	-0.40911739	0.29583937	-1.60309793	0.29998623	-0.05985577
2L	34461922	34498815	500	0.04223548	0.00197468	-0.64652367	-0.54401085	0.51739852	-1.8566141	0.70077252	-0.08002686
2L	34498858	34539432	500	0.04361148	0.00188147	-1.12427603	-1.10000484	0.32270506	-1.93855521	-0.42703142	-0.0429318
2L	34539542	34566570	500	0.04982751	0.00280562	-1.85431457	-1.85412814	0.4263523	-2.87710826	-0.8327845	-0.12406363
2L	34566611	34591737	500	0.0392164	0.00309938	-0.90582622	-0.75780648	0.77522076	-2.52281329	0.54961494	-0.00040958
2L	34591749	34620419	500	0.03797012	0.00274258	-0.27527157	-0.32909297	0.3164212	-1.20905562	0.64590906	0.03440218
2L	34620444	34669224	500	0.02955973	0.00184862	-0.08037164	-0.10320636	0.31276802	-0.80302439	0.80473256	0.1115411
2L	34669278	34715868	500	0.0458456	0.00171082	-0.26260615	-0.27492436	0.46174595	-1.41590294	0.96098606	0.00770245
2L	34715869	34746532	500	0.03227971	0.00281415	0.41603694	0.43455655	0.3949593	-0.48149614	1.29532617	0.01832727
2L	34748359	34780023	500	0.03002038	0.00246767	-0.13664048	-0.24785934	0.4987663	-1.14207389	1.30221713	0.005924
2L	34781618	34827447	500	0.03080862	0.00170598	-0.17707872	-0.14433216	0.2897316	-1.06647069	0.62875185	0.07199062
2L	34827494	34871413	500	0.05116555	0.00168172	-0.47678727	-0.50363269	0.30961545	-1.32532154	0.64070009	0.00989397
2L	34871419	34913535	500	0.03313743	0.00191526	-0.55813942	-0.56258238	0.33965617	-1.50236255	0.31581015	-0.02652414
2L	34913585	34956874	500	0.03569645	0.00184396	-0.3468307	-0.3439457	0.25056395	-1.05653274	0.44669135	-0.00343869
2L	34956950	34993096	500	0.03598101	0.00234767	-0.19713369	-0.19616207	0.35376292	-1.02552148	0.99971163	-0.00452871
2L	34993166	35022794	500	0.03943658	0.00240166	-0.08812604	-0.15238624	0.3742296	-0.82366995	1.25555062	-0.00872815
2L	35022820	35054246	500	0.03584706	0.00237117	0.17858833	0.18649066	0.4169525	-1.11825187	1.15586968	0.02623278
2L	35054249	35090722	500	0.03550195	0.00218721	-0.11869145	-0.12511211	0.27624125	-0.95438027	0.8040315	0.00177046
2L	35090742	35126879	500	0.04831623	0.00207162	-0.24125434	-0.29593567	0.4005036	-1.38915171	0.89017759	0.0133935
2L	35126922	35156202	500	0.05261953	0.00286002	0.1551055	0.16225892	0.37696772	-0.63878134	1.45884481	0.10451908
2L	35156209	35184212	500	0.02994127	0.00279422	-0.01359785	-0.04853348	0.29142246	-0.8790094	1.23936036	-0.04102713
2L	35184238	35236584	500	0.03349234	0.00132948	0.5216457	0.38163225	0.58745093	-0.89118049	2.44104243	0.08465779
2L	35236595	35290451	500	0.10955075	0.00153588	1.6989393	1.69778077	0.42934406	0.43406622	2.81180995	0.3399517
2L	35290464	35337495	500	0.08920638	0.00166246	0.78686268	0.73391932	0.57946834	-0.38378023	2.06571365	0.19188123
2L	35337867	35381721	500	0.06021187	0.00181657	0.81480894	0.81621853	0.43146469	-0.20254945	1.65772462	0.08756068
2L	35381723	35416131	500	0.06621512	0.00225942	0.67091643	0.69462614	0.41742306	-0.74990766	1.52589888	0.23633106
2L	35416137	35450634	500	0.03568939	0.0023174	-0.31848501	-0.28414473	0.40431532	-1.25526819	0.79230627	0.02168912
2L	35450741	35485527	500	0.03712566	0.00247796	-0.16151749	-0.1628305	0.37872013	-1.04468516	1.11457717	0.04823968
2L	35485546	35527759	500	0.02863306	0.00191043	-0.29049573	-0.27779188	0.26892897	-1.04903538	0.64196467	0.04040302
2L	35527830	35567499	500	0.0511097	0.00205729	0.03909479	-0.0481042	0.4928645	-1.02912615	1.39408761	0.10179977
2L	35567503	35592068	500	0.04370728	0.00352723	-0.05534049	-0.09510077	0.32862321	-0.89949582	0.86482931	0.05125732
2L	35592082	35627667	500	0.04531826	0.00267215	0.24816205	0.24360102	0.2372813	-0.57290051	1.28681095	0.03922121
2L	35627680	35649272	500	0.0434994	0.00338617	0.23290557	0.23287263	0.27751391	-0.53861862	0.95858321	0.07207094
2L	35649312	35690830	500	0.05165308	0.00215224	-0.17152528	-0.21686545	0.2907291	-0.85443852	0.7406487	0.09828877
2L	35690880	35725370	500	0.03798758	0.00239254	-0.41932185	-0.45498064	0.31654158	-1.10119395	0.74881117	0.01744378
2L	35726291	35770360	500	0.0513826	0.00180776	-0.55560603	-0.60592281	0.30920982	-1.29722889	0.5421208	0.01421962
2L	35770416	35848468	500	0.04307643	0.00100662	-0.43481809	-0.44064676	0.25278357	-1.22366259	0.32415971	0.03793614
2L	35848487	35884477	500	0.05211738	0.00213088	0.20772775	0.20234079	0.46285926	-1.03346133	1.21320862	0.10863821
2L	35884510	35918841	500	0.07891868	0.00212664	-0.28943059	-0.37742393	0.73675522	-1.65633713	1.32246167	-0.00887731
2L	35918848	35959009	500	0.10827986	0.00196397	0.51905154	0.48915207	0.34881376	-0.35606391	1.27963609	0.10643522
2L	35959069	35996354	500	0.06438209	0.00208265	-0.13187593	-0.10243177	0.30070326	-0.80532442	0.47900978	0.00447829
2L	35996476	36043855	500	0.08015576	0.00186782	-0.00305647	-0.02005188	0.39459483	-0.73048197	1.30296977	0.15260613
2L	36043859	36101120	500	0.04781839	0.001265	-0.4189578	-0.50491429	0.34247128	-1.05352228	0.70539947	-0.01513057
2L	36101122	36172044	500	0.06914367	0.00107822	0.73899593	0.73917612	0.44067891	-0.20502331	1.79324698	0.06285741
2L	36172199	36214614	500	0.09662928	0.0016534	0.19808366	0.1764384	0.21705718	-0.36626241	0.74896632	0.07780788
2L	36214615	36256524	500	0.0636981	0.00202252	0.10383789	-0.05659686	0.47632961	-0.76664792	1.50045157	-0.03631136
2L	36256529	36289069	500	0.05646948	0.00281679	0.15258125	0.11882701	0.44459017	-0.66113619	1.14085447	-0.03904215
2L	36289080	36323434	500	0.05712661	0.00238997	0.42096402	0.42641865	0.49717221	-0.87316571	1.42893394	0.075341
2L	36323454	36363664	500	0.04896663	0.00224907	-0.00015835	-0.02516256	0.36008349	-0.79361526	1.0127467	0.07672934
2L	36363691	36398092	500	0.04037668	0.00247874	-0.24231305	-0.30608736	0.44431802	-1.20920518	1.23683326	-0.01051807
2L	36398181	36435055	500	0.03390111	0.00255363	-0.15155135	-0.18992315	0.60162022	-1.26178342	1.04842389	-0.0035649
2L	36435060	36478935	500	0.04123259	0.00188262	-0.04075061	-0.0268399	0.31043045	-0.89448859	0.71730589	0.01502279
2L	36478960	36543218	500	0.04069209	0.00120167	-0.16324342	-0.15319956	0.40786149	-1.28740142	1.08973662	-0.02655856
2L	36543259	36591510	500	0.03900823	0.00153558	0.03408231	-0.02077885	0.3840953	-0.92596193	1.18470228	-0.03768823
2L	36592338	36636065	500	0.0678473	0.0019381	0.27112774	0.36334217	0.67153762	-1.51432711	1.69681915	0.13213672
2L	36636134	36683750	500	0.08391273	0.00184154	-0.4035075	-0.36239012	0.30067035	-1.26251658	0.24485273	0.09161097
2L	36683988	36726222	500	0.07339816	0.00211947	0.02515521	0.10754268	0.42191446	-1.10777294	0.8278271	0.10182272
2L	36726223	36751621	500	0.04404392	0.00321981	0.06279403	0.03279792	0.40334563	-0.78322516	1.23723428	-0.08393946
2L	36751645	36782606	500	0.05438769	0.00270572	-0.37892241	-0.31848068	0.30899531	-1.31887538	0.27748007	-0.02248533
2L	36782614	36831380	500	0.03532385	0.0015608	-0.31133995	-0.33194846	0.30314538	-1.04810931	0.41487705	-0.03364942
2L	36831412	36856657	500	0.03368057	0.00293727	-0.44913114	-0.4641458	0.21269874	-0.97434336	0.18334716	-0.10793135
2L	36856670	36919166	500	0.03191706	0.00124156	-0.51169837	-0.4845918	0.2925396	-1.6607127	0.15035227	-0.11464357
2L	36919167	36950225	500	0.05063513	0.00267626	-0.13512654	-0.12857096	0.39632796	-1.14848292	1.45537658	-0.03825045
2L	36950236	36981587	500	0.04887428	0.00252855	0.11041766	0.12458904	0.18284187	-0.59349187	0.52968972	0.15254876
2L	36981612	37009955	500	0.04687555	0.00281373	-0.20946906	-0.19772827	0.28035177	-1.27582139	0.45818209	-0.07650438
2L	37009961	37074481	500	0.06498639	0.00135926	0.35674274	0.32779934	0.48706598	-0.5038845	1.96962761	0.10531078
2L	37074530	37112808	500	0.03907846	0.00231302	-0.11535293	-0.13096631	0.68101454	-1.65292479	1.67400596	-0.08459347
2L	37112835	37163464	500	0.06664273	0.00204007	0.04387332	0.03390314	0.42465461	-0.9287997	1.29987861	0.04635797
2L	37163479	37192113	500	0.0416146	0.00258803	-0.06083823	-0.10245013	0.31678925	-0.69058741	1.46424459	-0.09626241
2L	37192137	37227153	500	0.03962534	0.00229365	0.03086995	0.04839375	0.3378302	-1.31586884	0.78789626	-0.12830896
2L	37227222	37259185	500	0.04223127	0.00248213	-0.15050676	-0.21809926	0.29110464	-0.75494216	1.10533897	0.02736869
2L	37259198	37290788	500	0.05111135	0.00277221	-0.21594887	-0.17480138	0.42638403	-1.1497054	0.70029567	-0.00807414
2L	37290793	37419168	500	0.04246883	0.0007223	0.09594138	0.00317829	0.55701868	-1.06970449	1.56443809	-0.00599736
2L	37419186	37447481	500	0.03310326	0.00298222	0.11424176	0.14699637	0.41653308	-0.86531488	1.15636683	-0.04087797
2L	37447496	37547746	500	0.03672399	0.00071578	-0.17101106	-0.22682301	0.29240401	-0.85123258	0.70953257	0.01403604
2L	37548003	37596754	500	0.06226516	0.00157509	-0.10013248	-0.16160087	0.32452935	-0.8084175	0.95056594	0.04316823
2L	37596779	37649531	500	0.03136556	0.00149278	-0.45857496	-0.45563808	0.26318339	-1.32488256	0.33074075	-0.02202638
2L	37649642	37712033	500	0.03359087	0.00131487	-0.29702347	-0.28370493	0.22605866	-1.05998722	0.27975782	0.00583221
2L	37712035	37798583	500	0.04960052	0.00086849	-0.34102674	-0.33271021	0.28313771	-1.48235652	0.39611414	0.11172468
2L	37798599	37879653	500	0.02470488	0.00097226	-0.59476317	-0.58629569	0.31715264	-1.64668739	0.23934158	-0.03484271
2L	37879698	37926107	500	0.02733744	0.00183609	-0.45964749	-0.48151323	0.226388	-1.22836951	0.29013269	-0.03543935
2L	37926314	37961022	500	0.02640988	0.00209533	-0.22509148	-0.26426621	0.26006816	-0.83567372	0.46039883	0.00843678
2L	37961059	37993870	500	0.02590536	0.00209569	-0.28094412	-0.24862713	0.30028509	-1.15846723	0.31099751	0.03949659
2L	37993887	38039022	500	0.03699031	0.00175727	-0.20434573	-0.20011021	0.31344178	-1.23951376	0.84253943	0.00964154
2L	38039026	38083410	500	0.0357578	0.00182921	0.45860074	0.43680145	0.48839787	-0.6770364	1.81407016	0.02370852
2L	38083437	38109763	500	0.06493741	0.00293534	0.91666669	0.90048574	0.47172414	-0.11360622	2.00474858	0.00164424
2L	38109775	38142878	500	0.03894479	0.00245135	0.41926534	0.50140897	0.38924098	-0.7798458	1.3853825	0.03028306
2L	38142880	38190904	500	0.06457592	0.00166317	0.35278894	0.2278963	0.53098181	-0.61605306	1.96811275	0.04220442
2L	38190910	38243092	500	0.06977401	0.00164763	0.39567984	0.39827548	0.5254606	-0.84866973	1.62682554	0.00683044
2L	38243095	38278609	500	0.06822716	0.00241968	-0.06741933	-0.06620798	0.27366893	-0.86935405	0.77969959	0.02027783
2L	38278637	38321731	500	0.03736333	0.00179874	0.13509233	-0.03746124	0.47152329	-0.68396954	1.8960518	-0.00787908
2L	38321747	38369748	500	0.068027	0.00151896	0.70606188	0.63140455	0.52369654	-0.36375893	2.09646998	0.04806758
2L	38369778	38426524	500	0.05514408	0.00132609	-0.32605051	-0.1811673	0.66226703	-1.82197624	1.33434783	0.07054491
2L	38426536	38460478	500	0.0797629	0.00220994	-1.6827596	-1.62159851	0.44797775	-3.00167699	-0.72734987	0.06553083
2L	38460484	38498135	500	0.08509889	0.00237959	-1.3141917	-1.24696078	0.46629339	-2.37891877	-0.45263713	0.14737404
2L	38498152	38542725	500	0.05584008	0.00165738	-0.84242342	-0.85153806	0.38167467	-1.63996819	0.02324706	0.10127198
2L	38542741	38584743	500	0.03497057	0.00174217	-0.78923882	-0.74211861	0.34893888	-1.76138835	-0.04253026	-0.00675464
2L	38584761	38644792	500	0.04498832	0.00126653	-0.39058885	-0.3424988	0.30821501	-1.27247367	0.44178458	0.01479331
2L	38644811	38699502	500	0.04933855	0.00156537	-0.40457674	-0.37120613	0.45648959	-1.91657511	0.53426516	0.09867888
2L	38699510	38728040	500	0.03457345	0.00295593	-0.08758925	-0.09787135	0.32007055	-0.74708084	0.84092629	0.00977923
2L	38728079	38768929	500	0.07238197	0.00171163	-0.84942755	-0.8286926	0.47789297	-1.62856207	0.53009418	-0.03016136
2L	38768942	38822940	500	0.04246712	0.00147135	-0.35197327	-0.37019695	0.59646329	-1.64596746	0.72626384	0.05656972
2L	38822942	38865340	500	0.0429298	0.00201373	0.37033718	0.43423849	0.48973234	-0.77245445	1.32509734	0.05728111
2L	38865352	38911562	500	0.03622689	0.00179656	0.09723069	0.11122429	0.30776961	-0.63104008	0.82597321	0.06601273
2L	38911574	38956516	500	0.03349193	0.00191046	0.03350095	0.04817569	0.26434433	-0.78362826	0.66364239	-0.00771845
2L	38956537	38993886	500	0.05372546	0.00195633	-0.0060164	-0.02524483	0.37601942	-0.84918304	0.93569941	0.06934016
2L	38993914	39032978	500	0.05658672	0.0021706	-0.25039592	-0.28857482	0.39727254	-1.14154503	0.72979298	0.04556627
2L	39032980	39066730	500	0.04938869	0.00265416	-0.32461222	-0.31026609	0.4289195	-1.30815072	0.62327708	0.02088595
2L	39066747	39112320	500	0.02392157	0.00160536	-0.23024803	-0.29189476	0.3393	-0.93976356	0.76076594	0.00206878
2L	39112329	39142708	500	0.03177664	0.00254456	-0.19532359	-0.19222786	0.28890857	-0.86341524	0.92138092	-0.03566883
2L	39142709	39168933	500	0.02737149	0.00313062	-0.26252677	-0.24992812	0.34185989	-0.98076248	0.61644132	-0.04179588
2L	39168944	39239476	500	0.03686512	0.00115243	0.05140524	-0.1650889	0.67721344	-1.28764555	1.62715865	0.03305974
2L	39239508	39268888	500	0.04323002	0.00268592	0.01953772	0.06961013	0.31176167	-0.88275343	0.80722664	0.1279717
2L	39269081	39314609	500	0.03541308	0.00208023	-0.59387608	-0.48717211	0.40633744	-1.59567453	0.3484684	0.04561217
2L	39314620	39345644	500	0.05639433	0.00320939	-0.44656159	-0.44386751	0.47313943	-1.48078539	0.73689337	0.05145237
2L	39345667	39369347	500	0.06133031	0.00370753	-0.58684026	-0.55240132	0.35755274	-1.82512409	0.2077277	0.02048436
2L	39369398	39436376	500	0.04990904	0.00124482	-0.88581165	-0.7698471	0.73097256	-2.57470306	1.02464547	0.03622653
2L	39436388	39473538	500	0.04460326	0.00204337	-2.02079644	-1.97429521	0.32596164	-2.95470969	-1.39313039	-0.04472172
2L	39473577	39517958	500	0.06076454	0.00177573	-1.64101678	-1.66546549	0.39282139	-2.93132032	-0.64738457	0.12864866
2L	39518093	39573962	500	0.05903839	0.0016222	-1.13534335	-1.06462797	0.46409676	-2.54213102	-0.23706869	0.12809792
2L	39573983	39608735	500	0.06973777	0.00258307	-0.93810502	-0.92991217	0.39820123	-2.13329041	0.06379545	0.02150554
2L	39608792	39654091	500	0.06785606	0.0017987	-0.95597217	-0.81874688	0.50581021	-2.19690088	0.55922199	0.12794875
2L	39654093	39720905	500	0.0432146	0.00101262	-0.48358025	-0.46497672	0.33770924	-1.65808929	0.34397207	0.01888949
2L	39720935	39765789	500	0.04525502	0.00145686	-0.63273298	-0.62380666	0.34413617	-1.79871437	0.12283835	-0.03912247
2L	39767508	39822624	500	0.06684754	0.00134213	-1.36940236	-1.34903103	0.51168357	-2.97596779	-0.31586271	0.02376589
2L	39822625	39857653	500	0.05645311	0.00255667	-1.4951408	-1.49865893	0.28117309	-2.18449533	-0.54669205	0.10642375
2L	39857689	39905694	500	0.05881346	0.00153753	-1.43754067	-1.46666622	0.3863566	-2.20581279	-0.40020006	0.01887802
2L	39906161	39959980	500	0.11668879	0.00151838	-1.2658253	-1.13899269	0.37628127	-2.32823441	-0.55189592	-0.05736594
2L	39960000	40023686	500	0.07937365	0.00154132	-0.62997794	-0.58613769	0.22165726	-1.19184631	0.21284938	0.17523263
2L	40023780	40073899	500	0.06569126	0.00178752	-0.58023004	-0.66956739	0.63195709	-1.58624541	0.85945982	0.01652587
2L	40073919	40150828	500	0.05824268	0.00121342	-0.45217194	-0.50111707	0.44372516	-1.40638815	0.5969412	0.04673661
2L	40150909	40182029	500	0.04130559	0.00273897	-0.2644189	-0.29481484	0.278861	-1.01356885	0.30200331	0.10247673
2L	40182040	40210261	500	0.02182948	0.00334553	-0.24563206	-0.26536981	0.31941025	-0.90375687	0.80833091	0.06430312
2L	40210286	40253348	500	0.06120639	0.00218249	0.19449592	0.01771755	0.66492547	-0.7314267	1.80623242	0.18649998
2L	40253354	40302305	500	0.06489048	0.00195879	-0.14692466	-0.31830864	0.57161951	-1.43697016	1.70918981	0.07310359
2L	40302324	40411995	500	0.0442715	0.00077876	-0.03456705	-0.09963513	0.54095208	-1.16604903	1.43537926	0.07864548
2L	40412017	40482341	500	0.04657015	0.00116993	0.04894988	0.00557806	0.43268421	-0.88609555	1.4099355	0.09345826
2L	40482398	40519950	500	0.03557241	0.00192127	-0.07283708	-0.13776546	0.32916764	-0.658984	1.03298398	0.08398083
2L	40520116	40576979	500	0.03664878	0.00151477	0.97716358	0.9740153	0.70263476	-0.36735763	2.29875126	0.02962905
2L	40576982	40636666	500	0.04632872	0.00143816	-0.44153635	-0.39427721	0.45472416	-1.67160326	0.58742241	0.09226498
2L	40637250	40677785	500	0.07699964	0.00206866	-1.4439323	-1.45075212	0.33469468	-2.37479343	-0.64015913	0.09367626
2L	40677807	40701698	500	0.06096781	0.00346839	-0.5993579	-0.63525364	0.4420905	-1.83262743	0.90468452	0.05233586
2L	40701729	40763548	500	0.04882843	0.00124648	-0.71511863	-0.65548662	0.33877968	-1.74859925	0.35428796	-0.0596263
2L	40763557	40848276	500	0.052034	0.00084756	-0.14722794	-0.14700532	0.31295647	-1.02740892	0.69458818	-0.03783739
2L	40848351	40901094	500	0.05202489	0.00150323	-0.29517066	-0.30426899	0.34623149	-1.15994094	0.52923114	-0.03916836
2L	40901097	40948577	500	0.03876846	0.00175751	0.08168308	0.09664034	0.35464147	-1.14374716	1.52959642	0.03151076
2L	40948586	41009067	500	0.05072154	0.00144816	0.08466153	0.05380876	0.57797262	-1.15482869	2.28159575	0.06465881
2L	41009082	41075441	500	0.03506649	0.00146772	-0.53585679	-0.56899688	0.26218261	-1.37737795	0.28300068	-0.06737117
2L	41075442	41123910	500	0.05439101	0.00139614	-0.00435789	0.158741	0.53800714	-1.33914348	0.8818725	0.12346247
2L	41123992	41179964	500	0.04101709	0.00133103	0.0870097	0.01027865	0.3772936	-0.52429642	1.22251424	0.07785378
2L	41179981	41216629	500	0.03402471	0.00197684	-0.57519345	-0.57692535	0.31456717	-1.38184209	0.32644083	-0.09300382
2L	41216671	41268437	500	0.03805665	0.00165574	-0.40191276	-0.38751364	0.35640383	-1.16866515	0.67029126	-0.00916416
2L	41274606	41336401	500	0.05114053	0.0012672	-0.21079171	-0.20838506	0.31860559	-1.16397078	0.82877487	0.02972084
2L	41336415	41381968	500	0.06290234	0.00172789	-0.11237131	-0.10055514	0.32014802	-0.87004274	0.6124127	0.05931198
2L	41381998	41445191	500	0.05939196	0.00143207	-0.08229316	-0.19349001	0.45590967	-0.96839762	1.61160779	0.07719977
2L	41445200	41497618	500	0.05690264	0.00146528	0.10125758	0.10977045	0.29659988	-0.60228107	0.79575736	0.02587709
2L	41497623	41529577	500	0.08903425	0.00255561	0.28018057	0.27632055	0.30995832	-0.38253625	1.35559054	0.17354597
2L	41529782	41597564	500	0.1116683	0.00120055	0.73743976	0.81613822	0.48531328	-0.41261267	1.7764618	0.14977208
2L	41597578	41650727	500	0.1274774	0.00139051	1.40781013	1.1675811	0.52368066	0.52784267	2.75334531	0.28639161
2L	41650786	41733013	500	0.0723249	0.00085717	0.56231026	0.542675	0.53918633	-0.33262965	2.39044046	0.08433652
2L	41733014	41801469	500	0.03853692	0.00111406	-0.66184526	-0.67387564	0.21299173	-1.27539155	0.0099018	-0.08451315
2L	41803182	41850862	500	0.05666565	0.00183826	-1.08650499	-1.10111796	0.31756763	-1.87381753	-0.25549559	0.03579052
2L	41850863	41884404	500	0.04323322	0.00242256	-0.63442431	-0.60826981	0.31684421	-1.86878764	0.16208534	-0.06645326
2L	41884405	41920322	500	0.02427587	0.00223894	-0.15799465	-0.11995309	0.37269313	-1.08926651	0.77478548	-0.00816593
2L	41920336	41995592	500	0.05330013	0.00103555	-0.19127615	-0.207356	0.29934199	-1.07447453	0.77548553	0.03132718
2L	41995613	42032027	500	0.04999183	0.00221519	-0.4501838	-0.46429202	0.1821558	-0.92235802	0.12616424	-0.02480306
2L	42032130	42071949	500	0.04928075	0.001758	0.26268846	0.19422292	0.51608112	-0.88341027	1.79500304	0.08984399
2L	42072054	42126180	500	0.04943777	0.00166343	0.5401777	0.53007677	0.53407795	-0.89734762	1.81156358	-0.02036267
2L	42126223	42173915	500	0.06996554	0.00178238	-0.15196898	-0.14013642	0.49453441	-1.46825158	1.03152225	0.10190304
2L	42173989	42219416	500	0.05650336	0.00218379	-0.46773485	-0.40471563	0.59680332	-1.6983059	0.94916031	-0.01375371
2L	42219444	42243623	500	0.05236994	0.00352262	-0.51443818	-0.54836648	0.40129125	-1.51031077	0.5029495	0.00757624
2L	42243629	42278217	500	0.04830305	0.00261752	-0.7680313	-0.78561614	0.40662952	-1.77683332	0.70882099	-0.10074869
2L	42278262	42306161	500	0.06660959	0.00362657	0.3514815	0.3459223	0.40890754	-0.92715088	1.22262229	0.07018922
2L	42306162	42324207	500	0.03180308	0.00465287	-0.64158865	-0.66220867	0.26749053	-1.24365513	0.39040869	-0.14891606
2L	42324220	42346024	500	0.03025486	0.0042817	-0.68768609	-0.75403624	0.49762091	-1.80965769	0.73438124	-0.20380712
2L	42346038	42364951	500	0.03291069	0.00459534	0.04186302	-0.0289821	0.33109239	-0.67064966	0.82498347	-0.09623946
2L	42364978	42390193	500	0.05085389	0.00334351	0.33884142	0.37276049	0.27068018	-0.46811414	1.01767205	-0.10678396
2L	42390205	42413202	500	0.07007672	0.00406144	-0.15360328	-0.17127592	0.31230122	-0.9878907	1.23709109	-0.060854
2L	42413212	42445280	500	0.05895378	0.00281467	0.35055914	0.26127528	0.52201973	-0.59295373	1.72818733	0.00419145
2L	42445298	42471502	500	0.04930339	0.00336379	1.04742495	1.0109202	0.44103935	0.07627498	2.32070737	-0.12498154
2L	42471549	42495435	500	0.07358701	0.00376651	0.37981168	0.31484979	0.30492801	-0.30428936	1.06381515	-0.12643872
2L	42495464	42516137	500	0.04225833	0.0042135	0.9196936	0.91460482	0.38280295	0.07856611	1.96182043	-0.1271501
2L	42516143	42536732	500	0.04965578	0.00452692	0.9542988	1.02908955	0.34944583	0.2279801	1.7698594	-0.03811276
2L	42536750	42563056	500	0.0395711	0.003748	1.1102471	1.13535704	0.35134279	0.44928197	1.96357177	0.06188213
2L	42563066	42585852	500	0.0558097	0.00467333	1.37230822	1.30543262	0.41076095	0.54979281	2.60431641	0.04261748
2L	42585861	42609539	500	0.06145945	0.00383417	1.21586325	1.26847177	0.5502306	0.30283094	2.47979656	0.01705367
2L	42609591	42626012	500	0.04487952	0.00564863	1.14563651	1.05378085	0.41966687	0.32393619	2.50938615	0.00655507
2L	42626032	42641828	500	0.06514408	0.00589352	0.99603033	0.96515535	0.54902003	-0.19949898	2.18157627	-0.0392831
2L	42641843	42662020	500	0.05108732	0.00457618	0.03420593	0.01703551	0.29298027	-0.71078548	0.74763229	-0.01571574
2L	42662032	42687657	500	0.06270395	0.00383195	-0.29321593	-0.28125795	0.23786577	-0.88593092	0.26886119	0.1212939
2L	42687664	42710489	500	0.05470259	0.0039909	-0.47051774	-0.54869964	0.4246185	-1.35087824	0.6526749	0.07292001
2L	42710558	42737283	500	0.04813578	0.00379911	-0.16546772	-0.16911149	0.50312556	-1.20833088	0.92993857	0.087641
2L	42737294	42762091	500	0.04099116	0.00336973	-0.58264385	-0.37301211	0.65814681	-2.05493215	0.54929115	-0.01997255
2L	42762129	42786186	500	0.06195434	0.00351123	-1.31930922	-1.29174386	0.37000388	-2.3872804	0.19437271	-0.04779672
2L	42786237	42810941	500	0.05645747	0.00345183	-1.19788009	-1.18121206	0.47831017	-2.48036914	-0.06030263	-0.03854877
2L	42810946	42857714	500	0.05725019	0.00181526	-0.87970584	-0.9982076	0.57254579	-2.06852635	0.30827869	0.01604397
2L	42857723	42890758	500	0.0479978	0.00265241	-0.62171542	-0.63078722	0.52078614	-1.50271128	0.60080813	-0.10227472
2L	42890761	42923154	500	0.04210431	0.00287351	-1.44966008	-1.55198967	0.51003507	-2.23616471	-0.19254315	-0.0163927
2L	42923163	42967904	500	0.06792098	0.00226749	-1.47300605	-1.47403339	0.51828106	-2.66216806	-0.28464209	0.01830432
2L	42967923	42995699	500	0.04326512	0.00273999	-0.38134426	-0.38782947	0.24683126	-1.23972668	0.37895141	-0.05445157
2L	42995745	43035955	500	0.04312587	0.00206072	0.19413619	0.21790512	0.37991987	-0.75142736	1.0138995	0.0971758
2L	43035983	43068262	500	0.06284472	0.003062	0.11019085	0.11823153	0.23214307	-0.56633244	0.89447155	0.01622755
2L	43068272	43095000	500	0.05618589	0.00279787	-0.53369968	-0.5639779	0.37399995	-1.51720474	0.27494745	-0.08007276
2L	43095010	43123510	500	0.0402298	0.00296319	-1.61186099	-1.71701956	0.56371684	-2.68941109	-0.60551423	-0.07334906
2L	43123526	43164463	500	0.05448581	0.00195297	-1.52786423	-1.52800145	0.41839629	-2.50875979	-0.46242729	-0.00635305
2L	43164517	43193911	500	0.06156059	0.00301444	-1.43041342	-1.31806395	0.3928178	-2.42494987	-0.71913979	-0.00902647
2L	43193933	43219241	500	0.0819317	0.00333782	-0.78125871	-0.77848786	0.17010394	-1.13720683	-0.00139564	0.14029465
2L	43219250	43245333	500	0.11665607	0.00353493	-1.0458519	-0.88403552	0.46801762	-2.17924583	-0.32778001	0.1899192
2L	43245346	43268356	500	0.06395106	0.00366922	-1.73386513	-1.73609017	0.43456739	-2.98068329	-0.7436937	0.02671468
2L	43268357	43292850	500	0.0726521	0.00372563	-2.12372809	-2.11933419	0.30207366	-3.1705434	-1.55925107	0.06223782
2L	43292926	43316358	500	0.04991189	0.00324265	-1.4570824	-1.50594688	0.35266668	-2.50482589	-0.69567856	-0.0446414
2L	43316361	43342992	500	0.05491163	0.00330732	-1.84662892	-1.88298571	0.28298883	-2.49591329	-0.82894017	0.03270405
2L	43342993	43379304	500	0.05036285	0.00234447	-1.18832461	-1.12087162	0.47159146	-2.12241153	0.09383652	-0.01340949
2L	43379310	43414426	500	0.04380384	0.00219016	-0.71835055	-0.69303186	0.29195484	-1.73293127	-0.00124906	-0.1235473
2L	43414441	43447376	500	0.0543126	0.0024215	-0.44736484	-0.47743783	0.41391636	-1.2699915	0.47850863	-0.08351492
2L	43447438	43474986	500	0.05959869	0.00280478	-0.12431341	-0.121055	0.42652263	-1.04703188	1.07539315	-0.11365681
2L	43474994	43504603	500	0.0634293	0.00262614	0.59907329	0.55403499	0.31144698	-0.1490197	1.39812616	-0.0513192
2L	43504660	43528297	500	0.05180456	0.00322732	0.11045414	0.21427779	0.50792188	-0.90637726	1.03447778	-0.03975353
2L	43528338	43554385	500	0.02998955	0.00324072	-0.51717475	-0.53088658	0.29238324	-1.36900334	0.25064884	-0.10586605
2L	43554393	43570603	500	0.04781175	0.00684246	0.24028349	0.24366295	0.30394698	-0.45312593	1.0478518	0.09747412
2L	43570612	43596725	500	0.05529545	0.00425296	-0.75876121	-0.66183625	0.34048636	-1.51188099	0.75704699	-0.03074653
2L	43596740	43623311	500	0.06815424	0.00353768	-1.68184016	-1.70219072	0.2810468	-2.26355114	-0.79480362	-0.04892116
2L	43623376	43642389	500	0.05316165	0.00534093	-1.25291892	-1.20892574	0.51811774	-2.00913285	-0.4217666	0.01177568
2L	43642404	43661464	500	0.08297185	0.00569222	-1.07855312	-1.08005978	0.06261093	-1.18622088	-0.89338117	0.09905752
2L	43661518	43691799	500	0.06650224	0.0027403	-0.91654199	-0.88393043	0.18147491	-1.21100357	-0.50491425	0.01037587
2L	43691805	43716238	500	0.05411587	0.00381292	-0.31603872	0.03962087	0.87384379	-2.00145494	1.07406831	-0.03710306
2L	43716264	43737213	500	0.06338958	0.00415701	0.76222309	0.74372376	0.32020091	0.15946342	1.66001042	0.01329024
2L	43737257	43768811	500	0.07531493	0.00282168	0.96573551	0.98722493	0.3630491	-0.06243983	1.78378256	0.12966984
2L	43768885	43798814	500	0.07193543	0.00281311	0.60270276	0.61640782	0.44055071	-0.25155897	1.65696857	-0.0300581
2L	43798842	43833345	500	0.08331495	0.00265937	0.88541365	0.96753252	0.42532449	-0.39188841	1.81901664	0.3106933
2L	43833370	43858265	500	0.05486076	0.0039533	0.83040775	0.74957048	0.51631426	-0.43349842	2.22779341	0.05234734
2L	43858268	43893431	500	0.08840676	0.00247277	0.96758207	0.95162671	0.34786804	0.14697562	2.47550785	0.31460589
2L	43893503	43917196	500	0.08933683	0.00336066	1.23692885	1.18116065	0.45954465	0.1116699	2.22497223	0.18674093
2L	43917200	43943020	500	0.08007177	0.0036519	1.57159928	1.51807878	0.6226284	0.35781917	3.33408668	0.04191757
2L	43943096	44004301	500	0.05088042	0.00141738	0.34354544	0.33828154	0.52874472	-0.85736438	1.78091769	0.00249331
2L	44004302	44049826	500	0.03379379	0.00185935	-0.17301877	-0.20495151	0.43644386	-1.24224302	1.44924514	-0.0192497
2L	44049877	44071612	500	0.04750228	0.00370244	0.30181138	0.30322003	0.41939443	-1.01687101	1.26537688	-0.05711352
2L	44071716	44087146	500	0.04460771	0.00574708	-0.02490182	-0.01594715	0.23861968	-0.70218122	0.62665721	-0.0429318
2L	44087281	44104182	500	0.05555346	0.00487479	-0.74662805	-0.72828714	0.42571503	-1.99481552	0.22160124	-0.08614244
2L	44104191	44121316	500	0.05244678	0.00451521	-0.7718468	-0.82527338	0.69866827	-2.10089469	0.36677249	-0.06843824
2L	44121382	44136103	500	0.04672632	0.00529781	-0.1281852	-0.1383167	0.21816002	-0.7270485	0.4918868	-0.03917984
2L	44136192	44153159	500	0.07910746	0.00464886	0.21507635	0.15254158	0.35640136	-0.7757363	1.18872054	0.19816892
2L	44153160	44203636	500	0.05767923	0.00180629	0.32724457	0.52826536	0.57270226	-1.16544467	1.77125166	0.06884678
2L	44203645	44222918	500	0.03959194	0.00377289	-0.11653235	-0.11838965	0.29109403	-0.87732642	0.73892518	-0.05577107
2L	44222945	44238515	500	0.02425277	0.0048219	0.00849891	-0.01569801	0.33105432	-0.75003822	0.82518455	-0.05578254
2L	44238519	44257236	500	0.03526023	0.0046307	-0.30785946	-0.28703639	0.2370281	-0.85341512	0.30178421	-0.0665221
2L	44257270	44292233	500	0.04384198	0.00242516	-0.50471391	-0.42774258	0.3498386	-1.50535714	0.43322181	-0.02808459
2L	44292423	44318998	500	0.03252842	0.00320726	-0.5274621	-0.54988251	0.29633885	-1.28448632	0.2454255	-0.05415325
2L	44319155	44344897	500	0.04437114	0.00334931	0.48641835	0.29532084	0.65636204	-0.57456402	2.28674352	-0.06794486
2L	44344915	44368335	500	0.0512121	0.00386189	1.18424095	1.25826007	0.36282276	-0.06808568	2.2179233	0.06336226
2L	44368349	44399409	500	0.09238611	0.00281488	1.24610357	1.24557207	0.2906075	0.44581674	2.18126756	0.17250185
2L	44399479	44455021	500	0.04804563	0.00157255	0.14497903	0.06909433	0.54785171	-0.90577789	1.84246404	0.03155666
2L	44455025	44475492	500	0.06410946	0.00468264	0.42499078	0.43348546	0.23038392	-0.09909472	0.91313018	0.01516048
2L	44475498	44491141	500	0.04048997	0.0051791	-0.43529614	-0.50249322	0.41916831	-1.3152049	0.92987343	-0.1294793
2L	44491160	44507443	500	0.01912565	0.00538585	-0.2807956	-0.28064118	0.19876756	-0.81069487	0.25615793	-0.04566258
2L	44507446	44536968	500	0.02859651	0.00264902	-0.17008713	-0.18159138	0.2697854	-0.74459626	0.64691654	-0.02216407
2L	44536991	44557298	500	0.06774991	0.00401178	0.53673352	0.58851727	0.40127777	-0.34748604	1.59401333	0.08985546
2L	44557320	44575366	500	0.05887354	0.00501288	0.87886647	0.89757687	0.31110935	0.12245307	1.65446685	-0.01258337
2L	44575443	44591246	500	0.06110236	0.00581198	0.88866826	0.88473212	0.34315398	0.1341685	2.08836197	0.00735824
2L	44591297	44611794	500	0.03751318	0.00389132	0.10406846	0.0654246	0.35186877	-0.58806979	1.10501715	-0.08505242
2L	44611798	44633183	500	0.04397042	0.00340643	-0.06779287	-0.10890658	0.31057022	-0.76265289	0.76956637	-0.06698106
2L	44633190	44662615	500	0.05252585	0.00274974	-0.09242865	-0.07518618	0.42160497	-1.22135636	1.13560394	-0.04016659
2L	44662624	44679730	500	0.03102482	0.00437975	-0.18121894	-0.17342776	0.28840127	-1.06921506	0.7658306	-0.15860002
2L	44679874	44702192	500	0.05517064	0.00351309	0.66243208	0.57648097	0.45157316	-0.38916415	2.14754674	-0.09887845
2L	44702215	44722326	500	0.03902383	0.00416129	1.26048008	1.39617416	0.51750514	-0.2266342	2.28970386	0.01816664
2L	44722351	44762211	500	0.04972188	0.00228171	0.33249321	0.31579026	0.45496348	-0.61357628	1.40665578	0.01082335
2L	44762385	44796907	500	0.08110503	0.00278112	0.35043812	0.32114785	0.31174833	-0.59692577	1.1176091	0.11600444
2L	44796909	44825454	500	0.08090506	0.00340549	0.26361803	0.26229675	0.43576933	-0.76936234	1.25061809	-0.03838814
2L	44825511	44910647	500	0.07788452	0.00110766	0.44381749	0.34263665	0.5625586	-0.62664664	2.08748207	0.13227441
2L	44910797	44937784	500	0.04131776	0.00257874	0.23490759	0.18297081	0.38823756	-0.50310958	1.41129652	-0.11058181
2L	44937917	44985032	500	0.04585843	0.00149071	-0.11456868	-0.25456256	0.40870743	-0.80769009	1.11257624	-0.05115857
2L	44985045	45008158	500	0.03213499	0.004199	-0.08745238	-0.17850603	0.42189583	-1.08696152	1.18626019	-0.04760167
2L	45008166	45051124	500	0.07267174	0.00216919	0.16705958	-0.02203084	0.65594749	-0.75052055	2.08772887	0.20617769
2L	45051131	45079113	500	0.0500187	0.00316009	-0.47518618	-0.51604533	0.28073343	-0.97628208	0.52530277	-0.048772
2L	45079124	45111016	500	0.05474524	0.00267114	-1.3350688	-1.68753948	1.01347862	-3.01400707	1.45208787	-0.07554057
2L	45111018	45129997	500	0.05878164	0.00476268	-2.42658468	-2.42138004	0.32851584	-3.1009975	-1.36936622	-0.08149552
2L	45130131	45150886	500	0.05812563	0.00415067	-2.29264868	-2.22597961	0.40175387	-3.4096654	-1.36792312	-0.05564486
2L	45150982	45170341	500	0.04813304	0.00407729	-1.63246102	-1.66157638	0.34182422	-2.43308487	-0.99369613	-0.1551808
2L	45170368	45192885	500	0.08168758	0.00367928	-1.50337896	-1.50200367	0.20619362	-1.9960126	-0.99995943	0.04167662
2L	45192892	45214721	500	0.06773938	0.00421121	-2.04290691	-1.90820909	0.46096272	-3.24521298	-1.24951684	0.02408716
2L	45214734	45230370	500	0.07702409	0.00507079	-0.86441147	-0.88280412	0.42592241	-1.93768255	0.1679375	-0.09597556
2L	45230387	45254603	500	0.04542095	0.00343537	-0.98291422	-1.0175896	0.64931414	-2.74059577	0.07762609	-0.04406771
2L	45254742	45278953	500	0.03100516	0.00372499	-0.92052126	-0.79600769	0.57081843	-2.17511346	0.05196519	-0.07741082
2L	45279008	45298121	500	0.03487941	0.00395492	-0.83182	-0.74014662	0.43467989	-2.19857932	-0.10080857	-0.15024703
2L	45298123	45318095	500	0.02561203	0.0034832	-0.57166932	-0.55436054	0.36783434	-1.65125839	0.32000347	-0.10713965
2L	45318096	45344726	500	0.03184698	0.00329743	-0.88986105	-0.89152518	0.25550599	-1.51346116	-0.15228904	-0.0677957
2L	45344728	45370591	500	0.05680189	0.00303834	-0.54519782	-0.52574948	0.34451991	-1.55439026	0.40387726	-0.1312807
2L	45370629	45391637	500	0.04345603	0.00350002	-0.59886511	-0.61414986	0.41955784	-1.51769985	0.55858661	-0.07022816
2L	45391640	45417091	500	0.04612124	0.00291168	-0.60250875	-0.70151098	0.46706179	-1.63315973	0.4441968	-0.0736818
2L	45417101	45433992	500	0.0573394	0.00447501	0.15609533	0.23370714	0.36161819	-0.81294215	0.83540663	-0.07582742
2L	45434005	45450394	500	0.04517449	0.00422811	-0.16628307	-0.18729334	0.19335037	-0.56894139	0.43565611	-0.13905999
2L	45450395	45468324	500	0.07947803	0.00424352	-0.295129	-0.22811465	0.3369029	-0.99901421	0.47474439	0.00266542
2L	45468345	45492723	500	0.06610122	0.00303335	-0.90759074	-0.81561544	0.31310137	-1.94732176	-0.37202655	-0.08455905
2L	45492726	45519483	500	0.05045243	0.00322378	-1.73958599	-1.68229453	0.38593528	-3.49039599	-0.84702053	-0.0988555
2L	45519531	45535042	500	0.04875217	0.00509158	-1.62609545	-1.70309952	0.67346211	-2.89378997	-0.25847718	-0.07516193
2L	45535987	45555469	500	0.05857065	0.00429971	-1.62343927	-1.61320243	0.26286812	-2.37857041	-0.85516557	-0.05978693
2L	45555472	45572895	500	0.0629616	0.00472437	-1.26353434	-1.25311072	0.21414863	-2.02135161	-0.80138344	-0.06545503
2L	45572906	45594852	500	0.04520336	0.00385124	-1.36956026	-1.34987446	0.26169747	-2.32524148	-0.58305196	-0.0390192
2L	45594857	45613861	500	0.05274339	0.0046889	-1.55388054	-1.60633952	0.33465101	-2.27856789	-0.4167729	-0.00603179
2L	45613869	45652251	500	0.04565489	0.00231803	-0.68283165	-0.67307666	0.22375143	-1.38448358	-0.00038439	-0.00925595
2L	45652254	45669792	500	0.05760756	0.00493301	-0.38725427	-0.27437523	0.42812936	-1.63150383	0.43833702	-0.06226529
2L	45669800	45694198	500	0.03091173	0.00338167	0.06447543	0.04501488	0.34896719	-0.78399563	1.00084195	-0.03098748
2L	45694280	45714964	500	0.02659567	0.00471613	-0.25450148	-0.26414081	0.36496161	-1.47275217	0.67673893	-0.03998301
2L	45715411	45736549	500	0.04147764	0.00386176	-0.37066842	-0.37418972	0.23841236	-0.90237699	0.28505141	-0.09103032
2L	45736707	45756315	500	0.02811756	0.00351994	-0.30344663	-0.34267432	0.27139006	-1.00581932	0.68484948	-0.1484571
2L	45756331	45776395	500	0.02958346	0.00365369	-0.04009752	-0.00257061	0.34317471	-0.84491002	0.86176656	-0.10866567
2L	45776397	45800081	500	0.03041219	0.00348807	-0.09566147	-0.10347054	0.35298058	-0.7879237	0.79197931	-0.07279831
2L	45800083	45821618	500	0.05078728	0.00341556	-0.47912876	-0.50557731	0.36563189	-1.26515591	0.64530183	-0.03562293
2L	45821627	45849856	500	0.02204124	0.00253974	-0.30553582	-0.28424274	0.2594054	-1.17519809	0.48188819	-0.05858217
2L	45849859	45880787	500	0.02999158	0.00227491	-0.40906029	-0.37537682	0.25658996	-1.09949323	0.15998905	-0.12296213
2L	45880808	45909766	500	0.03427353	0.00265151	-0.1303635	-0.12980071	0.32535876	-0.90660719	0.76600098	0.01093809
2L	45909771	45928618	500	0.03936301	0.00481941	-0.32796909	-0.33943774	0.25394182	-1.09844094	0.44343936	0.01603249
2L	45928723	45959964	500	0.03712818	0.00261535	-0.51666817	-0.54128557	0.31688677	-1.27700212	0.63659884	-0.0496096
2L	45960003	45997840	500	0.0178969	0.00234077	-0.34356724	-0.40005737	0.3278512	-0.98089658	0.63815477	-0.06548945
2L	45997843	46014291	500	0.02205944	0.00472783	-0.38161613	-0.43470657	0.31472047	-1.60100118	0.35486706	-0.09091558
2L	46014292	46029097	500	0.02800837	0.00553787	-0.82540475	-0.76791894	0.39662112	-1.76472939	-0.02936034	-0.1284237
2L	46029125	46048439	500	0.03446442	0.00372437	-0.59028258	-0.57739589	0.30500668	-1.43529728	0.01270707	-0.02504401
2L	46048447	46066863	500	0.03178932	0.00447952	-0.78517726	-0.70596886	0.30387241	-1.81386781	-0.09577696	-0.09918825
2L	46066979	46087530	500	0.0553374	0.00375809	-1.53196031	-1.62484045	0.4373639	-2.61667259	-0.47519043	-0.07645848
2L	46087647	46107438	500	0.04839989	0.00452626	-1.58321275	-1.52284449	0.63300295	-2.64182237	-0.07423139	-0.07809925
2L	46107461	46129131	500	0.04746908	0.00380526	-1.34296437	-1.31025486	0.61590638	-2.9746412	0.0785739	-0.11284217
2L	46129134	46145536	500	0.04461869	0.00466957	-0.35278181	-0.35438439	0.28623858	-0.99515994	0.71524681	-0.07540289
2L	46145546	46165977	500	0.03724105	0.00351547	-0.1087633	-0.09865166	0.29147187	-0.84423326	0.55926547	-0.02389662
2L	46165978	46182872	500	0.04071064	0.00496663	-0.2272204	-0.22562168	0.4867895	-1.55037384	0.94631078	-0.02426379
2L	46182879	46205294	500	0.04191486	0.00364126	-0.27058328	-0.22959423	0.36611898	-1.29515026	0.65969376	0.01526374
2L	46205305	46222129	500	0.05705453	0.00532325	-0.3556705	-0.3853243	0.36437072	-1.2740335	0.91302936	0.05342588
2L	46222156	46241542	500	0.03323391	0.00442858	-0.51099669	-0.55210723	0.29457409	-1.1702649	0.39240631	-0.07751408
2L	46241642	46258147	500	0.03474014	0.00615	-0.63658016	-0.56875607	0.36321282	-1.60505101	0.24122052	-0.02523907
2L	46258166	46268367	500	0.02404426	0.01009526	-0.84753259	-0.86059337	0.30917241	-1.68303361	-0.05088797	-0.04069439
2L	46268403	46282387	500	0.0303411	0.00620643	-0.74613025	-0.72875556	0.28781461	-1.61290385	-0.14516111	-0.12821717
2L	46282436	46306515	500	0.01416117	0.00328475	-0.70270865	-0.71211047	0.28705389	-1.75151955	-0.07943934	-0.16310925
2L	46306528	46340938	500	0.02850944	0.0026076	-0.71755738	-0.712432	0.26582883	-1.84974885	-0.05671613	-0.09433479
2L	46341286	46376124	500	0.04453755	0.00261912	-0.26313292	-0.28799921	0.37986881	-1.63438837	0.68662412	-0.01784989
2L	46376128	46392614	500	0.03853419	0.00497866	-0.17359943	-0.12535645	0.31243745	-1.14678934	0.46651955	-0.13783229
2L	46392624	46424492	500	0.02483643	0.00296013	0.11256447	0.06679871	0.54298817	-0.89282877	1.61758638	-0.07424402
2L	46424496	46441715	500	0.03698852	0.00459335	0.31458917	0.33619682	0.4178167	-0.57221814	1.35113131	-0.12762053
2L	46441720	46459871	500	0.02899251	0.0046163	0.22128441	0.17354151	0.36174593	-0.43398517	1.08334362	-0.07636669
2L	46459887	46478353	500	0.04061272	0.00410526	0.11503617	0.10606224	0.26028612	-0.44956814	0.75705793	-0.03550819
2L	46478365	46494644	500	0.03162145	0.00438172	-0.35057985	-0.30982644	0.36783021	-1.33734739	0.63594755	-0.10517761
2L	46494648	46512769	500	0.04821665	0.00465332	-0.48451529	-0.46026139	0.30441921	-1.30739055	0.39230257	-0.08647518
2L	46512771	46534337	500	0.03789325	0.00410294	-0.88366757	-0.82377986	0.42860791	-2.10909726	0.06972413	-0.1261404
2L	46534378	46557922	500	0.06800291	0.00397502	-1.13293393	-1.21605938	0.4129733	-1.95380379	-0.08965986	0.04905433
2L	46557930	46581737	500	0.05320027	0.00393639	-1.90576709	-1.79565403	0.52835142	-3.77435626	-0.98950261	-0.02229028
2L	46581742	46616240	500	0.06153523	0.00248734	-1.67142507	-1.57723406	0.40292504	-2.75610651	-0.84309168	-0.06427322
2L	46616250	46647845	500	0.04892573	0.00318326	-1.2481256	-1.24085998	0.39511148	-2.3544942	-0.20193431	-0.03657526
2L	46647886	46663649	500	0.04435754	0.00551629	-1.05729203	-1.03174715	0.34197192	-1.96415118	0.00232027	-0.12744842
2L	46663654	46679415	500	0.03721245	0.00557377	-0.87584673	-0.85764515	0.54850512	-2.12264439	0.30000133	-0.09385289
2L	46679518	46695818	500	0.03033006	0.00491281	-0.69914739	-0.66719534	0.24272843	-1.50536563	-0.1215099	-0.08724393
2L	46695824	46716529	500	0.0328621	0.00401149	-0.57942197	-0.56855285	0.24794914	-1.42245105	0.13634776	-0.07093955
2L	46716550	46757934	500	0.03141412	0.00225506	-0.59984195	-0.56505394	0.38906847	-1.89340145	0.16914226	-0.03990269
2L	46757948	46777850	500	0.02972572	0.00460496	-0.2955653	-0.33482545	0.30060262	-1.02375765	0.64021854	-0.09783433
2L	46778072	46800918	500	0.04624286	0.00374787	0.06184754	0.00491318	0.34421549	-0.87363979	1.0159218	-0.0683694
2L	46800929	46826196	500	0.03795117	0.00355007	-0.2565908	-0.30155847	0.26846483	-0.85375609	0.57911403	-0.03460176
2L	46826214	46847231	500	0.05446792	0.00489241	-0.18843355	-0.24620888	0.28628942	-0.77066683	0.6154732	0.03822298
2L	46847232	46865529	500	0.04028085	0.00509885	0.26472866	0.2220021	0.3030454	-0.54170429	1.2816256	0.0467825
2L	46865548	46886879	500	0.0450872	0.00461715	0.53728585	0.58305249	0.41204137	-0.37869743	1.72582085	-0.00519419
2L	46886886	46914134	500	0.0379853	0.00297715	-0.19666616	-0.30052293	0.40866057	-0.98773576	1.18391545	-0.06921846
2L	46914138	46944389	500	0.05490322	0.0031558	0.47856883	0.53785433	0.52370942	-0.74423126	1.93121457	0.05967915
2L	46944482	46972250	500	0.03536184	0.00347544	0.02863736	-0.01185709	0.35209138	-1.02303373	1.04183191	-0.00950837
2L	46972255	46991995	500	0.04247426	0.00485132	0.31614948	0.3107982	0.28356406	-0.6767246	1.04623043	-0.02458506
2L	46992099	47018558	500	0.0496872	0.00325921	0.49129809	0.46461968	0.47251899	-0.63796157	1.569494	0.08462337
2L	47018583	47044845	500	0.04174152	0.00293864	-0.14270288	-0.15457958	0.31495857	-0.88699452	0.67824827	-0.1343098
2L	47044859	47076174	500	0.04720597	0.00263304	-0.20665786	-0.25494931	0.40781528	-1.00645567	0.91855123	-0.03974206
2L	47076180	47108954	500	0.03764725	0.00258432	-0.1921204	-0.1957398	0.51684216	-1.07765589	1.56281805	-0.09051399
2L	47108984	47136199	500	0.04406318	0.00326329	0.01902592	0.08374628	0.369587	-1.23738452	0.75544253	0.05001814
2L	47136202	47163782	500	0.04987303	0.00308902	0.70609399	0.78770979	0.66268015	-0.77812648	2.37180272	-0.03104485
2L	47163810	47182916	500	0.06614804	0.00418665	1.10126694	1.1314	0.49528495	-0.00130698	2.31239105	0.02755227
2L	47182925	47213823	500	0.04719772	0.00280958	0.89324004	0.89030086	0.30566013	0.151055	1.69611226	-0.02308198
2L	47213839	47238788	500	0.0486522	0.00345233	-0.05925059	-0.14043268	0.48785567	-0.99704443	1.3345044	-0.02869271
2L	47238795	47257650	500	0.04738561	0.00462993	-0.0428903	-0.01500643	0.40277113	-1.25550152	1.03718874	-0.0259275
2L	47257662	47290336	500	0.03427326	0.00297569	-0.30842947	-0.33594369	0.36913064	-1.24148594	0.74958774	-0.0590985
2L	47290347	47313852	500	0.03578218	0.00330676	-0.7127415	-0.66092515	0.37734693	-1.9675786	0.12732322	-0.09025009
2L	47313863	47335373	500	0.03683492	0.00364436	-0.75729995	-0.68112288	0.33759671	-1.74729781	-0.12281567	-0.14040244
2L	47335390	47353042	500	0.04706267	0.0049749	-0.42924944	-0.43350141	0.25695569	-1.11911135	0.19375314	0.03249752
2L	47353054	47369163	500	0.03449657	0.00499348	-0.39406844	-0.39930564	0.27328236	-1.31053119	0.55365377	-0.09888993
2L	47369200	47400639	500	0.05072961	0.00267333	-0.51080512	-0.52081388	0.31833533	-1.12722289	0.29375833	-0.00311742
2L	47400645	47428741	500	0.04204108	0.00306536	-0.37570954	-0.37549508	0.25212566	-1.09999211	0.34273115	-0.06794486
2L	47428759	47454959	500	0.03615096	0.00315043	-0.51575488	-0.54366736	0.30562529	-1.52624669	0.57270212	-0.15279423
2L	47454985	47488804	500	0.04435865	0.00265876	-0.44838704	-0.45686084	0.38524182	-1.50131034	1.324121	0.02677205
2L	47488842	47519807	500	0.04285807	0.00319653	-0.35539814	-0.38967037	0.24613919	-1.07727031	0.32313435	-0.04818683
2L	47519839	47540088	500	0.04424359	0.00393105	-0.23005301	-0.27206533	0.30168206	-0.86664618	0.73493288	-0.04404476
2L	47540210	47560890	500	0.03105181	0.00424698	-0.12431075	-0.20619304	0.37864906	-0.87760317	1.04643144	-0.13549161
2L	47560896	47579104	500	0.03915919	0.00411692	-0.31650947	-0.30779375	0.31813412	-1.25691067	0.54076381	-0.06723348
2L	47579118	47594834	500	0.04713873	0.00453223	-0.5545728	-0.57834652	0.28639718	-1.20142027	0.4308883	-0.10346801
2L	47594854	47616378	500	0.04378367	0.00406492	-0.28760824	-0.26987364	0.2981301	-1.16345408	0.56604132	-0.06971184
2L	47616393	47635424	500	0.03430088	0.00428266	-0.18127183	-0.22640552	0.32655531	-0.88700229	0.8621796	-0.10962948
2L	47635458	47649209	500	0.04792813	0.00697035	-0.87776442	-0.89027351	0.32200286	-1.6326013	0.25124742	-0.22003119
2L	47649245	47669073	500	0.04327616	0.00440252	-0.73594034	-0.80932106	0.486463	-1.68298419	0.59104048	-0.08755373
2L	47669148	47705903	500	0.04255743	0.00232999	-0.18468117	-0.26754122	0.57458503	-1.4504407	1.20444013	-0.09619356
2L	47705904	47723283	500	0.03543693	0.00482663	-0.15733025	-0.17352803	0.23098616	-0.8337748	0.46162315	-0.11914133
2L	47723314	47764369	500	0.02552065	0.00214911	-0.38240215	-0.34986738	0.28125644	-1.34751421	0.35613869	-0.13887641
2L	47764372	47782184	500	0.02565295	0.00519487	-0.51563201	-0.47535903	0.34693988	-1.39109927	0.52043053	-0.06980363
2L	47782188	47802524	500	0.02449749	0.00458376	-0.7364739	-0.75223046	0.37614965	-1.76551337	0.1123642	-0.14315617
2L	47802563	47821410	500	0.031432	0.00469818	-0.32751599	-0.34915682	0.28479385	-1.19675547	0.68167079	-0.10277957
2L	47821436	47842076	500	0.03650828	0.00381607	-0.3161099	-0.33034159	0.29140549	-1.08270921	0.4312289	-0.02969093
2L	47842201	47870491	500	0.03275846	0.00331855	-0.25614842	-0.29845739	0.40650891	-1.27004594	1.00896172	-0.08577528
2L	47870499	47887166	500	0.0414448	0.00525239	-0.0773338	-0.10831737	0.3187848	-0.85169156	0.94941878	-0.03358058
2L	47887168	47902555	500	0.03127405	0.00527034	-0.22203659	-0.22999883	0.25675958	-0.78602195	0.42783437	-0.11055887
2L	47902563	47914627	500	0.03100003	0.0064053	-0.45176754	-0.47000137	0.32701454	-1.10577237	0.51701181	-0.09357752
2L	47914629	47932202	500	0.03541416	0.00448009	-0.63404607	-0.53429603	0.47858639	-2.11655068	0.24441085	-0.12485532
2L	47932209	47944559	500	0.05625945	0.00665295	-1.52369592	-1.54657671	0.36687397	-2.6608588	-0.61483334	-0.02116584
2L	47944560	47960502	500	0.04264054	0.00548383	-1.63619714	-1.59946574	0.34228385	-2.75436203	-0.70066147	-0.09509207
2L	47960521	47977205	500	0.02919164	0.00462845	-0.94459355	-0.93045153	0.56687657	-2.05780501	0.22251509	-0.06280456
2L	47977224	48006300	500	0.05906428	0.00280522	-0.88635399	-1.06139035	0.52130714	-1.69345888	0.58966716	0.04843474
2L	48006336	48023011	500	0.03198763	0.00496841	-1.12787407	-1.14161386	0.41974971	-2.0515733	-0.11979888	-0.12213601
2L	48023031	48042128	500	0.04746549	0.00499401	-1.15257331	-1.20406621	0.35440528	-1.94070074	-0.25779281	-0.06696958
2L	48042178	48063348	500	0.0635446	0.0040043	-0.22920575	-0.20500816	0.35611441	-0.95911755	0.5492985	0.12218887
2L	48063394	48090850	500	0.03484186	0.00307877	-0.4191307	-0.4328443	0.27653004	-0.9893514	0.44859086	-0.03280036
2L	48090876	48120224	500	0.03378792	0.00310192	-0.65045681	-0.60441874	0.29300352	-1.532948	0.07934253	-0.07945317
2L	48120905	48148495	500	0.02637026	0.00325602	-1.10856394	-1.01001086	0.51434484	-2.62862833	-0.15195871	-0.02854354
2L	48148521	48171002	500	0.02860893	0.00394977	-1.97155719	-2.09800055	0.72969828	-3.31677015	-0.45777247	-0.08317071
2L	48171003	48199427	500	0.02853661	0.00302949	-2.19217667	-2.17526015	0.59951793	-3.85934651	-1.03405438	-0.05553012
2L	48199447	48231972	500	0.03718016	0.00252698	-1.08335705	-0.95256395	0.5911288	-2.93835475	-0.04047161	-0.01359307
2L	48231975	48257921	500	0.04158023	0.00353984	-1.05348331	-0.99592232	0.46625628	-2.19948714	0.04378139	-0.08094477
2L	48257940	48277387	500	0.0437473	0.00440968	-0.8926163	-0.92996134	0.38690884	-2.09362951	-0.01245298	-0.12907771
2L	48277463	48302029	500	0.03980492	0.00343751	-0.61484523	-0.66175328	0.41754365	-1.65628975	0.58162124	-0.03486565
2L	48302080	48320443	500	0.03176139	0.00479726	-1.4746937	-1.43612113	0.40348721	-2.46814765	-0.41442649	-0.07909748
2L	48320532	48338464	500	0.03098474	0.00454619	-1.26125547	-1.26282272	0.37854032	-2.11343493	-0.566708	-0.0837444
2L	48338479	48359326	500	0.03300411	0.0038698	-0.93013935	-0.91616069	0.21793464	-1.61155373	-0.36814129	-0.15816401
2L	48359330	48377175	500	0.03922619	0.00431434	-0.94590088	-0.92614872	0.38700526	-2.01936052	-0.18939303	-0.0343608
2L	48377242	48406142	500	0.03064038	0.00290418	-0.77701129	-0.7793923	0.29862255	-1.80441698	-0.05780285	-0.08572938
2L	48406181	48428055	500	0.02943363	0.00353286	-1.24988896	-1.193465	0.43524885	-2.2433926	-0.37492116	-0.08921744
2L	48428058	48456596	500	0.03559804	0.00268492	-0.82433833	-0.79524226	0.36677642	-1.92708368	-0.03856088	-0.12360467
2L	48456655	48471063	500	0.04409437	0.00601642	-1.22259479	-1.28999238	0.57307459	-2.48368188	0.47828114	-0.02861239
2L	48471080	48491396	500	0.03549429	0.00454536	-0.6110213	-0.57603319	0.52406989	-1.95145669	0.82425262	-0.01790725
2L	48491405	48515318	500	0.04720542	0.00343444	-0.21863573	-0.33501388	0.49209022	-1.12379359	0.98105712	0.02204481
2L	48515392	48536672	500	0.04605552	0.00411012	-0.36216751	-0.4190093	0.30645549	-1.16907041	0.63936576	-0.0436776
2L	48536673	48564143	500	0.04061903	0.00304992	-0.36157755	-0.38370297	0.269998	-1.05708946	0.34331155	-0.00252078
2L	48564187	48587237	500	0.03064468	0.00415202	-0.4506357	-0.39932527	0.51223218	-1.89182885	0.94423248	-0.06914962
2L	48587243	48607214	500	0.04210404	0.00438933	-0.12692617	-0.1121464	0.29044398	-1.02082465	0.66780222	0.02523455
2L	48607231	48637792	500	0.04714703	0.00309482	-0.15919763	-0.1088873	0.33860123	-1.00577859	0.66639822	0.02810302
2L	48637815	48651929	500	0.07133298	0.00616808	-0.10778021	-0.05928591	0.29574446	-0.96815855	0.56411875	-0.04519215
2L	48651956	48667713	500	0.05713024	0.00541649	0.11065327	0.07639109	0.35745095	-0.71878238	1.19865607	-0.04880642
2L	48667727	48683576	500	0.05909951	0.00548651	0.26207975	0.32842837	0.46502988	-0.651618	1.30742026	-0.02302461
2L	48683643	48702602	500	0.06072354	0.00472834	0.2063004	0.16703845	0.43120028	-0.81140223	1.43421278	0.05879566
2L	48702624	48721371	500	0.03944042	0.00422898	-0.16215886	-0.13612839	0.29346904	-0.87906176	0.5568945	-0.08540811
2L	48721385	48733941	500	0.04798291	0.00608749	-0.04632387	-0.04081173	0.25933623	-0.83784518	0.82047025	-0.05111267
2L	48733986	48752087	500	0.0387737	0.00459542	0.12994164	-0.14002799	0.73160867	-0.93266086	1.9063529	-0.0543942
2L	48753073	48771229	500	0.0403804	0.00468528	0.62848488	0.6311418	0.31166308	-0.2263662	1.51160828	-0.04375791
2L	48771377	48789298	500	0.02723411	0.00480014	-0.08320486	-0.17238464	0.38442357	-0.83626322	1.1324674	-0.05191585
2L	48789308	48823580	500	0.03004615	0.00249314	-0.35534711	-0.31260537	0.27790887	-1.18133223	0.48087684	0.02869966
2L	48823587	48843472	500	0.04363809	0.00430001	-0.40390483	-0.20492022	0.86160034	-2.27685735	1.1112648	-0.02801575
2L	48843498	48862506	500	0.06776892	0.00454785	0.69688037	0.54266559	0.52856016	-0.38859316	2.00891034	-0.05400409
2L	48862576	48880370	500	0.06613978	0.0042846	0.61292472	0.54482745	0.37551233	-0.21885476	1.68807198	-0.05735447
2L	48880397	48898608	500	0.05849983	0.00505433	0.63093748	0.74846692	0.55193962	-0.72590894	1.78168105	0.02289388
2L	48898627	48918192	500	0.03196267	0.00383423	-0.60737805	-0.56657038	0.41715817	-1.92253377	0.57879608	-0.09971605
2L	48918201	48937655	500	0.04603037	0.00543697	-0.4074191	-0.3938193	0.2124512	-1.07658853	0.22121379	0.02087447
2L	48937658	48949223	500	0.03548288	0.00859151	-0.39321498	-0.41281637	0.22057643	-1.08845896	0.44072286	-0.07180009
2L	48949240	48981643	500	0.03126047	0.00274723	-0.17899857	-0.25420349	0.33161082	-0.87301079	0.92388756	0.00582074
2L	48981698	49000838	500	0.02090161	0.00457183	-0.33095251	-0.29335547	0.3274378	-1.18253828	0.31297781	-0.12155085
2L	49000847	49022474	500	0.01844367	0.00452304	-0.7581894	-0.67203733	0.40626537	-1.77732225	-0.08988682	-0.09802938
2L	49022782	49046893	500	0.0264501	0.00361651	-0.21567419	-0.213517	0.29286295	-0.84883542	0.64685127	-0.04102713
2L	49046897	49069694	500	0.03244839	0.00433448	0.36951345	0.46237239	0.4720134	-0.66686792	1.374265	-0.0343608
2L	49069729	49098437	500	0.02935595	0.00293954	0.36858144	0.34730668	0.38958413	-0.74742916	1.32434713	-0.02681099
2L	49098453	49136960	500	0.05691133	0.00255828	0.60056402	0.67067333	0.40127618	-0.30637395	1.38285301	0.08972925
2L	49136990	49188743	500	0.03963873	0.00196103	0.80336204	0.75799401	0.80656099	-0.57431707	2.83928854	0.08303997
2L	49188758	49261470	500	0.04648308	0.00136497	0.3594595	0.29537984	0.55594141	-0.78159793	1.67074412	0.03595116
2R	10588	241831	500	0.04232212	0.00045622	nan	nan	nan	nan	nan	-0.04477272
2R	241878	298577	500	0.06108764	0.00163591	nan	nan	nan	nan	nan	0.01163676
2R	298627	348710	500	0.05813655	0.00180944	-1.15375362	-1.05090115	0.35320503	-2.17666328	-0.1276311	-0.13052274
2R	348728	388233	500	0.06554742	0.00234776	-1.59616532	-1.66281312	0.33346408	-2.28129575	-0.7860035	0.00796639
2R	388257	420482	500	0.06022758	0.00292281	-1.72195416	-1.66720266	0.18450297	-2.47144218	-1.40430153	0.02447185
2R	420540	447629	500	0.08078795	0.00372432	-1.53892279	-1.52585419	0.1296679	-1.83756413	-1.19244453	0.08785278
2R	447646	479707	500	0.06835893	0.00326116	-1.04019174	-1.1257381	0.24766401	-1.4645047	-0.57149	-0.0912006
2R	479755	504520	500	0.09407741	0.00396082	-1.41049314	-1.4155968	0.18455709	-1.8989942	-0.9305454	0.04557644
2R	504530	537493	500	0.05461812	0.0028129	-0.48193981	-0.50058894	0.51746141	-1.65664227	1.08561109	-0.00296637
2R	537509	562920	500	0.04369124	0.0038392	-0.78180072	-0.79631835	0.62714841	-2.05655272	0.51537477	-0.02205674
2R	562977	588456	500	0.05186222	0.0036264	-0.3122455	-0.31056491	0.37278324	-1.4820471	0.62314261	0.0085259
2R	588546	611548	500	0.05231514	0.00391261	-0.6530694	-0.55392923	0.55520442	-2.08285216	0.62230739	-0.01035186
2R	611560	640489	500	0.05263135	0.00359754	-1.13343122	-1.23812172	0.42359633	-1.96399454	-0.21231714	-0.01891231
2R	640558	660900	500	0.04404535	0.0049004	-1.17488703	-1.13600695	0.35161853	-2.04345762	-0.46851326	0.05069034
2R	660907	685683	500	0.04499729	0.0043861	-0.4688251	-0.36108133	0.58194605	-1.64402338	0.51666662	-0.02063559
2R	685691	706638	500	0.03329262	0.00478685	-0.40638736	-0.44132455	0.46682162	-1.37923612	0.94586946	-0.02521236
2R	706647	734023	500	0.02479585	0.00317504	0.0211887	0.02868257	0.33423431	-0.75958063	0.99848674	-0.06415404
2R	734053	770840	500	0.03889471	0.00243797	-0.21930561	-0.21263491	0.44855304	-1.71015001	0.97071346	-0.0909656
2R	770843	798950	500	0.02982685	0.00334233	-0.75873984	-0.77948668	0.49330675	-1.91144942	0.74006961	-0.08110709
2R	798953	822517	500	0.03652461	0.00363288	-0.22955862	-0.39902552	0.60519315	-1.27678901	1.31333067	-0.02079226
2R	822571	836791	500	0.02409612	0.00559072	-0.84179155	-0.78318305	0.47901746	-2.65519655	0.1266095	-0.12345057
2R	836796	870688	500	0.04198041	0.00236312	-1.17577722	-1.16491194	0.49025405	-2.64025978	-0.08273906	-0.01397746
2R	870815	893925	500	0.04861414	0.00340403	-0.76209867	-0.80891167	0.24744742	-1.56477618	0.02550653	-0.07348661
2R	893931	919882	500	0.03402623	0.00357571	-0.4672953	-0.48065065	0.33630158	-1.55852891	0.39472528	-0.04749192
2R	919926	944089	500	0.03658947	0.00317254	-0.69696803	-0.62344734	0.36968948	-1.73435539	0.3159429	-0.02693564
2R	944116	964487	500	0.04283904	0.00431956	-0.82517221	-0.9987606	0.52924048	-1.77298125	0.50820827	-0.07216617
2R	964488	983634	500	0.05853493	0.00429588	-0.4196196	-0.53168925	0.49452647	-1.59041991	0.70871475	0.05443903
2R	983637	1005457	500	0.05286827	0.00329943	-0.60607095	-0.58135791	0.36527965	-1.68437677	0.37367213	-0.09172653
2R	1005525	1027246	500	0.05606838	0.00345957	-1.25630375	-1.26875641	0.44028429	-2.23411545	-0.20581517	-0.10994408
2R	1027275	1050805	500	0.03804791	0.00317594	-0.72493765	-0.73253258	0.30528776	-1.60096171	0.10988216	-0.07573583
2R	1050818	1076583	500	0.04275919	0.00265078	0.15377175	0.02260562	0.57021189	-1.15952284	1.76118646	-0.02450738
2R	1076621	1101706	500	0.04413568	0.00310803	-0.31219307	-0.41018939	0.35252913	-1.01862921	0.8557584	-0.06275527
2R	1101768	1124921	500	0.06016363	0.00335536	-0.22757777	-0.20062089	0.33710092	-1.25603625	0.70815365	0.03744121
2R	1124927	1157475	500	0.05572576	0.00265626	-0.75066378	-0.77406887	0.49965946	-2.11137147	0.67130825	-0.01623787
2R	1157510	1203214	500	0.08981194	0.00200655	1.40346018	1.44471113	0.55378812	-0.14583239	2.71093451	0.21208568
2R	1203248	1228829	500	0.06725942	0.00353315	1.01760353	0.95835916	0.26142728	0.47860722	2.02854519	0.07130257
2R	1228856	1268340	500	0.07533784	0.00241956	0.8421548	0.91868238	0.64814106	-1.42121167	2.18451557	0.02189812
2R	1268348	1290012	500	0.05065215	0.00410227	-1.07962256	-1.07005728	0.21313194	-1.61378683	-0.58639713	-0.10300619
2R	1290032	1320537	500	0.0660778	0.00298624	-0.0693944	-0.02689572	0.43730505	-1.11614833	0.8222492	0.12420954
2R	1320573	1351160	500	0.09188094	0.00295761	0.51891864	0.43855412	0.60677678	-0.56481416	1.94316708	0.15699664
2R	1351210	1380917	500	0.07507148	0.00306067	1.67430512	1.75262706	0.47251028	0.02774884	2.84225875	0.16998838
2R	1380921	1406784	500	0.06625771	0.00355419	1.60636407	1.5651988	0.55599066	0.32461005	2.92657339	0.13552276
2R	1406864	1425941	500	0.08393352	0.00421687	2.08620983	2.08199084	0.33931451	1.36105233	3.06671759	0.09888626
2R	1426060	1447890	500	0.07045366	0.00411299	2.28345036	2.26433893	0.32294297	1.51325148	3.22638575	0.02058887
2R	1447942	1472348	500	0.08837877	0.00396987	2.53804456	2.53916724	0.46061394	1.54875023	3.57407209	0.12912201
2R	1472375	1497888	500	0.08560102	0.00380553	2.4596892	2.47241468	0.35750665	1.27615831	3.49679369	0.23189222
2R	1497931	1521696	500	0.05401323	0.00380914	2.09014661	2.01250247	0.43205028	1.23351542	3.55143241	-0.03249714
2R	1521708	1542905	500	0.05103946	0.00448533	2.07907445	2.16246819	0.69163049	0.37559984	3.72335622	0.00633263
2R	1542938	1563542	500	0.05731179	0.00415142	1.7338397	1.80770432	0.59064135	0.43198436	3.21747006	-0.02150843
2R	1563544	1581593	500	0.03870206	0.00489851	1.87909411	1.85396784	0.5138847	0.49774499	3.49136643	0.06326805
2R	1581594	1608051	500	0.03706333	0.00364866	0.75151404	0.54558058	0.72461974	-0.55579643	2.45823284	0.03370371
2R	1608087	1636980	500	0.04133593	0.00340313	0.03075119	-0.17637308	0.49405593	-0.88627422	1.53359627	0.02154003
2R	1637024	1657667	500	0.03485071	0.00484075	-0.31466367	-0.30826256	0.39520788	-1.35358199	1.0369561	-0.08625456
2R	1657713	1676090	500	0.03358671	0.00449801	0.12634941	0.18681351	0.46907176	-0.93179211	1.28340508	-0.04603721
2R	1676093	1698850	500	0.02100681	0.00380034	-0.61632806	-0.58165634	0.32637385	-1.60656056	0.1663585	-0.08946613
2R	1698879	1730427	500	0.02692439	0.0027971	-0.47064171	-0.48426534	0.27376369	-1.12618166	0.30379027	-0.0720207
2R	1730433	1753837	500	0.03167502	0.00380362	-0.79587135	-0.76403971	0.32507332	-1.70774476	-0.09208223	-0.07083455
2R	1753912	1775159	500	0.0282146	0.00479739	-0.22808246	-0.24394901	0.41956438	-1.34264992	0.95709452	-0.08044688
2R	1775213	1799004	500	0.04654661	0.00365751	-0.50505522	-0.51739524	0.41431036	-1.42165574	0.46542904	-0.01445864
2R	1799035	1823061	500	0.03990396	0.00341158	-0.27656891	-0.23419512	0.41931688	-1.51167737	0.66773881	-0.03324688
2R	1823079	1856853	500	0.04490929	0.00250842	-0.12298488	-0.1603629	0.47179808	-1.18517472	1.33705283	-0.06519472
2R	1856915	1875103	500	0.0409899	0.00417955	-0.10735511	-0.09327258	0.25940564	-0.90203337	0.57425615	-0.09295745
2R	1875108	1904270	500	0.04082501	0.00285017	-0.2442438	-0.27602202	0.34332164	-1.09311216	1.01833118	-0.12021662
2R	1904337	1932956	500	0.05886434	0.00289236	0.42012965	0.34323739	0.48137879	-0.65914347	1.9853648	-0.06478068
2R	1932963	1974530	500	0.06259006	0.00194012	0.43348103	0.40250349	0.50555421	-0.89151164	1.72565669	0.00503458
2R	1974552	2011048	500	0.04089633	0.00211915	0.20246031	0.17598458	0.36634506	-0.57396635	1.39135103	-0.09474787
2R	2011234	2038676	500	0.06808728	0.00341164	0.34923753	0.36624129	0.39783812	-0.70282996	1.43084385	0.16919388
2R	2038857	2062463	500	0.054328	0.00355083	0.24616882	0.26184537	0.32401179	-0.63003368	1.29416993	0.04327128
2R	2062471	2086352	500	0.0247638	0.00327079	-0.34232366	-0.36078065	0.2316348	-1.04433512	0.35077654	-0.10933981
2R	2086355	2109950	500	0.02056226	0.00416276	-0.03633434	-0.10264324	0.36555043	-0.88520245	1.10439749	-0.08737357
2R	2110060	2139797	500	0.02787974	0.00269197	-0.26949832	-0.30539061	0.36339284	-1.1512792	0.76113138	-0.03294475
2R	2139812	2171476	500	0.03059126	0.0030255	0.05367061	0.03031562	0.33393907	-0.9043793	1.14587814	0.01692969
2R	2171614	2207567	500	0.03685124	0.00255483	0.45720446	0.37094542	0.57634619	-0.85028434	2.20835108	0.00382604
2R	2207621	2239282	500	0.03265517	0.00259643	0.49578176	0.46081854	0.39208582	-0.75655428	2.16663712	-0.00057168
2R	2239291	2266937	500	0.04916718	0.0027526	0.58706137	0.62452969	0.37604997	-0.46836708	1.61388623	-0.05648879
2R	2266942	2281409	500	0.05244934	0.00649567	0.69665696	0.62200234	0.29808445	0.06834107	1.68990896	-0.05099444
2R	2281424	2308793	500	0.04088359	0.00311911	0.16567945	0.19076043	0.29751969	-0.39847021	1.10020007	-0.08060354
2R	2308794	2333873	500	0.04805383	0.00338145	-0.56478223	-0.53605815	0.34924167	-1.36878207	0.24105414	-0.00432038
2R	2333875	2354959	500	0.0377317	0.00336827	-0.39879688	-0.40016282	0.23038967	-1.04167616	0.51029747	-0.06216219
2R	2354971	2384223	500	0.03003196	0.00254138	-0.39280992	-0.38070151	0.29570879	-1.60287839	0.49467004	-0.02150843
2R	2384330	2408062	500	0.04564091	0.00321451	-0.46897423	-0.43055365	0.29528777	-1.49064499	0.09530906	-0.03436589
2R	2408083	2427538	500	0.03865288	0.00356105	-0.41084602	-0.41518551	0.27954554	-1.1891532	0.58775583	-0.12176086
2R	2427539	2447585	500	0.0442423	0.00352151	-0.41753892	-0.41204701	0.33721992	-1.57503815	0.22372671	-0.0832556
2R	2447587	2467888	500	0.03343214	0.0038547	-0.52151388	-0.53553036	0.27698295	-1.31385556	0.19496563	-0.03924479
2R	2467918	2486804	500	0.02762115	0.00473126	-0.63938094	-0.59879784	0.33149721	-1.6292239	0.16513175	-0.04194162
2R	2486805	2502168	500	0.02850253	0.00535883	-1.05067821	-0.89731157	0.58504313	-2.4883389	0.10820352	-0.02522355
2R	2502180	2523079	500	0.02486684	0.00410066	-0.94315444	-0.98869294	0.52686186	-2.00654102	0.30835929	-0.0866574
2R	2523121	2546607	500	0.03261426	0.00358185	-0.72473544	-0.74674105	0.3911083	-1.55416971	0.40113185	-0.10510994
2R	2546609	2564052	500	0.04999072	0.00469925	-0.42328459	-0.54201668	0.45715707	-1.34106253	0.66886057	-0.08054759
2R	2564071	2581935	500	0.02951964	0.00372768	-0.30844226	-0.38833444	0.55865221	-1.63295279	0.79571929	-0.11114142
2R	2581943	2600260	500	0.03679081	0.00464703	-0.97561791	-0.99286283	0.30919856	-1.73598336	-0.3434372	-0.05106158
2R	2600286	2620669	500	0.03546522	0.0039849	-0.52653606	-0.50267854	0.4146822	-1.50245486	0.67932336	-0.04124783
2R	2620687	2643648	500	0.03928028	0.00404911	-0.51742768	-0.82205058	0.72354254	-1.63330134	1.28185286	0.00091661
2R	2643680	2668228	500	0.04700564	0.00380644	-0.71836559	-0.72210033	0.45206854	-2.07018746	0.58518757	-0.08448651
2R	2668231	2698634	500	0.02788075	0.00287826	-0.40684916	-0.38837326	0.37858115	-1.6047151	0.5155171	-0.04668623
2R	2698643	2730192	500	0.02159564	0.00257482	-0.76036762	-0.7061816	0.38042286	-2.38283968	0.08014779	-0.07328519
2R	2730194	2751997	500	0.0359833	0.00410398	-1.89923944	-1.84375651	0.47627689	-3.40671258	-0.65812814	-0.16309723
2R	2752137	2779450	500	0.02933003	0.00334574	-1.8147495	-1.81847837	0.46705598	-3.09159675	-0.95858256	-0.10668775
2R	2779458	2806867	500	0.0506367	0.00307443	-1.782426	-1.76937168	0.56712569	-3.65926739	-0.56951126	-0.04790596
2R	2806901	2828665	500	0.05237699	0.00390903	-2.33427562	-2.3570838	0.46024428	-3.59049585	-1.32836992	-0.09256579
2R	2828687	2848072	500	0.05190567	0.00448471	-1.88920881	-1.87628184	0.34345275	-2.9613764	-0.88384298	-0.10009676
2R	2848084	2881302	500	0.05631585	0.00242386	-1.32062145	-1.28154827	0.6885959	-2.7556951	0.18359437	0.00590741
2R	2881306	2894273	500	0.05479562	0.00578906	-1.05887923	-1.04652152	0.34902261	-2.05101796	-0.0996321	-0.02504451
2R	2894285	2914550	500	0.0421855	0.00370997	-1.71070418	-1.57300227	0.45771121	-3.13944292	-0.9204182	-0.06757822
2R	2914555	2930422	500	0.03809503	0.00462259	-0.93345892	-0.97881644	0.35435039	-1.69600174	0.0507703	-0.13083606
2R	2930473	2958186	500	0.04232642	0.00264591	-1.0545195	-1.06978014	0.36873189	-1.96003898	-0.05747186	-0.09092084
2R	2958193	2976956	500	0.04380958	0.00425069	-1.32158626	-1.2859213	0.39461756	-2.24329523	-0.43103757	-0.11890738
2R	2976990	2997153	500	0.05412355	0.00457533	-0.03225332	-0.1333191	0.56490474	-1.31873508	1.49440614	-0.03052768
2R	2997160	3026963	500	0.05214635	0.00325994	-0.59615746	-0.58926604	0.30165281	-1.42475076	0.15657223	-0.03385115
2R	3026964	3048391	500	0.03677458	0.00404999	-0.7007345	-0.68932253	0.2572336	-1.5623775	-0.03371736	-0.00937832
2R	3048417	3080901	500	0.02612197	0.00265984	-0.64304585	-0.5924438	0.35240708	-1.72499025	0.17141776	-0.04892426
2R	3080904	3102223	500	0.03977465	0.00405262	-0.45092971	-0.40301805	0.37454704	-1.4959979	0.49430484	-0.07807457
2R	3102246	3124247	500	0.03384087	0.00364251	-0.56149035	-0.58200241	0.3197318	-1.28581649	0.39687406	-0.04311658
2R	3124287	3139867	500	0.05261289	0.00563342	-0.09392585	-0.15264543	0.31241384	-0.80732611	0.94844156	-0.07368803
2R	3139886	3157175	500	0.02772134	0.00494166	-0.20268063	-0.27088732	0.35202486	-1.10355067	0.78627022	-0.02135176
2R	3157177	3176213	500	0.02762513	0.00509468	-0.62524945	-0.6372944	0.22254043	-1.17830693	0.06516056	-0.0584135
2R	3176223	3257141	500	0.02436532	0.00103921	-0.70730466	-0.73138078	0.38333065	-1.86064218	0.57310876	-0.12172729
2R	3257142	3286771	500	0.02459606	0.00290548	-0.49708285	-0.45715247	0.41553111	-1.58498149	0.41348211	-0.05984583
2R	3286816	3306277	500	0.03951082	0.00458679	-0.4740228	-0.45320232	0.35602	-1.62155517	0.33457039	-0.10032056
2R	3306280	3319908	500	0.03992802	0.00631925	-0.59171221	-0.61351484	0.35508383	-1.68920717	0.56788442	-0.05980107
2R	3319911	3340065	500	0.05370221	0.0042785	-1.38006161	-1.44070798	0.72163793	-3.79264289	-0.09725059	-0.17512662
2R	3340081	3359095	500	0.0457377	0.00434637	-0.76607682	-0.78795518	0.2877229	-1.4386748	0.11800694	-0.01903541
2R	3359200	3380479	500	0.05725307	0.00461149	-0.69164382	-0.66473884	0.63686363	-2.36079563	0.51780501	-0.12234275
2R	3380497	3404381	500	0.03223338	0.00374696	-0.50206831	-0.46259829	0.34883447	-1.70740948	0.32927701	-0.06023749
2R	3404408	3429226	500	0.04827252	0.00342336	-0.65857696	-0.49749314	0.51039298	-2.06402888	0.4081802	-0.05271772
2R	3429242	3485729	500	0.06308328	0.00142977	-1.81880568	-1.96505271	0.91250578	-3.88119943	-0.34746521	0.01932438
2R	3486145	3642975	500	0.05868981	0.00061139	-0.10327518	-0.12926233	0.53327279	-1.17035559	1.42230693	0.00765307
2R	3642979	3666399	500	0.04849322	0.00323975	-0.07077126	-0.093959	0.3491314	-0.92167149	0.92794049	-0.07240117
2R	3666509	3681668	500	0.06533419	0.00542212	0.01735688	-0.00988483	0.34874341	-0.93034808	0.99423123	0.02862339
2R	3681689	3700626	500	0.04314048	0.00473387	-0.39491167	-0.36974443	0.50785879	-1.42212537	0.75400489	-0.11523701
2R	3700666	3720763	500	0.04466325	0.00416472	-0.56982804	-0.53073144	0.42385673	-1.58909322	0.5075601	-0.01947182
2R	3720769	3739496	500	0.04718779	0.00446464	-0.32133661	-0.290455	0.48850505	-1.48809333	0.687759	-0.0438887
2R	3739563	3755342	500	0.02783164	0.0050846	-0.20796407	-0.25850385	0.29185645	-1.1813838	0.87798668	-0.09840705
2R	3755347	3771924	500	0.038444	0.00508788	-0.01955562	-0.09996901	0.4938953	-0.99672361	0.95995265	-0.04882355
2R	3771941	3788918	500	0.04435663	0.00421453	0.28025326	0.28393437	0.25529934	-0.43066679	1.01067083	0.0202084
2R	3788933	3808986	500	0.03801638	0.00387971	0.1952636	0.12036918	0.43071714	-0.73371128	1.85364042	-0.0309529
2R	3808993	3828475	500	0.04192931	0.00429589	0.53573063	0.53392714	0.3620013	-0.39728768	1.39887838	-0.00677102
2R	3828491	3852189	500	0.05149217	0.00324708	0.36832233	0.31546229	0.33502035	-0.30300519	1.27824174	-0.11939974
2R	3852192	3876401	500	0.0599812	0.00346567	0.34733958	0.25015825	0.38026147	-0.45523105	1.63447274	-0.07165143
2R	3876411	3901128	500	0.03454457	0.00323565	-0.03771953	-0.03068079	0.31180106	-0.89216987	0.86060115	-0.05644403
2R	3901134	3914186	500	0.02315935	0.00488188	-0.1682455	-0.22016504	0.2992403	-0.88036104	1.11817406	-0.09692995
2R	3914193	3932796	500	0.03756579	0.00376115	-0.37542798	-0.39018798	0.29013926	-1.18433858	0.36011697	-0.04112474
2R	3932806	3949276	500	0.02591418	0.00395874	-0.19950245	-0.22144597	0.22339247	-0.82420371	0.41641522	-0.01159396
2R	3949281	3962810	500	0.03435402	0.00559493	-0.35172925	-0.40686928	0.3708116	-1.09546642	0.54134065	-0.10487494
2R	3962813	3977153	500	0.03966557	0.00487941	-0.23386775	-0.2219396	0.26215832	-0.97370399	0.4975827	-0.08927589
2R	3977191	3990460	500	0.02647966	0.00535409	-0.22662832	-0.2053533	0.26913136	-0.94861147	0.65040143	-0.08353535
2R	3990474	4010717	500	0.04860783	0.00439843	-0.07189891	-0.15172577	0.43349494	-0.89868715	1.36497574	0.04622547
2R	4010720	4035818	500	0.0284465	0.00325324	-0.19825963	-0.27056102	0.36596473	-0.89869085	1.23806864	-0.11289827
2R	4035820	4057666	500	0.02831344	0.00392992	0.42534574	0.47590312	0.39998789	-0.68693026	1.31805724	-0.04156115
2R	4057684	4097417	500	0.030715	0.00186775	-0.12176402	-0.12996526	0.31593756	-0.93454345	0.76132956	-0.0458134
2R	4097434	4128676	500	0.05027193	0.00269198	0.08602462	-0.0101421	0.56002316	-1.22819569	1.70201894	0.01494904
2R	4128732	4165643	500	0.04358072	0.00231134	0.47241219	0.43407678	0.41327317	-0.59667639	1.5753194	-0.01558884
2R	4165690	4186752	500	0.05946664	0.00397169	-0.21922733	-0.3223824	0.44378678	-1.08611718	1.16396928	-0.05348984
2R	4186810	4204345	500	0.04760315	0.00491015	0.01238084	0.11659674	0.50884732	-1.34712177	0.99833366	-0.0368501
2R	4204363	4238725	500	0.04287844	0.00237674	0.23974807	0.22479775	0.56094858	-1.17693559	1.44204386	0.00793282
2R	4238729	4261516	500	0.04905034	0.0033971	0.67759316	0.68437346	0.34628282	-0.14801682	1.49884272	-0.03950217
2R	4261531	4279062	500	0.0586193	0.00429422	0.88155504	0.88291313	0.33753402	0.0548237	1.77445355	-0.05638808
2R	4279072	4301897	500	0.06522295	0.00297586	0.46240284	0.4444691	0.4049152	-0.46646911	1.4595553	-0.03964764
2R	4301924	4327803	500	0.06589707	0.0025567	0.5449653	0.51007072	0.40576118	-0.56073701	1.90173113	-0.07203189
2R	4327807	4355831	500	0.05637141	0.0024277	0.55093752	0.48502726	0.34287383	-0.21153251	1.95993204	0.03901902
2R	4355876	4382670	500	0.04154668	0.0027538	0.83118645	0.75674355	0.51103776	-0.24582345	2.16446866	0.0186194
2R	4382675	4411012	500	0.05326504	0.00265527	0.71637719	0.61517894	0.48716666	-0.22837636	2.06331448	-0.0457015
2R	4411189	4440750	500	0.05673084	0.00261248	0.73544086	0.74052358	0.44955023	-0.23617425	1.9096376	-0.0036154
2R	4440758	4474501	500	0.08096572	0.00278416	-0.00885914	-0.0462076	0.68777788	-1.14055036	1.40858883	0.17426302
2R	4474529	4509125	500	0.05620448	0.00239782	-0.00408339	0.03766863	0.3637289	-1.08394848	0.60272076	-0.04845427
2R	4509126	4531458	500	0.04139574	0.0036933	-0.02063668	0.00416872	0.23145932	-0.73494707	0.53634887	-0.09973867
2R	4531473	4551371	500	0.03078862	0.0038577	-0.65512971	-0.64646342	0.27082607	-1.34743497	0.41062791	-0.04346347
2R	4551379	4579326	500	0.03562879	0.00277533	-0.04061215	-0.06698201	0.33224725	-0.9427629	1.11136705	-0.00503654
2R	4579356	4602886	500	0.04003507	0.00319871	0.14256266	0.13400518	0.2428814	-0.44223108	0.85076191	0.05616231
2R	4602895	4625661	500	0.0492439	0.00301774	1.0529972	1.06209696	0.46347088	-0.26978534	2.22477083	-0.04423559
2R	4625667	4663291	500	0.03924359	0.00204287	0.74232641	0.65501733	0.72679402	-0.6438786	2.57248321	-0.01883398
2R	4663331	4709830	500	0.03239828	0.00148481	-0.30787116	-0.28683304	0.30872323	-1.22398037	0.43537053	-0.04647362
2R	4709833	4752009	500	0.03503209	0.00178923	0.14044628	0.07705526	0.49042839	-0.84421579	1.4844458	0.04772495
2R	4752036	4779012	500	0.04967432	0.00293922	0.43379073	0.34439085	0.42348938	-0.55638156	2.10932542	-0.00533868
2R	4780424	4826689	500	0.04070643	0.00197702	-0.06432675	-0.0308157	0.41957391	-1.41249537	1.00793126	0.01116677
2R	4826697	4857497	500	0.06031667	0.00255215	0.09902641	0.14410449	0.39017779	-0.83359585	1.06375442	0.05088057
2R	4857515	4891242	500	0.04027696	0.0019787	0.02266534	0.03489135	0.2637466	-0.71390748	0.90979353	0.01491547
2R	4891333	4942463	500	0.03019853	0.00137434	-0.50005681	-0.51930467	0.36566256	-1.38875784	0.83818526	-0.13889296
2R	4942493	5001514	500	0.03301355	0.0012762	-0.28473197	-0.31301312	0.31677199	-1.21862372	0.66758735	-0.03994977
2R	5001520	5057910	500	0.03658713	0.00135556	-0.31855671	-0.25890038	0.61513341	-2.66134929	1.13318154	-0.04431392
2R	5057960	5104348	500	0.03850061	0.00163344	-0.33049441	-0.34596898	0.30495871	-1.10195825	0.53195361	-0.07027504
2R	5104417	5142459	500	0.03873667	0.00199682	-0.39206846	-0.3718248	0.46124763	-1.93798908	0.62991384	-0.0686189
2R	5142471	5159515	500	0.02899467	0.00508518	-0.19490168	-0.22757584	0.37276557	-0.95773051	0.90672681	-0.041729
2R	5159537	5177346	500	0.04034145	0.00488665	0.02702157	-0.00044139	0.38043023	-0.98019932	1.01639022	-0.05384792
2R	5177352	5209481	500	0.04254513	0.00254418	0.39973103	0.34045931	0.36460399	-0.63594267	1.75854932	0.01565402
2R	5209487	5241910	500	0.03088066	0.00283206	-0.23265165	-0.26030098	0.43146408	-1.23096064	1.1530763	-0.04524271
2R	5241927	5275065	500	0.02981557	0.0025821	-0.25485466	-0.29771425	0.35371885	-1.19213847	0.96740169	-0.1105931
2R	5275112	5297751	500	0.04788116	0.00385719	-0.47038424	-0.53819852	0.61972568	-1.93338131	0.85067141	-0.01856542
2R	5297766	5318777	500	0.02313506	0.00371321	-0.29060491	-0.29027665	0.32548551	-1.37834911	0.62230466	-0.05054683
2R	5318791	5341813	500	0.06053356	0.00372473	0.48672683	0.47272747	0.35074563	-0.23541574	1.33239479	0.10680887
2R	5341817	5367827	500	0.05679572	0.00319829	0.77168578	0.72142936	0.49123675	-0.47355959	2.38982606	-0.03330283
2R	5367830	5400552	500	0.06496389	0.002775	0.79842322	0.81105771	0.55211539	-0.56226387	2.12631271	0.02987668
2R	5400554	5426457	500	0.04358494	0.00345767	0.17383776	0.27239278	0.48629718	-1.10136546	1.27798707	-0.070096
2R	5426460	5449011	500	0.03975011	0.00430483	-0.40528116	-0.48118979	0.43011874	-1.47809218	0.59795233	-0.0505804
2R	5449026	5496740	500	0.05163402	0.00185221	-0.41881739	-0.43971479	0.3695968	-1.47704367	0.67233252	0.05302908
2R	5496986	5545706	500	0.04226264	0.00179963	-0.58506042	-0.60411927	0.38672122	-1.62854481	0.80848357	-0.06999529
2R	5545841	5576252	500	0.04629452	0.00253081	-0.0365369	-0.08408744	0.38272897	-0.94921192	1.11661344	-0.00442109
2R	5576253	5599513	500	0.05184142	0.00330889	0.16091557	0.1730687	0.4240346	-0.84265711	1.23332575	-0.019718
2R	5599562	5625191	500	0.0594849	0.00319045	0.80682979	0.83224	0.52491445	-0.64351515	2.27368249	0.02582585
2R	5625192	5648061	500	0.04664448	0.00339659	-0.65107945	-0.6413077	0.36531947	-1.45814428	0.21182002	-0.00041502
2R	5648079	5673212	500	0.03736273	0.0029343	-0.64500237	-0.54336296	0.46860468	-1.79536548	0.55269914	-0.0970978
2R	5673258	5697604	500	0.0362228	0.00334502	-0.56629924	-0.551701	0.25329954	-1.32640316	0.3752546	-0.01810662
2R	5697693	5725585	500	0.03753678	0.00342066	-0.52407757	-0.51818607	0.34141989	-1.54413567	0.40940803	0.00656763
2R	5725588	5751576	500	0.03287755	0.00342118	-0.33220552	-0.35837896	0.30619474	-1.06158523	0.62214796	-0.10142838
2R	5751763	5776407	500	0.05007705	0.00333906	-0.20430311	-0.21603357	0.27968749	-1.15411086	0.52372819	-0.02933033
2R	5776452	5799805	500	0.03805521	0.00362917	0.05987534	0.01071648	0.37235338	-0.72049993	1.22383412	-0.04545532
2R	5799817	5835946	500	0.03419265	0.00231432	0.74081902	0.81326602	0.58283414	-0.95664195	2.15150679	-0.03796912
2R	5835949	5857634	500	0.04133655	0.00485005	0.23660626	0.3179297	0.36025631	-1.08393851	0.97751091	-0.09920154
2R	5857691	5875979	500	0.03910732	0.00410992	0.41381368	0.46494457	0.39986603	-0.34255174	1.2729303	-0.02541378
2R	5875992	5892708	500	0.05975901	0.00505952	-0.53795415	-0.62899818	0.39860224	-1.24041937	0.30241071	-0.11659102
2R	5892737	5914451	500	0.05113709	0.00439	-0.03255694	-0.0123572	0.20898111	-0.55904425	0.53730832	0.05819892
2R	5914459	5936854	500	0.06985537	0.0038422	-0.12801143	-0.15020793	0.25105434	-0.86584907	0.67643634	0.02629584
2R	5936965	5954656	500	0.04883987	0.00503282	-0.21131704	-0.25103306	0.29881478	-0.90439882	0.65966257	-0.03550729
2R	5954657	5977780	500	0.01720922	0.00324341	-0.37958151	-0.35583177	0.28529035	-1.18093317	0.35804255	-0.07094645
2R	5977783	6001773	500	0.02953983	0.00309225	-0.34686443	-0.37250131	0.34398525	-1.33350014	0.91355837	-0.02390311
2R	6001780	6018124	500	0.04827587	0.00456443	-1.1453463	-1.20394432	0.33757913	-2.01319398	-0.12175725	-0.10328594
2R	6018127	6040322	500	0.05278566	0.00379421	-0.65873024	-0.6972446	0.23760837	-1.43749409	0.28949004	-0.00095214
2R	6040338	6066371	500	0.05822491	0.00352616	-0.33047445	-0.36999866	0.30407254	-1.06599042	0.85726204	-0.03683891
2R	6066372	6099942	500	0.03492833	0.0027284	-0.66361885	-0.62303557	0.43535042	-1.77503347	0.25890138	-0.01728974
2R	6099947	6124354	500	0.0372052	0.00425112	-0.20791288	-0.2005495	0.29400509	-0.91885075	0.66202192	0.00732856
2R	6124357	6145574	500	0.0383095	0.00413305	-0.1194082	-0.06962267	0.42564241	-1.47235552	1.11218691	-0.08861568
2R	6145576	6175950	500	0.05058459	0.00269823	0.26969689	0.11076117	0.54669339	-0.64567042	1.65474259	0.090102
2R	6175956	6208150	500	0.04137339	0.00261428	1.04492043	1.03820676	0.37045451	0.06718934	1.85639766	-0.00340278
2R	6208483	6239291	500	0.06959143	0.00291855	1.13437315	1.19977431	0.29877271	0.31814503	1.78028899	0.16365477
2R	6239324	6265673	500	0.07436914	0.00309685	0.51667712	0.5745156	0.33057575	-0.40527831	1.20053803	-0.00742004
2R	6265684	6288053	500	0.09456133	0.00356767	0.02481271	-0.14517369	0.55678348	-0.75869936	1.60016465	0.0958873
2R	6288058	6315984	500	0.05777574	0.00292976	-0.33673103	-0.26476159	0.32243559	-1.22767755	0.32276185	-0.03184811
2R	6315987	6341567	500	0.07980031	0.00343668	-0.09237205	-0.10290629	0.20153982	-0.54940344	0.44060118	0.13915956
2R	6341577	6389608	500	0.07747963	0.00183944	-0.56774175	-0.59344885	0.26747224	-1.5468904	-0.07140838	0.12561949
2R	6389992	6422035	500	0.05213533	0.00289225	-1.04616557	-1.0514723	0.82587475	-2.72681157	0.49950861	-0.09139083
2R	6422075	6463910	500	0.04321639	0.00175538	-0.59063174	-0.60515502	0.31824232	-1.5352164	0.13096472	-0.08213659
2R	6465360	6510093	500	0.05746297	0.00225069	-0.82255684	-0.85781903	0.57078189	-1.83204505	0.82249617	0.03410655
2R	6511803	6538267	500	0.0727941	0.00336156	-0.60300635	-0.58368672	0.36407795	-1.90932483	0.25848465	-0.02853583
2R	6538268	6579170	500	0.04483761	0.00196127	-0.22981026	-0.21443584	0.4422327	-2.51645124	0.75369605	-0.04332919
2R	6579690	6597163	500	0.03210349	0.00497815	0.26628357	0.27241538	0.36083914	-0.49313653	1.00920126	-0.05692521
2R	6597179	6620048	500	0.03832478	0.0036115	0.31116322	0.30660324	0.31151703	-0.53258097	1.1521046	0.03981352
2R	6620083	6639223	500	0.03619619	0.00427962	0.43167411	0.37733177	0.33644316	-0.20814163	1.72478458	-0.06478068
2R	6639246	6670522	500	0.0471496	0.00223765	0.11353335	0.13432145	0.52452416	-1.04337763	1.84248295	-0.06870842
2R	6670556	6713278	500	0.0400482	0.00187999	-0.04384082	-0.15015833	0.4513743	-1.14446233	1.28205829	-0.03170264
2R	6713286	6743870	500	0.03035588	0.00251009	-0.26491396	-0.45360135	0.51944256	-1.11121835	1.02590125	-0.0640869
2R	6743941	6785892	500	0.05644049	0.00217415	0.01310974	-0.02999186	0.43916359	-0.96877213	1.15751399	0.01708636
2R	6785895	6812334	500	0.06157455	0.00334848	0.47043163	0.4962174	0.40674129	-0.40105821	1.63407807	0.10762575
2R	6812352	6838326	500	0.05116867	0.00304184	-0.02880015	-0.08095408	0.41921521	-1.05039209	1.08394204	-0.11330112
2R	6838361	6862799	500	0.04626578	0.00329484	-0.58172257	-0.58058747	0.39025281	-1.50630686	0.39782328	-0.0211951
2R	6862843	6891251	500	0.05610164	0.00255922	-0.65285595	-0.65194987	0.41575953	-1.87186819	0.23302381	-0.02644328
2R	6891275	6936415	500	0.0573866	0.00183715	-0.13002874	-0.1900756	0.32844572	-0.81624177	0.95840175	0.00596336
2R	6936421	6964894	500	0.06108808	0.0026018	0.44239014	0.42845134	0.40264374	-0.77622164	1.81124535	0.02684416
2R	6964916	6986835	500	0.05504904	0.00397662	1.15189388	1.17704429	0.38703162	0.20086053	2.20851077	0.03184615
2R	6986840	7016840	500	0.06920626	0.00299092	1.26540206	1.31557143	0.63482681	-0.74505893	2.55665706	0.06123145
2R	7016848	7052333	500	0.07199117	0.00269978	1.37852165	1.37882504	0.48456219	-0.34917463	2.53858033	0.15523978
2R	7052432	7077598	500	0.05286164	0.00367284	1.48557011	1.48589585	0.35234276	0.66676157	2.47108878	-0.00719624
2R	7077599	7100099	500	0.06174095	0.00378564	1.27139014	1.24583374	0.36693311	0.53375167	2.32648215	0.02587061
2R	7100129	7125628	500	0.05862972	0.0031938	1.33993607	1.44219942	0.39764685	0.47703359	2.16928174	-0.01852066
2R	7125643	7159174	500	0.06722489	0.00231928	0.8970529	0.88104588	0.55052263	-0.30124303	2.04490793	0.03025715
2R	7159291	7189965	500	0.08127802	0.00285171	1.38269154	1.37534708	0.28776558	0.81297352	2.24314865	0.13508635
2R	7190076	7217199	500	0.07448031	0.00346195	1.58711498	1.59798974	0.41507927	0.28931619	2.75240701	0.1598725
2R	7217222	7241228	500	0.08703811	0.00371207	1.00217091	0.96224335	0.34371626	0.24285422	2.17951662	0.06436468
2R	7241296	7276810	500	0.04386071	0.00229993	0.26266254	0.21911152	0.54994151	-0.79197422	1.797524	-0.00776694
2R	7276858	7317912	500	0.06630144	0.00216233	0.57165378	0.471693	0.67262394	-0.59918036	2.41123741	0.08309697
2R	7317935	7355857	500	0.05546921	0.00258295	1.24176531	1.18867112	0.40507412	0.29319778	2.44419672	0.07935947
2R	7355868	7383329	500	0.0597739	0.00294457	0.87859423	0.89811443	0.37728225	-0.26895262	2.00534587	0.04612476
2R	7383344	7416172	500	0.07000551	0.0025658	0.5336137	0.42889187	0.44993968	-0.2002321	1.98292601	-0.026074
2R	7416180	7441166	500	0.04072741	0.00309066	0.52883035	0.53259882	0.2522111	-0.09282885	1.09961428	-0.0728152
2R	7441190	7470208	500	0.0454704	0.00303618	0.72032273	0.68936518	0.30920466	0.05491104	1.37563014	-0.06293431
2R	7470230	7504601	500	0.04915706	0.00249915	0.07092822	0.07181736	0.32300237	-0.62879898	0.93771483	-0.05618666
2R	7504607	7548700	500	0.04684917	0.00204977	-0.59547616	-0.60428887	0.42220078	-1.67830765	0.83219591	-0.09156987
2R	7548712	7586782	500	0.0429027	0.0022253	0.20223268	0.20100489	0.38658378	-0.74359433	1.30486445	-0.0678244
2R	7586787	7622398	500	0.04764188	0.00250816	-0.22286343	-0.31473477	0.35357534	-0.82637454	0.74655886	-0.03989382
2R	7622404	7665375	500	0.05184514	0.00206128	0.3300816	0.20847345	0.3998182	-0.61398656	1.35363209	0.02580347
2R	7665380	7692770	500	0.03373799	0.00332265	-0.18826077	-0.1199457	0.29512652	-0.97126323	0.43458458	-0.06503806
2R	7692806	7725184	500	0.05590905	0.00269112	-0.17451556	-0.21668077	0.30225487	-0.75448529	1.22559051	0.05302908
2R	7725187	7757635	500	0.05564847	0.00266528	0.27932148	0.15872115	0.43969347	-0.56638317	1.63931726	0.02458375
2R	7757704	7792836	500	0.07227142	0.0024831	1.10114978	1.00452725	0.61212482	-0.05251795	3.11670219	0.1065515
2R	7792844	7836364	500	0.09120236	0.00235475	0.98355802	1.00876203	0.4464102	-0.09258046	2.13388152	0.19479692
2R	7836495	7879368	500	0.04163999	0.00206158	0.2873049	0.25922208	0.46446643	-0.70706083	1.35351563	-0.08300942
2R	7879457	7914082	500	0.05550148	0.00272232	0.97762867	0.9795624	0.45415172	-0.23469593	1.89648822	-0.01492862
2R	7914084	7955939	500	0.0635645	0.00182789	0.20017879	0.15874457	0.35076419	-0.6417725	1.28296295	-0.01251156
2R	7955947	7989385	500	0.03022328	0.00241722	0.25986868	0.24143178	0.30872288	-0.36405295	1.0957686	-0.09319244
2R	7989420	8025883	500	0.04860001	0.00238984	0.65330636	0.67585887	0.41074228	-0.74090875	1.67989079	-0.03836077
2R	8025933	8066859	500	0.04251797	0.00210627	0.01677801	-0.16629141	0.65968621	-1.15413383	1.84125275	-0.05156513
2R	8066886	8090727	500	0.03978828	0.00333888	-0.3549153	-0.33563289	0.2688283	-1.12396025	0.51564825	-0.0901711
2R	8090751	8112900	500	0.02337551	0.00396645	-0.40367002	-0.4002213	0.27625274	-1.00817945	0.5350535	-0.00915451
2R	8112905	8130341	500	0.02387477	0.00509843	-0.51583385	-0.5189292	0.30896406	-1.3391181	0.3134295	-0.05737281
2R	8130357	8150108	500	0.02354301	0.004408	-0.4896279	-0.5587294	0.26454644	-1.04858689	0.36379276	-0.07504204
2R	8150123	8170958	500	0.035572	0.00390667	-0.52916692	-0.52569699	0.22504151	-1.30695195	0.05529162	-0.04908092
2R	8171187	8189849	500	0.04068874	0.00433719	-0.92551953	-0.93493194	0.36141928	-1.98566661	0.12983285	-0.08230444
2R	8189857	8204807	500	0.04445599	0.00576554	-0.72222921	-0.71529391	0.26804312	-1.53487294	0.00245823	-0.00755432
2R	8204832	8231596	500	0.03655639	0.00308654	-0.23229911	-0.25104727	0.23372382	-0.88568226	0.47505958	-0.05786518
2R	8231618	8264690	500	0.03174714	0.00261225	-0.51443137	-0.48782017	0.36132022	-1.78049306	0.18495125	-0.03620107
2R	8264780	8297794	500	0.0425633	0.0028981	0.36932937	0.39304956	0.36303208	-0.40120327	1.06645992	0.08715899
2R	8298759	8336997	500	0.04933075	0.00245857	-0.49320073	-0.37524504	0.41809787	-1.51205197	0.2736923	-0.20755564
2R	8337088	8376943	500	0.04401513	0.00274839	-0.71074459	-0.70437762	0.19078394	-1.59719711	-0.15365474	-0.24014132
2R	8377027	8412180	500	0.0588599	0.0027443	-0.05643242	-0.0666744	0.45343405	-0.98415605	1.48551219	-0.04407893
2R	8412181	8449045	500	0.04270641	0.00266187	0.10250653	0.11947371	0.49960034	-1.12282934	1.83081047	-0.0470667
2R	8449066	8485831	500	0.03950373	0.00225529	-0.93267143	-0.82907568	0.54060088	-2.6903444	-0.05168447	-0.12117897
2R	8485838	8530339	500	0.04356082	0.00226434	-0.42207307	-0.44045351	0.24542025	-0.94859103	0.38038856	0.08187725
2R	8530438	8560118	500	0.04973805	0.0028342	-0.5929447	-0.51875724	0.35816512	-1.5325962	-0.03901869	0.02871291
2R	8560158	8582747	500	0.02988151	0.00380998	-1.08221576	-1.12489104	0.39583266	-1.75414188	0.03944999	-0.0173345
2R	8582789	8608392	500	0.02851296	0.00326289	-0.51983379	-0.50635549	0.2300499	-1.39349492	0.12676063	-0.05891705
2R	8608406	8649601	500	0.03885102	0.00203662	-0.2535396	-0.30528553	0.34967427	-1.06858442	0.709342	-0.02548092
2R	8649873	8680364	500	0.02696765	0.00270091	-0.1895174	-0.2171785	0.31348568	-0.88786049	0.90035546	-0.02703635
2R	8680482	8699173	500	0.02413271	0.00442837	0.19156274	0.16158074	0.31359282	-0.60276349	1.14165707	-0.06738799
2R	8699289	8716815	500	0.03436808	0.0048626	0.28918145	0.24127817	0.32731904	-0.33662865	1.32527865	-0.12536408
2R	8716842	8739737	500	0.02686546	0.00419317	0.52543245	0.52685912	0.29961605	-0.2455097	1.47087239	0.00346796
2R	8739743	8765517	500	0.03285592	0.00349597	0.79655917	0.69031149	0.47155234	0.03842203	2.37370515	-0.05152037
2R	8765537	8789654	500	0.03275775	0.00347088	-0.04577846	-0.10266647	0.4875464	-1.1738143	1.19323899	-0.00013526
2R	8789660	8813057	500	0.02450601	0.00404631	-0.99932138	-1.05165808	0.60953034	-2.35285256	0.64089815	-0.05404934
2R	8813068	8833904	500	0.03952376	0.00445416	-0.07051336	-0.0825341	0.36790003	-0.93064963	0.97750906	-0.04650719
2R	8834005	8879409	500	0.02326574	0.00175202	-0.20882121	-0.33548291	0.40940611	-0.88897113	1.13456916	-0.04912568
2R	8879415	8907501	500	0.04470176	0.0030442	-0.06880203	-0.11616754	0.36428234	-0.72659623	1.16100127	-0.0337952
2R	8907505	8934003	500	0.03226427	0.00285162	-0.11838199	-0.20176553	0.40409157	-1.1013685	1.27553812	-0.03326926
2R	8934087	8956714	500	0.01876261	0.00394177	0.13517315	0.11433573	0.48307326	-0.96737459	1.2319508	-0.09261055
2R	8956717	8981714	500	0.0452937	0.00349075	0.76234273	0.85856847	0.61955066	-0.62496688	1.95738809	-0.01242203
2R	8981747	9008443	500	0.02441076	0.00325603	0.40678417	0.38714746	0.54937235	-0.95282441	1.74960053	0.01389717
2R	9008527	9045295	500	0.02757508	0.00200689	-0.22943179	-0.30034909	0.45098885	-1.41734243	0.93760895	-0.09941416
2R	9045325	9092016	500	0.04047678	0.00184474	-0.06601519	-0.09971881	0.32485959	-0.79670004	0.95660205	0.00479959
2R	9092118	9128232	500	0.03927036	0.00244808	0.00465549	-0.03574818	0.38580746	-0.72040043	0.96300316	0.03267422
2R	9128314	9152201	500	0.0416276	0.00382996	-0.38100138	-0.36196663	0.34022457	-1.15121039	0.63698628	0.02784008
2R	9152202	9177491	500	0.03684971	0.00328796	-0.57612855	-0.56894325	0.33369765	-1.28429346	0.48942702	-0.05200155
2R	9177540	9222080	500	0.0337768	0.00190499	-0.4797808	-0.49243658	0.29319715	-1.25207012	0.59207789	-0.00868453
2R	9222088	9263537	500	0.02731836	0.00188112	-0.33268817	-0.3033019	0.3686731	-1.15286683	0.42978846	-0.03274332
2R	9263580	9292326	500	0.03433547	0.00293633	-0.28272611	-0.26991041	0.24925934	-0.93080757	0.40517537	-0.07042051
2R	9292337	9318844	500	0.03284898	0.00333128	-0.03382932	-0.06281684	0.3155509	-0.87884782	0.89132096	0.0254342
2R	9318873	9350409	500	0.0434895	0.00252392	-0.12405812	-0.15842519	0.33724195	-1.00531143	0.95760385	-0.01896826
2R	9350415	9379552	500	0.04327199	0.00266156	-0.0023771	-0.06540575	0.33710064	-0.60699124	1.0384488	0.01717588
2R	9379592	9411837	500	0.02317741	0.00218734	-0.25923346	-0.2714353	0.3334731	-1.21125488	0.92987404	-0.04567912
2R	9411838	9452180	500	0.02893091	0.00221484	-0.19282435	-0.23627821	0.34024513	-0.99238112	0.6696898	-0.08974588
2R	9452245	9488708	500	0.02474879	0.00218837	-0.5662759	-0.55994987	0.2627131	-1.36581082	0.28755923	-0.10995527
2R	9488709	9532537	500	0.03568365	0.00172993	-0.49687381	-0.48299411	0.28800736	-1.49061175	0.21390885	-0.07114787
2R	9532576	9581362	500	0.02853557	0.00184583	-0.56032605	-0.53339111	0.29250671	-1.25140844	0.2765882	-0.1142299
2R	9581372	9611563	500	0.04066823	0.00291176	-0.5856068	-0.6844919	0.39231922	-1.21946565	0.51389935	-0.08266252
2R	9611588	9649245	500	0.07464782	0.00223586	-0.68330523	-0.70473419	0.463206	-1.71051006	0.32168317	0.02679939
2R	9649247	9728103	500	0.02655857	0.00122527	-0.15478869	-0.18137559	0.39722879	-1.01930838	0.90989033	-0.02506689
2R	9728127	10209283	500	0.0375108	0.00016637	nan	nan	nan	nan	nan	0.00785449
2R	10209311	10254713	500	0.04104823	0.0017704	-0.284852	-0.3373065	0.35352006	-0.9815516	1.30040586	-0.0303822
2R	10254811	10288986	500	0.04373357	0.00245695	-0.4561613	-0.37659515	0.42292405	-1.83325827	0.32362892	-0.12434578
2R	10289029	10368491	500	0.02698056	0.00107208	-0.37540943	-0.3894198	0.30034892	-1.34094097	0.68629752	-0.04157234
2R	10369261	10457027	500	0.0332531	0.0009115	-0.23426218	-0.2460555	0.37135621	-1.24359246	0.69322222	-0.07165143
2R	10457046	10514381	500	0.03647177	0.00132339	-0.34650443	-0.39029696	0.42637355	-1.55645709	0.95959673	-0.06429951
2R	10514452	10546838	500	0.04624577	0.00248161	0.1093305	0.02161277	0.41805308	-0.75595022	1.76097671	-0.0521694
2R	10546849	10600065	500	0.02874364	0.00170737	-0.03433249	-0.05441595	0.36232009	-0.83880657	0.92871107	0.00880566
2R	10600099	10621994	500	0.0365716	0.00430104	0.19207742	0.15566816	0.41881595	-0.86510819	1.82029785	-0.00467846
2R	10622020	10651207	500	0.03466988	0.00297633	1.0660214	1.06965539	0.69832147	-0.22807634	2.64350404	-0.00389515
2R	10651220	10673441	500	0.04492192	0.00400226	1.78432523	1.80387426	0.52280968	0.30858727	2.90997173	0.06132097
2R	10673686	10694658	500	0.04858347	0.00418553	1.02810435	0.962428	0.73558469	-0.70211612	2.61633407	0.050847
2R	10694676	10722346	500	0.03417094	0.00302808	-0.26473346	-0.28839025	0.29315438	-0.95337543	0.76406672	-0.06620183
2R	10722559	10744770	500	0.03938757	0.00352341	-0.49651732	-0.49858775	0.27513667	-1.17930572	0.18361544	-0.07932786
2R	10744825	10763950	500	0.03273341	0.00396505	-0.58821374	-0.57399242	0.35340238	-1.46138212	0.32062586	-0.07885788
2R	10763977	10785056	500	0.03953381	0.00362144	-0.25443286	-0.27719775	0.32747408	-0.99468681	0.93738077	-0.03749913
2R	10785127	10805773	500	0.03677502	0.00371401	-0.23658912	-0.30009645	0.41751743	-1.31695145	1.48608113	-0.05045731
2R	10805871	10828489	500	0.0286379	0.00364928	-0.45666712	-0.49982995	0.320434	-1.39038203	0.52363522	-0.10587087
2R	10828584	10878739	500	0.04503011	0.00203787	-0.25852164	-0.38617916	0.54384547	-1.2709989	1.44712272	0.03749717
2R	10878769	10934466	500	0.04301018	0.00134204	-0.57873273	-0.56061612	0.27840177	-1.515503	0.09671872	-0.05667903
2R	10934521	10982340	500	0.05461165	0.00175555	-0.60855826	-0.55702911	0.42580127	-1.71147602	0.30662396	0.04322652
2R	10982369	11018545	500	0.03728457	0.00205279	-0.46313838	-0.40091838	0.38924861	-1.41563979	0.47302982	-0.05722734
2R	11018662	11046159	500	0.03800663	0.002774	-0.37179073	-0.32961007	0.26974949	-1.17602539	0.15972468	-0.08363606
2R	11046174	11074679	500	0.02456949	0.00269847	-0.59388155	-0.56836084	0.26903082	-1.40777253	0.22996735	-0.09710899
2R	11074854	11109341	500	0.0315307	0.00181306	-0.74804493	-0.69696384	0.27246099	-1.51575636	0.05400309	-0.14392852
2R	11109363	11138983	500	0.03583061	0.00266285	-0.64327397	-0.64814171	0.22778984	-1.32568453	0.13695165	0.01314743
2R	11138999	11188718	500	0.0337371	0.00137135	-0.34487373	-0.35308602	0.30930772	-1.22398856	0.50340087	-0.05616428
2R	11188719	11214767	500	0.03798771	0.00251533	-0.37556711	-0.40165843	0.2842083	-1.21420604	0.6079343	-0.09671733
2R	11214800	11280636	500	0.04229484	0.00105863	-0.32850426	-0.29120342	0.35253709	-1.47022608	0.39390453	0.00186777
2R	11280642	11321991	500	0.0280652	0.00191859	-0.30081422	-0.31288784	0.2849232	-1.19347809	0.79485701	-0.09923512
2R	11322113	11386268	500	0.04230065	0.0011196	-0.0612472	-0.11502113	0.32736993	-0.74231365	1.35822189	-0.04702194
2R	11386291	11432108	500	0.05586687	0.00167436	-0.54632415	-0.55267672	0.22250429	-1.35632238	0.16511636	-0.05938704
2R	11432143	11478136	500	0.04885404	0.0018131	-0.57695398	-0.61070995	0.27555702	-1.39039692	0.22348748	-0.0595437
2R	11478246	11516199	500	0.05563215	0.00238866	-0.16060768	-0.22905747	0.4643485	-1.05062945	1.48060364	-0.01859899
2R	11516203	11537206	500	0.06435505	0.00415689	0.70750466	0.77026378	0.46462841	-0.35995167	1.96439708	0.05883676
2R	11538149	11563776	500	0.05751933	0.00314602	0.68040822	0.67814139	0.35131331	-0.41481522	1.77873368	0.06311139
2R	11565015	11580843	500	0.03598895	0.00445148	0.1793692	0.19366114	0.24727824	-0.35662967	0.82000216	-0.09240913
2R	11580845	11606972	500	0.02672615	0.00329563	0.18643741	0.2056673	0.51298355	-0.72506958	1.65195578	-0.0285694
2R	11607589	11650555	500	0.04776286	0.0018903	0.35177973	0.41464972	0.60300473	-1.03650978	1.4758098	-0.04009524
2R	11650558	11674054	500	0.03280099	0.00352228	-0.16508517	-0.28715947	0.53626032	-1.27299932	1.17996859	-0.13292862
2R	11674056	11699222	500	0.04823905	0.0030425	1.16133668	1.16134368	0.61266642	-0.76718968	2.80847913	0.00871613
2R	11699228	11737545	500	0.07169508	0.00225664	0.04906333	0.02753951	0.43148762	-0.99427943	1.23788851	0.03887355
2R	11737560	11767089	500	0.05559499	0.00308455	0.24053291	0.33437487	0.47549831	-0.79291099	1.22865674	-0.00104167
2R	11767095	11798630	500	0.06221932	0.00278002	-0.53612158	-0.52541723	0.34124951	-1.54559945	0.38601354	0.04370769
2R	11798813	11822968	500	0.05214678	0.00323706	-0.43055826	-0.46238749	0.34421481	-1.26991087	0.61068033	-0.00396229
2R	11822971	11853558	500	0.03785261	0.00232134	-0.46906496	-0.49961594	0.31112127	-1.25087479	0.36948764	-0.06686205
2R	11853570	11908187	500	0.03746746	0.00141135	-0.12537511	-0.16552166	0.52840707	-1.26246449	1.79577162	-0.08328917
2R	11908223	11949355	500	0.04274185	0.00180652	0.57087731	0.58154116	0.41535876	-0.849478	1.89568764	-0.0146153
2R	11949415	11971599	500	0.02031473	0.0038386	0.39042663	0.35459484	0.37749033	-0.38137156	1.46745893	-0.09633687
2R	11971607	12004490	500	0.02279038	0.00272473	0.20357574	0.15059714	0.44097396	-0.73954379	1.42940282	0.00854828
2R	12004525	12040960	500	0.04024569	0.00228138	0.75911078	0.74952125	0.50941207	-0.58713013	2.08293443	0.03795596
2R	12041054	12062995	500	0.03571068	0.00317633	0.3496332	0.36005785	0.31499031	-0.31489463	1.26587885	-0.08077139
2R	12063051	12093896	500	0.04588328	0.00266428	1.10068775	1.00455992	0.5729679	-0.08573582	2.68441185	-0.09077537
2R	12093906	12116485	500	0.04842379	0.00418634	1.65276493	1.61837758	0.51925853	0.06262587	2.86479215	0.07764738
2R	12116500	12147729	500	0.0560076	0.00333978	1.55063416	1.56209425	0.43857055	0.09796487	2.59678707	0.03625506
2R	12147749	12176708	500	0.03587202	0.00327344	1.19671881	1.24650615	0.52643787	-0.11612093	2.40982109	-0.10322999
2R	12176715	12199440	500	0.05695047	0.0041609	1.14179008	1.18198061	0.37366033	0.21311566	2.02361836	-0.02182175
2R	12199492	12229160	500	0.04719421	0.00303537	0.57130625	0.58543136	0.37632715	-0.60924226	1.53936721	0.01126749
2R	12229178	12260265	500	0.05413786	0.00290416	-0.03783876	-0.10237152	0.3619123	-0.9463222	0.98593245	0.02086862
2R	12260353	12286005	500	0.05143178	0.0033336	0.04311762	0.05794649	0.2780091	-0.80504545	0.79548719	-0.02251554
2R	12286023	12320743	500	0.03704087	0.0022699	0.18916079	0.15306934	0.39117189	-0.73595166	1.19206582	-0.03437708
2R	12320929	12350923	500	0.07325821	0.00311016	0.50979521	0.59441069	0.56764305	-0.71153069	1.6512805	0.01051775
2R	12351006	12386718	500	0.07506605	0.00253313	1.19030852	1.24286913	0.38255865	0.07348214	2.02971305	0.06595368
2R	12386742	12426709	500	0.05369734	0.00243704	0.21882504	0.09248888	0.52631522	-0.51636516	1.95071582	0.09546207
2R	12426740	12478527	500	0.07143925	0.00165748	0.73552118	0.64610868	0.4252393	-0.14629179	1.99565106	0.20275311
2R	12478534	12512126	500	0.07600198	0.00273961	1.4874677	1.38553423	0.53289807	0.22551079	3.05076182	0.01639257
2R	12512185	12546255	500	0.04798231	0.00275185	1.17573359	1.16524481	0.50406539	0.13346109	2.30957636	-0.03465684
2R	12546269	12575861	500	0.0459117	0.0026674	1.26770353	1.30787554	0.44574401	0.02213376	2.46330758	-0.06467997
2R	12575862	12639692	500	0.05136471	0.00146479	0.56496807	0.5535431	0.55887748	-0.65494193	1.95225506	0.17727316
2R	12639893	12682631	500	0.05194941	0.00207052	-0.43675276	-0.4504156	0.33904733	-1.3742118	0.63423703	0.03375966
2R	12682634	12730176	500	0.03261564	0.00184937	0.03317369	-0.05684423	0.46192849	-0.96471839	1.42001235	-0.00344754
2R	12730209	12770860	500	0.03668931	0.002159	-0.08738921	-0.14004449	0.4222273	-1.34350527	1.21229623	0.01633662
2R	12770873	12798546	500	0.0364644	0.00300697	-0.23381383	-0.30548629	0.37921621	-0.98927398	0.6985068	-0.05338912
2R	12798627	12829553	500	0.0276076	0.00296974	-0.39106794	-0.36443963	0.25914796	-1.06439434	0.30300962	-0.05573905
2R	12829565	12873483	500	0.04978666	0.00201051	-0.39246609	-0.44088559	0.39930106	-1.46985175	0.6597054	-0.02802108
2R	12873611	12901072	500	0.0295081	0.00330661	-0.31397878	-0.31729452	0.29730287	-1.05244061	0.33294509	-0.05350103
2R	12901103	12924077	500	0.05283931	0.00394023	0.00862055	-0.03008841	0.32576428	-0.61239308	1.14443463	0.13788388
2R	12924113	12943046	500	0.04792222	0.00518353	0.42265093	0.45334235	0.33100448	-0.33919141	1.21010988	0.13721247
2R	12943053	12966990	500	0.04396657	0.0038695	0.97660002	0.82530615	0.66527272	-0.2047965	2.63906286	0.08438384
2R	12967033	12987126	500	0.04807328	0.00458094	1.18403608	1.13582701	0.46465777	-0.03037433	2.50085182	0.05157436
2R	12987128	13016176	500	0.04675634	0.00320157	0.94227169	1.17348367	0.73727806	-0.82673097	2.02506404	-0.0038392
2R	13016184	13050876	500	0.03438594	0.00230571	-0.17080691	-0.19643006	0.30473518	-0.86591585	0.5519257	-0.05133014
2R	13050887	13072998	500	0.0335349	0.00375659	-0.04628677	-0.03540692	0.31622607	-0.85820072	0.78153927	-0.05942061
2R	13073059	13096511	500	0.03576434	0.0036768	-0.24363202	-0.30482162	0.38596768	-1.03599005	0.63588146	-0.05247153
2R	13096530	13118474	500	0.03621154	0.00391251	0.02839587	-0.0225479	0.37704789	-1.05708793	1.33701973	-0.06081938
2R	13118559	13144980	500	0.03827756	0.00319899	0.33798949	0.25109215	0.44161578	-0.68406197	1.49608512	-0.05163227
2R	13144981	13167948	500	0.05018052	0.00375033	0.70762084	0.62911537	0.39616064	-0.11137111	2.1411753	0.02119314
2R	13168055	13210623	500	0.04309399	0.00226202	0.4011549	0.36913269	0.38759821	-0.4481579	1.52460877	-0.10988813
2R	13210785	13273982	500	0.05417397	0.00142217	0.45004128	0.43625365	0.49624765	-0.70517626	1.8834698	0.02533349
2R	13274130	13320859	500	0.06581663	0.00186458	-0.49182406	-0.41870552	0.3397255	-1.32739499	0.18561147	-0.05670141
2R	13320860	13340409	500	0.06806971	0.00477474	0.2390026	0.25264816	0.35582911	-0.50091852	1.16095306	0.03002215
2R	13340417	13366038	500	0.06235353	0.00284621	-0.14637841	-0.13720712	0.2379602	-0.81314898	0.43555598	-0.09505
2R	13366048	13401556	500	0.07400995	0.00267374	-0.69919706	-0.79187356	0.47393913	-1.4986112	0.200697	0.11682405
2R	13401570	13441128	500	0.07060749	0.00229927	-1.77433065	-1.70033447	0.56185096	-2.97280438	-0.97824567	0.03781049
2R	13441147	13475311	500	0.09152724	0.00265851	-1.83987957	-1.75583627	0.2710381	-2.88811029	-1.13244065	0.02414733
2R	13475405	13507992	500	0.14054114	0.00267138	-0.90866571	-0.83828074	0.36430004	-1.86875408	-0.05099442	0.24909146
2R	13508006	13548948	500	0.07430896	0.00221508	0.31628142	0.19008019	0.46130454	-0.68375653	1.33738829	0.025658
2R	13548954	13582833	500	0.05645965	0.00243008	0.41845252	0.306901	0.47631446	-0.46747955	1.64917288	0.04331604
2R	13582847	13623356	500	0.05769968	0.00187051	-0.09576074	-0.19755762	0.79092037	-1.45055244	1.66295115	0.0055829
2R	13623360	13657617	500	0.05557918	0.00240884	-0.12516785	-0.1527135	0.39150232	-0.99414671	1.02410217	-0.01094494
2R	13657625	13677472	500	0.04042743	0.00389498	-0.42466339	-0.41817702	0.4914593	-1.71604745	0.91886993	-0.11334588
2R	13677628	13712943	500	0.05248337	0.00233819	-0.49136726	-0.53356424	0.38059538	-1.26404018	0.87510471	0.021126
2R	13713000	13752954	500	0.06078276	0.00215375	-0.22856056	-0.10271143	0.42543825	-1.49410808	0.49753878	-0.03542896
2R	13752958	13778926	500	0.04481509	0.00338338	0.50905361	0.49619235	0.3794875	-0.25902031	1.54617149	-0.00730814
2R	13778932	13816332	500	0.04547151	0.00233059	0.09772945	0.06265339	0.63003013	-0.98424687	1.92833684	-0.0430942
2R	13816339	13843951	500	0.03348146	0.00298802	0.23478521	0.1882754	0.43330317	-1.02833871	1.33671561	-0.05657831
2R	13843956	13878197	500	0.03545434	0.00285961	0.59326656	0.68413438	0.58237177	-0.72054757	1.67780001	-0.03275451
2R	13878200	13895677	500	0.0426011	0.00609949	0.82399722	0.80850907	0.34408364	-0.12446926	1.64556244	0.11371319
2R	13895707	13942645	500	0.04616734	0.00182942	0.01893479	0.0133592	0.49077146	-0.94767065	1.58723794	0.02166312
2R	13942726	13969974	500	0.02979431	0.00297366	-0.49833889	-0.55798271	0.32373696	-1.20779087	0.7148085	-0.05552644
2R	13969991	14037649	500	0.03584655	0.0013488	-0.67799643	-0.67798944	0.34445581	-1.85585222	0.21314861	-0.06141245
2R	14037654	14075017	500	0.03781654	0.00196618	-0.50146475	-0.49388856	0.27919599	-1.26967753	0.17331881	-0.02549211
2R	14075177	14110653	500	0.04140871	0.0021562	-0.33033404	-0.31232726	0.31336035	-1.12276579	0.51577534	0.06053766
2R	14110708	14150265	500	0.03132438	0.00203556	-0.50673446	-0.47067371	0.40195452	-2.25919372	0.33011882	-0.02636494
2R	14150287	14208608	500	0.03396133	0.00144744	-0.54276609	-0.57690987	0.37016012	-1.51029781	0.78786831	-0.04379918
2R	14208661	14243740	500	0.03501691	0.00219324	-0.72536005	-0.76428983	0.31319727	-1.40625967	0.26595908	-0.1307913
2R	14243764	14265555	500	0.03620771	0.00311743	-0.6116318	-0.63277355	0.26160169	-1.42520993	0.08457515	-0.04779406
2R	14265563	14303274	500	0.02609236	0.00238934	-0.59503193	-0.58424712	0.25514442	-1.32205596	0.07405197	-0.05162108
2R	14303370	14345160	500	0.04774655	0.00197556	0.03045987	0.01142381	0.32014021	-0.64843453	1.00033843	0.03913093
2R	14345233	14371214	500	0.05826745	0.00292462	-0.65349089	-0.66515893	0.28886122	-1.42556867	0.43369674	-0.01517481
2R	14371216	14412136	500	0.05186344	0.00194882	-2.16012022	-2.32677747	0.58556624	-3.55442558	-0.53378711	-0.159494
2R	14412138	14433584	500	0.05303964	0.00392176	-1.29836588	-1.2415159	0.57573486	-2.77848643	-0.08014424	-0.06414285
2R	14433591	14460760	500	0.02312814	0.00295448	-0.90150965	-1.11524063	0.59033149	-2.0335456	0.54996988	-0.03638012
2R	14460769	14505398	500	0.0394818	0.00196345	0.32732542	0.23928027	0.70633508	-1.3156903	1.8277899	0.01122272
2R	14505444	14537273	500	0.05237373	0.0026272	0.33613975	0.2996324	0.47398704	-0.69036626	2.11087079	0.13858886
2R	14537424	14570338	500	0.05215291	0.00254356	0.29549513	0.28858525	0.40003765	-0.59370005	1.23430513	0.02137218
2R	14570364	14597220	500	0.04786343	0.00300511	0.30581502	0.28188615	0.33153081	-0.51326384	1.05349972	0.00633263
2R	14597232	14619680	500	0.02940907	0.00367795	0.14961008	0.05020144	0.37097888	-0.53387829	1.00853	-0.0931253
2R	14619683	14647258	500	0.02337866	0.0029513	-0.41055728	-0.38623054	0.23002507	-1.03427166	0.2639415	-0.03960288
2R	14647259	14668804	500	0.02506317	0.00389495	-0.22597806	-0.23057737	0.29228171	-0.88994538	0.53763555	-0.06967077
2R	14668810	14692602	500	0.04197779	0.00382232	-0.04488652	-0.0360487	0.32670581	-0.76873065	0.75084468	0.07120186
2R	14692606	14721496	500	0.04676658	0.0030416	-0.28612105	-0.26413786	0.27565165	-1.11731589	0.45711761	0.0417718
2R	14721516	14745338	500	0.03200735	0.00373615	-0.70102024	-0.6904958	0.40454475	-2.04379546	0.23078573	-0.07181928
2R	14745344	14770453	500	0.029606	0.00303335	-0.56211112	-0.52493157	0.26095253	-1.60971475	0.00353546	-0.10423711
2R	14770454	14795332	500	0.04013585	0.00354596	-0.33184413	-0.3236446	0.39182237	-1.62029384	0.52922541	-0.05429553
2R	14795334	14824064	500	0.03430137	0.00320753	-0.41877511	-0.44794918	0.30718661	-1.09939009	0.59847745	-0.09509476
2R	14824067	14850182	500	0.03185077	0.00325519	-0.26002506	-0.26849762	0.36382003	-1.42621656	0.74635777	-0.06636968
2R	14850285	14876656	500	0.03925876	0.00331002	-0.19249866	-0.21670502	0.26646598	-0.92015689	0.49265164	0.01005895
2R	14876658	14951561	500	0.03508589	0.00101227	-0.26890629	-0.2981391	0.36530244	-1.29154376	1.08772307	-0.06613469
2R	14951612	14972550	500	0.04406308	0.00368341	-0.20742719	-0.20146197	0.25623582	-0.80997751	0.70528152	-0.004298
2R	14972558	15007550	500	0.03576257	0.00262283	0.02329622	-0.01352167	0.45106389	-1.09142078	1.39658532	-0.06021511
2R	15007557	15030011	500	0.04104254	0.00399786	0.30092641	0.27447846	0.37393713	-0.67234806	1.25033117	-0.07487419
2R	15040028	15067796	500	0.0472417	0.00311213	0.01213758	-0.01755573	0.35794945	-0.9990192	1.14653189	-0.02270577
2R	15067883	15110040	500	0.02225865	0.00192873	-0.00728603	-0.13991577	0.51528838	-0.85135393	1.91890148	-0.03184811
2R	15110046	15154560	500	0.02976851	0.001847	0.43723441	0.40865706	0.45832949	-0.71227857	1.59804051	-0.04697718
2R	15154561	15194279	500	0.03216818	0.00171916	0.4237272	0.28345657	0.57765521	-0.63278045	2.05473346	-0.01622668
2R	15194324	15246189	500	0.03525084	0.00153098	-0.13982048	-0.15517628	0.3504802	-1.11507188	0.76118276	-0.02651042
2R	15246266	15284583	500	0.02374005	0.00231337	-0.47177215	-0.48126203	0.25681667	-1.14524116	0.22508022	-0.05851421
2R	15284586	15315927	500	0.02799984	0.00285657	-0.05420794	-0.09601781	0.44689507	-1.21975426	1.21415162	0.01289005
2R	15315977	15354234	500	0.03930708	0.002312	0.05293324	0.08355637	0.37758989	-1.05870126	0.9815538	0.01860821
2R	15354250	15402799	500	0.03376785	0.00175705	-0.47212348	-0.48929482	0.31355058	-1.32797565	0.36866845	-0.07952928
2R	15402841	15447821	500	0.03291889	0.00190578	-0.21544603	-0.23166257	0.32127053	-1.05440745	0.77781055	-0.0225603
2R	15447862	15477697	500	0.03038209	0.00262265	-0.16559136	-0.19162907	0.45011897	-1.2754098	0.98094188	-0.08228206
2R	15477708	15510751	500	0.02559226	0.00253726	-0.40616617	-0.40545689	0.22304369	-1.01435976	0.41356081	-0.03642488
2R	15510758	15542700	500	0.02642797	0.00299989	-0.08945416	-0.04837476	0.42133594	-1.23283957	1.08341592	-0.1036776
2R	15542715	15572000	500	0.02946957	0.00300628	-0.12072926	-0.11676522	0.35188726	-0.93334984	1.03015364	-0.0209713
2R	15572029	15603629	500	0.02197484	0.00284198	-0.19833692	-0.31202919	0.40260417	-0.94554716	0.82540422	-0.04977471
2R	15603748	15638949	500	0.03676856	0.0026303	0.314344	0.34900977	0.34251361	-0.41967442	1.03942763	0.02939551
2R	15639071	15699294	500	0.04238505	0.00160979	0.09583212	-0.03863297	0.55306096	-0.83970999	2.59353181	0.01074155
2R	15699327	15728939	500	0.03122377	0.00286321	-0.08430091	-0.17803638	0.56319725	-0.79662066	2.95143141	-0.00240686
2R	15728971	15764350	500	0.04964786	0.00240037	-0.71567662	-0.6757946	0.47577712	-1.91640275	0.29647093	-0.04205352
2R	15764395	15793585	500	0.03620035	0.0025911	-0.5070771	-0.48761488	0.32807908	-1.49147135	0.58652999	-0.06005845
2R	15793649	15826125	500	0.03741566	0.00284005	-0.27252826	-0.34026494	0.36327986	-1.03347498	0.76335534	-0.02389192
2R	15826145	15851785	500	0.04970008	0.00295026	-0.79566673	-0.93348489	0.61855698	-1.84865778	0.40047851	0.01754515
2R	15851834	15879788	500	0.04409375	0.00299153	-0.30154929	-0.28922583	0.35079069	-1.06384156	0.75122564	-0.04742478
2R	15879823	15914521	500	0.04552769	0.00248429	-0.02418947	-0.06103845	0.37271476	-0.85783837	0.89893607	0.02741485
2R	15914574	15944073	500	0.03761143	0.00261502	-0.66766363	-0.65275272	0.34413589	-1.86459441	0.38503353	-0.05729448
2R	15944078	15993589	500	0.04482153	0.0015378	-0.52610637	-0.57506195	0.40610121	-1.50043331	0.7953998	-0.02147485
2R	15993614	16049372	500	0.08995292	0.00150144	-1.59174808	-1.61994283	0.59434389	-2.74655991	-0.03876747	0.00486673
2R	16049395	16085589	500	0.06770477	0.00243038	-1.94979289	-1.85673143	0.48891485	-2.94392444	-0.82046676	-0.15122449
2R	16085594	16133783	500	0.04528501	0.00174885	-0.81804155	-0.78118714	0.31487957	-1.70050905	-0.20296647	0.00879446
2R	16133802	16168888	500	0.02419637	0.00252777	-0.43837062	-0.40361417	0.34608901	-1.45206082	0.46595756	-0.13447286
2R	16168890	16205705	500	0.03632764	0.00250039	-0.2527983	-0.28499624	0.27476726	-0.90337415	0.65586007	-0.04557841
2R	16205771	16246359	500	0.05884031	0.00222174	-0.02893005	0.00463755	0.5188888	-1.43244862	1.01744887	0.10412324
2R	16246372	16284796	500	0.033633	0.00192295	-0.64924293	-0.63643149	0.35027872	-1.41334024	0.31970365	-0.10168576
2R	16285125	16315250	500	0.0214595	0.00250637	-0.57674289	-0.59228336	0.30195136	-1.30519064	0.29401083	-0.13688993
2R	16315281	16361468	500	0.02979385	0.00154259	-0.25521928	-0.296508	0.30178122	-0.93027099	0.65823773	-0.00863977
2R	16361476	16395339	500	0.02759691	0.00238262	-0.56742701	-0.55917382	0.23692761	-1.34322248	0.56202582	-0.01755831
2R	16395800	16417000	500	0.03196358	0.00394548	-0.70013503	-0.69883915	0.29926082	-1.36771806	0.07363919	-0.1193326
2R	16417048	16458518	500	0.04280252	0.00221477	-0.37435053	-0.37758705	0.37301677	-1.1064287	0.84761193	-0.05434029
2R	16458544	16488553	500	0.02569525	0.00259234	-0.36640984	-0.37308	0.19780036	-0.8394031	0.284075	-0.00696125
2R	16488566	16532001	500	0.03922641	0.00193071	-0.43544053	-0.44827416	0.30405584	-1.29234683	0.61113127	0.00709356
2R	16534320	16573394	500	0.03372278	0.00191291	-0.72035645	-0.62205184	0.48142943	-2.21468309	0.21491522	-0.02928557
2R	16573434	16635483	500	0.03648112	0.00149506	-0.49998494	-0.51332562	0.27772892	-1.24373557	0.39072307	-0.12703141
2R	16635486	16690647	500	0.02135943	0.00136491	-0.4684537	-0.47831116	0.27104996	-1.1213221	0.31798696	-0.05102801
2R	16690901	16773736	500	0.04414877	0.00098078	-0.5050311	-0.50839253	0.338266	-1.47140246	0.47551783	-0.04911449
2R	16773955	16835915	500	0.03715491	0.00130049	-0.55314338	-0.50799234	0.34080408	-1.85613973	0.45619941	-0.071685
2R	16835921	16875528	500	0.0365196	0.00200297	-0.40541789	-0.39112387	0.29326759	-1.17336848	0.62415079	0.01350551
2R	16875537	16910829	500	0.03588904	0.00231638	-0.41775882	-0.45585832	0.29497194	-1.18191578	0.46280175	0.00465411
2R	16910847	16948750	500	0.04371002	0.00183317	-0.37658919	-0.41288268	0.34310837	-1.19253639	0.87200781	0.0002452
2R	16948802	16979965	500	0.03006366	0.00240732	-0.60112474	-0.60264118	0.27897536	-1.32965956	0.22542922	-0.10791866
2R	16979978	17016115	500	0.03598558	0.00223369	-0.37608504	-0.39641147	0.27552483	-1.09713353	0.47293886	-0.03850624
2R	17016152	17048720	500	0.03107666	0.00256148	-0.35755363	-0.36340111	0.23427569	-1.13627794	0.25048025	0.00159921
2R	17048737	17071792	500	0.03231194	0.00305945	-0.56802222	-0.53711984	0.2404787	-1.26726262	0.09542959	-0.09502762
2R	17071807	17100147	500	0.03397897	0.00267188	-0.56566971	-0.55629033	0.33792853	-1.39397661	0.17473885	-0.05804422
2R	17100167	17144551	500	0.03547445	0.00155566	-0.33069894	-0.29473189	0.28124827	-1.25460429	0.33595159	-0.02610757
2R	17144561	17190351	500	0.03627887	0.00173702	-0.22730327	-0.25801871	0.30467017	-1.16788221	0.52870924	0.00089423
2R	17190371	17222289	500	0.0372175	0.00233021	-0.27018143	-0.27262883	0.301508	-0.9357415	0.55834535	-0.02869249
2R	17222291	17250727	500	0.03443335	0.00303579	-0.01523127	-0.0140272	0.38997069	-0.93106826	0.94399498	-0.01006092
2R	17250739	17275800	500	0.04998282	0.00290756	-0.14606224	-0.25247511	0.47649979	-1.11032316	1.23651892	-0.07725769
2R	17275816	17296488	500	0.02945555	0.00358886	-0.09171681	-0.1833077	0.36274673	-0.71286403	1.01751116	-0.048085
2R	17296492	17320709	500	0.0599452	0.00367036	-0.00371731	0.04918672	0.34596741	-1.01228105	0.84569217	-0.10734796
2R	17320761	17363809	500	0.05204446	0.00219678	-0.46222465	-0.4381619	0.26476985	-1.19847903	0.1215733	-0.06992815
2R	17363932	17388412	500	0.02671335	0.00345304	-0.13221467	-0.11560318	0.44139627	-1.21778374	1.04067605	-0.05231487
2R	17388613	17442728	500	0.04834487	0.00187627	-0.15448018	-0.21091037	0.42775585	-1.08715289	1.17218049	-0.0147272
2R	17442736	17476434	500	0.03753887	0.0026967	-0.00257232	-0.0107467	0.35893717	-0.85774074	1.1916182	-0.03313498
2R	17476435	17506562	500	0.04407554	0.00310123	0.10739727	0.22705192	0.44349537	-1.02593596	1.25136745	0.13240072
2R	17506577	17529119	500	0.03258018	0.00327017	-0.35660663	-0.41687069	0.32358925	-0.90435055	0.74900588	-0.04419083
2R	17529147	17571298	500	0.04351742	0.00171945	-0.34250638	-0.39138902	0.34199528	-1.08775449	0.6285504	-0.07063313
2R	17571304	17627655	500	0.0515933	0.00171527	-0.2875908	-0.41332761	0.44058032	-1.34254461	1.04987785	-0.02813299
2R	17627658	17647602	500	0.04638413	0.00393814	-0.2325686	-0.23045976	0.31753401	-0.97138476	0.60196466	-0.00368254
2R	17647604	17668435	500	0.03575665	0.00380679	-0.44351012	-0.44750185	0.26459233	-1.06608868	0.31439724	-0.13383502
2R	17668480	17692075	500	0.04134607	0.00333695	-0.35128683	-0.38115959	0.26724017	-1.20896681	0.49274282	0.01320338
2R	17692084	17717119	500	0.04469775	0.00263111	-0.00372632	-0.04462743	0.35489633	-0.68329637	0.91848519	-0.10647513
2R	17717194	17747000	500	0.04710993	0.00262543	-0.37494207	-0.40624933	0.25002629	-1.04076919	0.33369914	-0.06713061
2R	17747037	17768367	500	0.03812548	0.00320259	-0.25082195	-0.25046816	0.31486172	-1.0312972	0.57199537	-0.12763568
2R	17768406	17803878	500	0.05022767	0.00173567	-0.23646732	-0.32989431	0.34172869	-1.14209606	0.82406907	-0.06342668
2R	17803949	17842465	500	0.04426988	0.00171798	0.31131782	0.42182129	0.58444684	-1.02867317	1.63288147	-0.04867808
2R	17842475	17876759	500	0.03852131	0.00167083	-0.03563903	-0.08613392	0.39925741	-0.82563802	1.18996932	-0.09206224
2R	17876771	17910362	500	0.04028058	0.00221556	0.07329921	0.06720562	0.39344483	-0.92384968	1.17511435	-0.0298227
2R	17910384	17931668	500	0.03391713	0.00313771	-0.37479907	-0.40085612	0.26701131	-1.18791462	0.42974902	-0.08655669
2R	17931680	17954032	500	0.05594533	0.00341721	-0.37062775	-0.36884752	0.30152996	-1.05154594	0.45814969	-0.0620391
2R	17954203	17987345	500	0.04554469	0.00268728	-0.46574499	-0.44825569	0.35203032	-1.51675833	0.4095174	-0.02518998
2R	17987351	18015260	500	0.03310514	0.00296041	0.42722152	0.41290611	0.50025513	-0.51879343	1.56922985	-0.0459253
2R	18015272	18045204	500	0.04497805	0.00268115	0.04084367	-0.04476158	0.63741803	-1.16365293	1.6977399	-0.04905854
2R	18045302	18070570	500	0.04103051	0.00362418	-0.17444911	-0.37516419	0.57415367	-1.36620619	1.10079572	-0.09950368
2R	18070690	18090590	500	0.05512139	0.00391522	0.47221325	0.34875059	0.50382178	-0.58943368	2.08604861	0.04117872
2R	18090635	18119783	500	0.04506764	0.0029004	0.20431046	0.13009127	0.5311156	-0.78968301	1.66229144	-0.06027106
2R	18119849	18140850	500	0.03706534	0.00418993	-0.28521568	-0.2562807	0.27570808	-1.08705666	0.34977466	0.00112922
2R	18140857	18164693	500	0.02975013	0.00293284	-0.33599208	-0.39905036	0.28968795	-1.0115495	0.85004958	-0.12844137
2R	18164706	18196381	500	0.04329163	0.00228815	-0.22111204	-0.26966346	0.3498469	-0.88631305	1.21436694	-0.0074648
2R	18196406	18225358	500	0.04577762	0.00278535	0.00292616	0.01508312	0.30755027	-0.78467931	0.87927974	-0.02113915
2R	18225367	18264406	500	0.03091763	0.00201551	-0.09869877	-0.09037203	0.35162957	-1.49776193	1.03332512	-0.02949818
2R	18264419	18300011	500	0.03277496	0.00231696	-0.40484127	-0.43632294	0.28459774	-1.21109813	0.45989482	-0.07608272
2R	18300413	18330753	500	0.03585472	0.00281506	-0.35098992	-0.34630958	0.33379292	-1.22405453	0.69373397	-0.05826802
2R	18330801	18359095	500	0.02999402	0.00292452	-0.35471738	-0.30468	0.35608074	-1.44914422	0.44208319	-0.09717613
2R	18359142	18394639	500	0.03066803	0.00235561	-0.2851236	-0.30164782	0.45897277	-1.72090623	1.14139732	-0.04176257
2R	18394714	18425038	500	0.02484681	0.00294423	-0.22258494	-0.25198995	0.38813335	-1.14339533	0.80043922	-0.03119908
2R	18425126	18452219	500	0.02220693	0.00307065	-0.45175251	-0.45142798	0.22559458	-1.18240619	0.18268817	-0.16787541
2R	18452273	18508277	500	0.03650293	0.00152779	-0.34545272	-0.4095603	0.31248396	-1.79839747	0.91705922	-0.06004726
2R	18508286	18537620	500	0.02347554	0.00315619	-0.41282982	-0.43255573	0.27927629	-1.32468102	0.45472465	-0.08295347
2R	18537630	18564286	500	0.02550622	0.00365089	-0.43453257	-0.45790348	0.32039517	-1.32154875	0.61655292	-0.1270426
2R	18564398	18616007	500	0.04019475	0.00190744	-0.55269653	-0.58093424	0.28877702	-1.22477389	0.22850107	-0.06548566
2R	18616057	18641885	500	0.04787826	0.00307363	0.24081037	0.1257447	0.62451055	-0.96555724	1.94678144	0.06106359
2R	18641952	18672672	500	0.03551759	0.00285843	0.09016859	0.10827944	0.35433718	-0.66069638	1.02845273	0.02447185
2R	18672674	18705491	500	0.03425297	0.00243515	0.20588745	0.1361881	0.57489145	-1.05298222	1.63451817	-0.04971876
2R	18705527	18731631	500	0.02666284	0.00282858	-0.16235075	-0.13990069	0.33204853	-0.93706732	0.8575214	-0.06927912
2R	18731931	18765695	500	0.03305316	0.00252082	-0.19527895	-0.16649614	0.42148725	-1.30179308	0.88083792	-0.07482943
2R	18765780	18799386	500	0.03373818	0.00235773	-0.2577833	-0.21159181	0.31208652	-0.97926603	0.59343908	-0.10998884
2R	18799421	18844221	500	0.04717197	0.00195506	0.31732948	0.31822817	0.36724146	-0.91548454	1.23887957	0.04929157
2R	18844249	18886140	500	0.03462056	0.00196234	-0.16946347	-0.21937501	0.29725907	-0.97272747	0.77504174	-0.04279207
2R	18886748	18906954	500	0.03838223	0.00385074	0.26926096	0.26283087	0.35315506	-0.76157973	1.30629041	0.03415131
2R	18906955	18944766	500	0.0314874	0.00235925	-0.19315295	-0.18536707	0.35773031	-1.12429669	0.67298864	-0.10182004
2R	18944838	18977115	500	0.03127109	0.00285349	0.02733909	0.02721025	0.32846097	-1.11479741	1.18310241	-0.07529941
2R	18977127	19049061	500	0.03988567	0.00140237	0.02891988	-0.01413247	0.4742807	-0.85421395	1.41558104	-0.04614911
2R	19049074	19091448	500	0.01984418	0.00252873	-0.10245626	-0.13260689	0.33430319	-1.01826399	0.79554172	-0.00220544
2R	19091449	19114715	500	0.05879012	0.00411318	0.3652315	0.40726014	0.35317993	-0.6241035	1.25140991	-0.09538571
2R	19114770	19136814	500	0.04290531	0.00403861	0.17455481	0.19158118	0.27495082	-0.77308053	0.7933108	-0.02905058
2R	19136845	19164073	500	0.04921681	0.00313925	0.74405798	0.69500285	0.45075843	-0.6283337	1.81850842	0.03999257
2R	19164095	19184853	500	0.05517753	0.00436925	0.3141626	0.23826404	0.43545601	-0.58852072	1.73086899	-0.04727931
2R	19184944	19210994	500	0.02706572	0.00327072	-0.09416738	-0.15178874	0.36519206	-0.87383076	1.06086818	-0.07836551
2R	19211017	19231667	500	0.03892517	0.00403582	-0.13706125	-0.19961004	0.43889288	-1.21539909	1.20240642	-0.09433384
2R	19231699	19253417	500	0.02971833	0.004058	-0.05923588	-0.09839136	0.35796431	-0.79886305	1.10573963	0.01519522
2R	19253428	19280504	500	0.04876323	0.00344243	0.31326457	0.36547015	0.39990502	-0.80231399	1.21059131	0.00234895
2R	19280579	19304007	500	0.04649565	0.00356431	0.08018961	-0.00348962	0.44097527	-0.77662151	1.17240457	-0.00991544
2R	19304020	19328792	500	0.04615672	0.00349019	-0.13789473	-0.17458576	0.32075859	-0.78003978	0.85014393	-0.09987295
2R	19328925	19362477	500	0.04088485	0.00266129	0.38112688	0.47772342	0.46929226	-0.75702876	1.6240887	-0.09825038
2R	19362486	19388367	500	0.07127609	0.00365836	0.44320297	0.52348463	0.48676235	-0.86990879	1.2233147	0.0778488
2R	19388369	19418480	500	0.07048288	0.00309912	-0.45138587	-0.54801426	0.27213573	-0.93311115	0.27727747	-0.03002412
2R	19418506	19449550	500	0.0673113	0.00275568	-0.48226782	-0.60897746	0.4426125	-1.45289147	0.3934133	-0.01369771
2R	19449553	19491873	500	0.0448652	0.00187363	-0.31743618	-0.40288978	0.45097953	-1.0690315	1.1740713	-0.08789951
2R	19491977	19525128	500	0.03940958	0.00249018	-1.35421821	-1.38626963	0.68114624	-2.85987097	0.15777381	-0.16336579
2R	19525159	19571350	500	0.047855	0.00204119	-0.30697528	-0.31991612	0.47243818	-1.77341876	0.62928027	-0.05870444
2R	19571805	19636588	500	0.04544791	0.00150953	-0.56701152	-0.55331399	0.33773576	-1.87271169	0.37261348	-0.09823919
2R	19636613	19679350	500	0.05025112	0.00218159	-0.79620421	-0.83955457	0.46272681	-1.92975739	0.32338961	-0.05341151
2R	19679383	19722039	500	0.06925871	0.00224209	-1.14861612	-1.04144656	0.59735587	-2.25461186	0.15907508	-0.04994256
2R	19722053	19763584	500	0.09378961	0.00242658	-0.47403692	-0.56044712	0.58342066	-1.5089634	0.97784107	-0.0312998
2R	19763654	19813680	500	0.08704953	0.00197844	0.25190552	0.20857905	0.60644928	-0.82135964	2.12393956	-0.0333364
2R	19813726	19850319	500	0.07472093	0.00246963	0.25181407	0.20481389	0.46744531	-0.51059534	1.60924317	-0.03375043
2R	19850354	19886744	500	0.05754058	0.00242967	1.11220345	1.06358081	0.38985257	0.21642912	2.06460135	0.01019323
2R	19886821	19926249	500	0.05057596	0.0023024	0.39793933	0.43207097	0.37614245	-0.70925921	1.34845774	0.0678672
2R	19926267	19969895	500	0.07460262	0.00208631	0.59500974	0.50110157	0.63245772	-0.79518477	2.29474143	0.04496099
2R	19969901	20009273	500	0.04349787	0.00231461	0.08707882	0.04024818	0.39646362	-0.71328274	1.21619077	-0.11106309
2R	20009281	20048067	500	0.07762803	0.00220473	0.6769679	0.62053218	0.44618496	-0.22594286	2.08729012	-0.08156589
2R	20048386	20078942	500	0.0609431	0.00268703	0.60720689	0.69242178	0.47057246	-0.52348186	1.46872077	-0.01243322
2R	20078963	20110952	500	0.04919533	0.00304218	-0.15883963	-0.14292444	0.29047123	-1.10052715	0.64111375	0.04661713
2R	20110959	20134118	500	0.0834967	0.00378759	0.48633	0.44655435	0.47838659	-0.82504742	1.81884837	0.20762081
2R	20134126	20164156	500	0.04911817	0.00278531	-0.0151022	-0.15249035	0.41903751	-0.72512341	1.27001977	-0.01920326
2R	20164185	20201489	500	0.05197544	0.00243882	0.53792829	0.49378974	0.49033647	-0.42478542	1.88634569	0.00613121
2R	20201494	20237410	500	0.0432272	0.00251965	0.12446664	0.1504216	0.44639058	-1.00308885	1.44058621	0.02935075
2R	20237648	20287262	500	0.04498541	0.00202992	0.01016483	-0.00100188	0.29029443	-0.69337665	0.99673953	0.02187573
2R	20287307	20332438	500	0.03878249	0.00229084	0.23182044	0.13565456	0.4977881	-0.6325379	1.78718162	-0.04039738
2R	20332443	20371464	500	0.03187033	0.00223131	-0.38428504	-0.38236753	0.308899	-1.26727004	0.39060205	-0.09284555
2R	20371465	20421153	500	0.03994892	0.00162796	-0.36884896	-0.36242251	0.23670086	-1.19755789	0.38644189	-0.04105759
2R	20421156	20473572	500	0.03572972	0.00177566	-0.16002267	-0.19373842	0.3042659	-1.00467671	0.79537694	0.0353039
2R	20473637	20515258	500	0.07257686	0.00218259	-0.61038306	-0.62963675	0.33397756	-1.37639964	0.31600548	0.03500177
2R	20515283	20559092	500	0.03351906	0.00209146	-0.3395511	-0.39938966	0.39684083	-1.28943837	0.94878495	-0.07434825
2R	20559094	20592886	500	0.03836715	0.00281756	-0.17726488	-0.23302601	0.38004886	-0.88583994	1.17147884	0.07153756
2R	20592971	20622716	500	0.04228496	0.00314124	-0.01563107	-0.05683823	0.46528571	-1.16813852	1.40885796	-0.05321008
2R	20622730	20649308	500	0.05182951	0.00309942	-0.42777318	-0.39015483	0.30427076	-1.28063977	0.23116389	-0.06460164
2R	20649311	20680503	500	0.02691219	0.00295653	-0.36719159	-0.3992385	0.26960015	-1.04886735	0.50803335	-0.0824611
2R	20680527	20720036	500	0.03042166	0.00217198	-0.27792871	-0.29562316	0.3606839	-1.19262173	1.04297491	-0.02684612
2R	20720072	20760317	500	0.02929544	0.00218484	-0.37732041	-0.36879402	0.35932806	-1.19568945	0.60347392	-0.13170889
2R	20760347	20812767	500	0.03099839	0.0017882	-0.24932017	-0.23390667	0.36503463	-1.38052308	0.89366536	-0.07430349
2R	20812768	20840791	500	0.05560736	0.00296949	0.00237834	0.0358904	0.41569467	-1.37959	1.11479173	-0.02314219
2R	20840820	20871111	500	0.03943667	0.00331111	0.1293063	0.14849669	0.33788418	-0.80556476	0.95823115	0.01945867
2R	20871128	20896789	500	0.03391646	0.00325713	-0.33647431	-0.35938715	0.36252337	-1.25864705	0.57515803	-0.0657878
2R	20896821	20923722	500	0.0290395	0.00377226	-0.18303928	-0.18606183	0.22361467	-0.7903697	0.47570129	-0.04622744
2R	20923818	20950479	500	0.03544909	0.00362187	-0.03216769	-0.06107175	0.3730367	-0.92091312	0.99413016	-0.01463768
2R	20950480	20981417	500	0.05094193	0.00314249	0.01441318	-0.03300801	0.3647762	-0.81360384	1.09332374	0.10466037
2R	20981501	21000483	500	0.03583631	0.0045764	-0.47167211	-0.48070713	0.29144226	-1.17180815	0.2309594	-0.11459917
2R	21000498	21026446	500	0.03168335	0.00352901	-0.44582551	-0.45798763	0.37343726	-1.46697349	0.4230821	0.01390836
2R	21026452	21055173	500	0.03873619	0.00345062	-0.71246122	-0.67393809	0.32145756	-1.54897535	0.2535808	-0.02943104
2R	21055182	21081732	500	0.03396163	0.00363682	-0.53253699	-0.52912141	0.29112697	-1.49106646	0.21140988	-0.05958846
2R	21081775	21104403	500	0.03449859	0.00385885	-0.21324066	-0.24076935	0.31341423	-1.14686769	0.60613558	-0.00096333
2R	21104515	21127220	500	0.02920114	0.0034868	-0.46648187	-0.44634961	0.29426827	-1.32338488	0.30946251	-0.10223407
2R	21127297	21148254	500	0.0346446	0.00401887	-0.05971406	-0.11521333	0.38491054	-0.83518667	1.13712545	-0.07076741
2R	21148483	21172716	500	0.04466253	0.00353166	0.00189489	0.02954828	0.33953176	-0.63027062	0.89507392	0.04400983
2R	21172717	21189227	500	0.03170684	0.00471818	-0.25156482	-0.25225394	0.31614548	-1.06929025	0.80577068	-0.08849258
2R	21189235	21211524	500	0.05464447	0.00397622	0.12631997	0.13777105	0.40987244	-0.70951405	1.33653863	-0.03175859
2R	21211537	21235026	500	0.03465429	0.00322909	-0.2465328	-0.33909295	0.48320842	-1.21323603	1.18670205	-0.14809125
2R	21235054	21272102	500	0.03192818	0.00241427	-0.4508843	-0.4862422	0.32216121	-1.36543511	0.83845978	-0.02894987
2R	21272109	21304538	500	0.02507809	0.00242231	-0.39923589	-0.40649536	0.20353472	-0.9944981	0.26466238	-0.08013355
2R	21304557	21337869	500	0.03143692	0.00275129	-0.3765481	-0.34384129	0.29868772	-1.31279358	0.35221336	-0.02564878
2R	21337877	21369149	500	0.02198644	0.00262439	-0.52916105	-0.54947483	0.28804227	-1.20006298	0.19714073	-0.13908319
2R	21369634	21406105	500	0.03193495	0.00225198	-0.33469021	-0.366845	0.2374511	-0.8468267	0.42843676	-0.04012881
2R	21406122	21440232	500	0.0234769	0.00273953	-0.25268018	-0.23584691	0.31370156	-1.16614669	0.57175633	-0.07322924
2R	21440237	21482215	500	0.03131626	0.00228515	-0.21398059	-0.20737445	0.32367218	-1.04136446	0.57770889	0.02287166
2R	21483156	21528484	500	0.03239903	0.00198645	-0.30535814	-0.31048507	0.3422859	-1.20325537	0.72876675	-0.05916324
2R	21528490	21570039	500	0.02609409	0.00202226	-0.16602601	-0.21629441	0.31745601	-0.88544245	0.71285242	-0.03105361
2R	21570054	21613122	500	0.02601851	0.00198899	-0.26642682	-0.27761827	0.3035551	-1.09903206	0.45986081	0.00351272
2R	21613142	21645394	500	0.03550779	0.00244549	-0.31347269	-0.34774239	0.26653148	-0.97290157	0.6389464	-0.05723853
2R	21645437	21675602	500	0.01986611	0.00277334	-0.42602686	-0.45653382	0.28167199	-1.03782716	0.68252824	-0.1073032
2R	21675624	21731433	500	0.04006567	0.00143042	-0.53908144	-0.52188449	0.36075292	-1.46331716	0.40668899	-0.12685237
2R	21731438	21755563	500	0.03340247	0.00346791	-0.51028367	-0.51866937	0.25753849	-1.12732835	0.24810632	-0.06207267
2R	21755607	21777704	500	0.04289356	0.0039404	-0.64723501	-0.680526	0.24274825	-1.39520374	0.07634848	-0.08588528
2R	21777816	21799293	500	0.04082039	0.00430988	-0.88239151	-0.87294111	0.38115429	-1.87004064	-0.01301058	-0.07211022
2R	21799304	21829449	500	0.02867639	0.00265448	-0.39445444	-0.41604414	0.24310467	-1.40417249	0.31309724	-0.04113593
2R	21829461	21855437	500	0.03528131	0.00298319	-0.31547044	-0.30914566	0.34832438	-1.20268432	0.62558257	-0.02580544
2R	21855445	21882046	500	0.04329985	0.00369956	0.40949778	0.41209609	0.36822125	-0.77885151	1.39946578	-0.01596931
2R	21882087	21909361	500	0.05773063	0.00319253	0.42146345	0.45332346	0.50450407	-0.82864453	1.48867294	0.01430001
2R	21909368	21939126	500	0.04608202	0.00266501	-0.18537018	-0.2092381	0.33335662	-1.16277125	1.06976316	0.01058489
2R	21939129	21969065	500	0.04874418	0.00289138	0.40099511	0.48439663	0.6400172	-1.35526713	1.93839323	0.01784729
2R	21969101	22013720	500	0.03817838	0.00194644	-0.27593537	-0.26218182	0.39084982	-1.49287191	0.68757702	-0.03905456
2R	22014063	22068336	500	0.03831205	0.00195632	-0.44535164	-0.43199796	0.37738262	-1.5779064	0.6120469	-0.05690283
2R	22068360	22113996	500	0.03928561	0.00173219	-0.21775349	-0.24548259	0.31840089	-0.89677936	0.71741221	-0.02429477
2R	22114015	22161979	500	0.03288744	0.00189928	-0.46479266	-0.46117259	0.3593847	-1.72552596	0.68482245	-0.03932312
2R	22161999	22205148	500	0.03166334	0.00213366	-0.4307106	-0.45490875	0.30288763	-1.23296058	0.58076259	-0.07277044
2R	22205241	22235040	500	0.03479593	0.00276309	-0.3218561	-0.31251864	0.31306728	-1.25376751	0.42361541	-0.07175214
2R	22235109	22262726	500	0.03423469	0.00313292	-0.31650048	-0.34241134	0.37563331	-1.31376055	0.7258215	-0.04355299
2R	22262730	22287930	500	0.03449627	0.00354919	-0.15729966	-0.15453981	0.41267043	-1.19430736	0.90962887	-0.0160924
2R	22287965	22324402	500	0.04267514	0.00237016	0.09874627	0.09381193	0.50877143	-0.89482719	1.46790701	-0.06206148
2R	22324432	22369074	500	0.03256337	0.00193663	-0.222297	-0.28530771	0.32881122	-0.82235616	1.04248718	-0.0472905
2R	22369093	22433593	500	0.02709057	0.00143689	-0.43642954	-0.45593866	0.29733849	-1.37890086	0.55450638	-0.04759263
2R	22433635	22470785	500	0.03722755	0.00246344	-0.19919864	-0.23432047	0.40333284	-1.39832629	0.95610894	0.08774088
2R	22470792	22516220	500	0.02378468	0.0018616	-0.36212299	-0.43326496	0.23856161	-0.92811767	0.42773554	-0.02617471
2R	22516244	22547701	500	0.03161346	0.00257593	-0.30523887	-0.32118716	0.25013606	-1.0295834	0.64316044	-0.07350899
2R	22547704	22574852	500	0.03391696	0.00293043	-0.27204366	-0.29550315	0.28892425	-1.26951389	0.51627665	-0.0789474
2R	22575099	22604666	500	0.03123985	0.00260309	0.02663751	-0.05282774	0.59552886	-1.07283054	1.6700147	-0.09211819
2R	22604684	22629997	500	0.03524157	0.00299659	-0.32828808	-0.35591507	0.26952655	-0.93065019	0.51414495	-0.04718979
2R	22630065	22652146	500	0.0313979	0.00320241	-0.19972635	-0.23786503	0.27913859	-0.81801435	0.69826042	-0.05702592
2R	22652166	22677213	500	0.04000944	0.00364128	-0.07169017	-0.06015369	0.29627747	-0.93071617	0.62431476	-0.09782516
2R	22677237	22710370	500	0.03687123	0.00298057	-0.22712098	-0.20803935	0.34972967	-1.18467877	0.86351321	0.01869774
2R	22710403	22736813	500	0.02833811	0.00356431	-0.28649759	-0.3078514	0.34477789	-1.1679203	0.54694881	0.02965288
2R	22736823	22753658	500	0.02015087	0.00482719	-0.55721799	-0.49550141	0.35614568	-1.45241693	0.31545005	-0.14822553
2R	22753659	22775596	500	0.01953164	0.00399504	-0.57393401	-0.57409056	0.27667143	-1.33026396	0.08576036	-0.12508433
2R	22775643	22805821	500	0.02336274	0.0026069	-0.34550048	-0.38551498	0.30605462	-1.21108543	0.59648389	-0.04302706
2R	22805863	22825546	500	0.03761095	0.00440031	-0.38693861	-0.40510605	0.25166932	-1.02943626	0.63671586	-0.07829837
2R	22825648	22852889	500	0.03499926	0.00314356	-0.29525186	-0.32596889	0.3674466	-1.13471956	0.88619282	-0.04295992
2R	22852975	22878451	500	0.032535	0.00331537	-0.36841939	-0.35665824	0.23252647	-1.05107796	0.33967192	-0.14273118
2R	22878453	22905831	500	0.03365565	0.00322526	-0.62780407	-0.63489365	0.27899115	-1.30894411	0.18056155	-0.06115508
2R	22905859	22931879	500	0.03851493	0.00300769	-0.38265621	-0.38164661	0.30571573	-1.07224286	0.61344061	0.00549337
2R	22931882	22952742	500	0.04219446	0.00458008	-0.26242035	-0.22979053	0.30966085	-1.00336409	0.31728407	0.15733234
2R	22952770	22972803	500	0.04028237	0.00390321	-0.46769555	-0.45642714	0.30279656	-1.38041081	0.14429167	0.01490428
2R	22972884	23004842	500	0.04660016	0.00264247	0.20939904	0.20211844	0.43449923	-0.7656353	1.26725916	-0.03400781
2R	23004894	23033460	500	0.0460227	0.00300664	0.08268582	0.03277513	0.33768395	-0.72398364	1.15506326	0.00250561
2R	23033461	23056054	500	0.04437132	0.00354547	-0.15349871	-0.18087521	0.45067165	-1.32659444	1.41810733	0.02025316
2R	23056069	23077262	500	0.05250951	0.00415129	0.25587989	0.25029014	0.44722591	-0.90997517	1.47659282	-0.07324043
2R	23077321	23103222	500	0.06177715	0.00298874	0.10029838	0.06982101	0.5481399	-1.6613061	1.1517697	-0.05509003
2R	23103256	23144454	500	0.05450525	0.00200022	-0.31988661	-0.31523353	0.42224454	-1.18989741	0.76947467	-0.09751183
2R	23144460	23177857	500	0.05555294	0.00223049	-0.22413255	-0.21876309	0.29492823	-1.02443183	0.53401568	-0.07499728
2R	23177882	23219892	500	0.07251423	0.0016554	-0.29326307	-0.27954593	0.20612617	-0.99131253	0.21764294	-0.12361842
2R	23219910	23247702	500	0.05835759	0.00335851	-0.58762163	-0.63151317	0.40204942	-1.62936665	0.51158921	-0.07750387
2R	23247739	23276566	500	0.07163374	0.00320856	-0.27994896	-0.34472431	0.48369029	-1.25762877	1.38246586	0.07963922
2R	23276573	23314538	500	0.08223656	0.0028208	0.21141498	0.11226582	0.58177301	-0.7608776	1.71636764	0.08948654
2R	23314604	23343382	500	0.08337595	0.0037186	1.50433893	1.5365808	0.46448014	-0.1429891	2.57769221	0.22452911
2R	23343490	23373840	500	0.06711422	0.00317401	1.43959682	1.44516903	0.55118567	0.31626609	3.2288945	0.10302661
2R	23373842	23419445	500	0.06400133	0.00233876	-0.14335388	-0.03596819	0.91202859	-1.70722033	1.84177807	0.01029394
2R	23419476	23447909	500	0.04795788	0.00302481	-1.571817	-1.52770769	0.21163067	-2.04461903	-1.11640651	0.00040186
2R	23447910	23478970	500	0.11022306	0.00353279	-0.01162158	-0.3047184	1.26711825	-1.77596642	2.61782113	0.34126462
2R	23479052	23504839	500	0.09236587	0.00330389	1.86176782	1.85203366	0.46639607	0.84173029	2.98460409	0.15583286
2R	23504947	23535973	500	0.08221341	0.00306322	2.19726786	2.32552668	0.51754942	0.96405248	3.15964687	0.06095169
2R	23536028	23559464	500	0.05175687	0.00373885	0.48039251	0.40230488	0.35008216	-0.10025783	1.7511305	-0.01657358
2R	23559470	23595652	500	0.0501998	0.00256028	0.35572849	0.33676628	0.31149441	-0.50766617	1.25166223	0.013181
2R	23595675	23621679	500	0.07734215	0.00330497	1.23997398	1.16385487	0.53692836	0.18105601	2.88975861	0.0066012
2R	23621726	23651170	500	0.07708138	0.00323784	0.91425731	0.93486651	0.40845011	-0.30675558	1.82323858	0.10222092
2R	23651250	23694598	500	0.0533505	0.00213399	0.25088566	0.2640451	0.51404997	-0.80184977	1.58774017	-0.06432189
2R	23694725	23735662	500	0.04568862	0.00218825	0.12440913	0.10750805	0.58670803	-0.98868934	1.82263325	-0.08551601
2R	23735675	23774696	500	0.04145747	0.00255588	0.5980942	0.3843587	0.87835564	-1.04021518	2.51556767	-0.01651762
2R	23774748	23805019	500	0.05699899	0.00298995	1.66110899	1.7270207	0.4520853	0.11115194	2.5865149	0.03876165
2R	23805022	23829963	500	0.03881061	0.0040967	0.60423703	0.55688626	0.46938861	-0.24050058	2.23177778	-0.04715622
2R	23829987	23872157	500	0.04058379	0.00213931	0.35170372	0.30063996	0.39659601	-0.76977577	1.42803451	0.0350801
2R	23872169	23905381	500	0.04646962	0.00280528	0.3519515	0.31393489	0.60533452	-0.98854588	1.79638915	-0.11531534
2R	23905455	23948717	500	0.06631585	0.00203628	0.67484493	0.54814596	0.60372421	-0.41558238	2.22633674	0.04878801
2R	23948834	23975100	500	0.05989345	0.00309678	0.92868183	0.99576738	0.57902691	-0.72294308	2.06226282	-0.02456333
2R	23975124	24006380	500	0.07750319	0.00276498	1.0094247	1.0677416	0.46374977	-0.08277209	2.26605351	-0.02118391
2R	24006660	24037933	500	0.07378644	0.00265406	0.93792269	0.95327576	0.55978928	-0.22246293	2.48520348	0.04005971
2R	24038763	24088365	500	0.06110089	0.00195229	1.04657747	1.02150771	0.44086756	0.09847259	2.13748044	0.15127848
2R	24088371	24130756	500	0.07577198	0.00240607	0.76715069	0.71696831	0.40023038	-0.08810753	1.70034062	0.16448284
2R	24130790	24149868	500	0.04555164	0.00423437	0.50539565	0.48167459	0.50312776	-1.02344894	1.62277582	0.04397625
2R	24149875	24188937	500	0.09007163	0.00221306	1.09355357	1.11314257	0.59299563	-0.33814809	2.46961594	0.22819948
2R	24188940	24256509	500	0.05002146	0.0014607	-0.2266691	-0.33215044	0.4298616	-1.10836996	1.19950755	0.02158479
2R	24256516	24302104	500	0.03927561	0.00191773	-0.49328787	-0.50039156	0.3656531	-1.49259268	0.62957743	-0.09398694
2R	24302129	24344762	500	0.0487488	0.00196964	0.24280308	0.25478536	0.45035585	-0.74024071	1.49729987	0.08798706
2R	24344794	24371947	500	0.05873251	0.00304566	0.34844064	0.34039804	0.27162194	-0.31133521	1.11218249	-0.12395413
2R	24372075	24408136	500	0.04278289	0.00227112	0.04817116	0.03863956	0.34365133	-0.71049028	1.01552437	-0.08845901
2R	24408163	24437768	500	0.03733507	0.00300355	-0.0044852	-0.02708757	0.34161032	-0.79867179	1.01763482	-0.03267618
2R	24437772	24467069	500	0.03893421	0.0025192	0.01595235	0.01565114	0.39452114	-0.95466333	1.08569679	-0.04938306
2R	24467071	24507798	500	0.03744204	0.0021223	-0.37831291	-0.33437566	0.34099849	-1.25844542	0.65785498	-0.10342023
2R	24507903	24537914	500	0.0361994	0.00318302	-0.21306557	-0.23760171	0.30258251	-0.87928821	1.05939201	0.01134582
2R	24537975	24567283	500	0.02178544	0.00321324	-0.34758882	-0.40361828	0.29630044	-1.13685277	0.49864245	-0.09931345
2R	24567294	24598441	500	0.05911431	0.00272814	-0.39263001	-0.34142268	0.41854871	-1.89138769	0.65277213	-0.08180088
2R	24598676	24638264	500	0.06132003	0.00213067	-0.40269909	-0.40519313	0.42499584	-1.3505557	0.59778711	-0.07365446
2R	24638268	24660462	500	0.05705828	0.00380883	-0.65699551	-0.6352602	0.34450172	-1.67975899	0.42265949	-0.0531877
2R	24660555	24691745	500	0.06320896	0.00299369	-0.96053544	-0.94776691	0.27437744	-1.74450599	0.00365759	0.02149527
2R	24691773	24719908	500	0.04926988	0.00301957	-0.48691792	-0.5112166	0.26934398	-1.18528676	0.26241164	-0.06822725
2R	24720745	24758664	500	0.04174434	0.00237273	-0.54363894	-0.54229402	0.26776437	-1.32462992	0.07976796	-0.10694512
2R	24758666	24785098	500	0.03142802	0.00319435	-0.36743083	-0.36189649	0.32482266	-1.39930838	0.51594299	0.04103325
2R	24785111	24820638	500	0.05170309	0.00222275	-1.05160727	-1.02783645	0.43456385	-2.02440546	-0.09511019	-0.03339235
2R	24820697	24855395	500	0.08322841	0.00297602	-0.38796628	-0.34951597	0.69427052	-1.85329193	1.32290735	0.1469367
2R	24855428	24936557	500	0.06341957	0.00119074	0.08113301	0.02377265	0.44849325	-0.81645532	1.41068512	0.01640376
2R	24936680	24985237	500	0.07571698	0.00190392	0.06131731	0.02856033	0.40667738	-1.31047377	1.1584235	0.06425278
2R	24985280	25019777	500	0.05452895	0.00254214	0.63824536	0.66972295	0.47715282	-0.84761763	1.84761477	-0.08224849
2R	25019790	25054938	500	0.06316337	0.0025151	-0.02150582	0.08788844	0.62183547	-1.27351791	1.12944698	0.0220324
2R	25056022	25098235	500	0.05234163	0.00196973	-0.70439131	-0.77606202	0.44484679	-1.52075055	0.88225121	-0.12881065
2R	25098238	25147209	500	0.07065378	0.00189035	-0.5797345	-0.6016329	0.67779661	-2.03841874	1.12463051	-0.00742004
2R	25147219	25189608	500	0.03835539	0.00191129	0.14971072	0.22421471	0.53447998	-0.93230929	1.38455169	-0.02862535
2R	25190479	25224287	500	0.03606029	0.00279672	-0.34773531	-0.30508118	0.39529843	-1.21414658	0.6137585	0.00726142
2R	25224289	25243426	500	0.04713354	0.00407096	-0.16567025	-0.1734291	0.32380059	-0.91576657	0.78383242	-0.13708016
2R	25243466	25268104	500	0.04730535	0.00358525	-0.08808786	-0.06988872	0.31229434	-0.93192924	0.7687996	-0.02281767
2R	25268193	25316774	500	0.03198538	0.00177058	-0.24604806	-0.35412631	0.47238925	-1.18322337	1.00513729	-0.0274392
2R	25316776	25355177	500	0.04484861	0.00215962	-0.10886366	-0.07881886	0.32533021	-1.27876079	0.51294757	-0.02083702
2R	25355203	25392828	500	0.04249711	0.00222423	-0.30146876	-0.34558823	0.37172068	-1.17618498	0.84951444	-0.09609069
2R	25392829	25428656	500	0.04477141	0.00245403	-0.35090247	-0.37483456	0.21560769	-1.06381678	0.50120973	0.01993984
2R	25428726	25471965	500	0.04284052	0.00206889	-0.19655061	-0.21057614	0.26531493	-0.89831446	0.70082385	-0.04118069
2R	25471981	25531218	500	0.04611909	0.00162275	-0.24742696	-0.18046287	0.41495086	-1.32200561	0.62467769	0.01109963
2R	25531755	25566271	500	0.04943699	0.00257317	-0.53397071	-0.53407313	0.42373243	-1.95947877	0.53077786	-0.05365769
2R	25566284	25599219	500	0.03208642	0.0025949	-0.71667742	-0.65993679	0.3485383	-1.67017402	0.11675326	-0.10870197
2R	25599459	25623013	500	0.03173793	0.00379471	-0.37054211	-0.3782569	0.35335584	-1.35604409	0.73832878	-0.02701397
2R	25623042	25656291	500	0.03072684	0.00299541	-0.25852934	-0.30958227	0.35452515	-0.96169075	1.12009429	-0.00765504
2R	25656372	25684163	500	0.03709959	0.00301418	-0.31235113	-0.41149187	0.41425367	-1.03142814	0.9981578	0.01632543
2R	25684172	25713286	500	0.03655943	0.00314717	-0.18151264	-0.19364254	0.26034556	-0.83073206	0.48428299	0.01379646
2R	25713364	25777869	500	0.06433261	0.00148105	-0.45144901	-0.45203541	0.37697959	-1.4789166	0.43701667	0.02046578
2R	25777922	25804294	500	0.03294749	0.00333743	-0.7191433	-0.73983517	0.30644581	-1.38309997	0.13725055	-0.07289353
2R	25804295	25838899	500	0.04801298	0.00268541	-0.50062518	-0.568008	0.44245396	-1.62795184	0.63617292	0.0607167
2R	25838983	25867026	500	0.07353364	0.00349324	0.03805418	0.04011559	0.33200068	-1.10195719	1.01345305	0.12171413
2R	25867029	25900886	500	0.07298255	0.0026349	-0.37095951	-0.4029366	0.33136045	-1.38952166	0.60233297	0.0737644
2R	25900971	25936948	500	0.04428659	0.00209753	-0.09439106	-0.14095145	0.42373893	-1.18847555	1.02760451	-0.21235621
2R	25936965	25959191	500	0.03792553	0.00354181	0.33908548	0.29451361	0.49016365	-0.55477268	1.45855903	-0.14796816
2R	25959321	25987255	500	0.03584719	0.00329786	0.00723991	0.00379042	0.45985549	-1.04517712	1.17943727	-0.06042772
2R	25987283	26007634	500	0.04915838	0.0043902	0.49646303	0.51365284	0.32216481	-0.23250107	1.26022718	-0.07916001
2R	26007939	26044453	500	0.04326723	0.00238916	-0.14812925	-0.10093067	0.34661971	-1.09924463	0.6571166	0.02415852
2R	26044765	26141105	500	0.04537492	0.00111651	-0.18971795	-0.20375757	0.46301381	-1.18180149	1.23671975	0.0607167
2R	26141176	26178205	500	0.03587247	0.00273167	0.25053868	0.16929084	0.43925152	-0.77501432	1.47050939	0.01146891
2R	26178231	26212212	500	0.03751696	0.00265988	0.12488961	0.10262008	0.38763652	-0.86080848	1.32385585	-0.08492293
2R	26212216	26242840	500	0.04140801	0.0027538	0.27150441	0.2930789	0.297839	-0.5879803	0.95693917	-0.04260183
2R	26243057	26269134	500	0.02622989	0.00342276	-0.11823901	-0.20309721	0.43177816	-1.1437051	1.01693043	-0.09996247
2R	26269152	26312859	500	0.04715772	0.00197438	-0.13535144	-0.18813715	0.37437122	-1.09139278	1.46457975	0.01634781
2R	26312894	26348416	500	0.04535045	0.0027589	0.52287315	0.57752341	0.45328216	-0.71145748	1.58144947	0.02444947
2R	26348419	26393837	500	0.04412678	0.00179848	-0.03352666	-0.14251559	0.55117284	-1.14866651	1.45513205	-0.17199338
2R	26393840	26436852	500	0.04722035	0.00239878	0.03459558	0.03871004	0.37318867	-0.92285432	1.20004004	-0.00975878
2R	26436876	26464889	500	0.04030169	0.00286921	-0.35292125	-0.35828461	0.35732921	-1.35742007	1.0232806	-0.06076343
2R	26464890	26514397	500	0.04030656	0.00180417	0.20063334	0.26937699	0.527905	-0.97002459	1.56485673	-0.08454247
2R	26514398	26556163	500	0.047207	0.00195793	-0.32643691	-0.36288294	0.27800592	-0.92414091	0.41775587	-0.07918239
2R	26556184	26582420	500	0.03567419	0.00356577	-0.11809581	-0.2146314	0.43730474	-1.16710701	1.09091817	-0.02153081
2R	26582435	26610820	500	0.03296932	0.00374458	-0.48579028	-0.50085814	0.28660077	-1.20304788	0.32333418	0.01161438
2R	26610841	26634272	500	0.03373441	0.00388518	-0.49061712	-0.46681755	0.32557384	-1.66936107	0.24069629	0.01177104
2R	26634328	26667924	500	0.04272593	0.00255825	-0.11186229	-0.07402936	0.44770739	-1.40712319	1.19089434	0.01753396
2R	26668083	26697425	500	0.0349654	0.00311458	0.2289493	0.20337531	0.32458802	-0.46150666	1.29616387	0.01321457
2R	26697454	26720476	500	0.03129949	0.0037487	-0.10174703	-0.1860046	0.41989187	-0.72239156	1.04912718	0.00295321
2R	26720481	26745435	500	0.04056198	0.00370191	-0.08066338	-0.14484077	0.42459593	-0.92985449	1.14684032	-0.03150122
2R	26745462	26796702	500	0.05030607	0.00204743	-0.12492017	-0.13168928	0.58815363	-2.6816973	1.01942376	0.06443182
2R	26796703	26837881	500	0.03786167	0.00273931	-0.39322029	-0.44262903	0.27532565	-0.96184281	0.30322733	-0.05314294
2R	26837882	26860727	500	0.03931626	0.00428423	-0.06011873	-0.04372277	0.31908177	-0.86245433	0.7315504	-0.12539765
2R	26860736	26886018	500	0.04025329	0.00419521	0.24678941	0.27615222	0.33065797	-0.70944769	1.06623622	-0.02846869
2R	26886019	26908730	500	0.03594327	0.00425865	0.48807144	0.4084874	0.44655551	-0.40789153	1.69178211	0.02854506
2R	26908753	26935053	500	0.04536755	0.00333414	-0.22313709	-0.23751121	0.28189859	-0.9377496	0.48156654	-0.03597727
2R	26935064	26963705	500	0.05621373	0.00316629	0.13557171	0.09162358	0.33458875	-0.66084204	1.26794273	0.00908541
2R	26963752	26985909	500	0.0713925	0.00426632	-0.28709101	-0.31229819	0.29964401	-1.01080475	0.53869038	-0.02910653
2R	26985920	27008465	500	0.05337761	0.00405551	0.40567641	0.54596424	0.55132758	-0.96472797	1.50125534	-0.07755982
2R	27008591	27040402	500	0.05629233	0.00279057	0.0965257	0.04452404	0.41360298	-0.8178847	1.07055173	0.04872087
2R	27040436	27060271	500	0.04672633	0.0051284	-0.65452954	-0.74321813	0.27320923	-1.10381281	0.21414166	0.01014847
2R	27060299	27090948	500	0.08754353	0.00323785	-0.34726796	-0.24521526	0.49615577	-1.43356843	1.07954459	0.02375568
2R	27090952	27110578	500	0.07676458	0.00453514	-0.20280372	-0.17785726	0.38441063	-0.94174909	0.81962897	-0.02163152
2R	27110592	27132444	500	0.08720079	0.00449684	1.55931621	1.62542143	0.62272133	0.14019179	2.88672732	0.1610027
2R	27132608	27151281	500	0.10582817	0.00479922	2.03533612	2.06204434	0.42342699	0.95604384	2.97235838	0.26274343
2R	27151329	27171246	500	0.09115737	0.00467206	1.81166932	1.7985596	0.42613894	0.91322509	3.23045591	0.06551727
2R	27171262	27199224	500	0.09241919	0.00376643	0.75827958	0.66666285	0.64142884	-0.37459325	2.51897609	0.20997074
2R	27199253	27220053	500	0.07490188	0.00570516	0.93424942	0.90709059	0.56507433	-0.18776378	2.06124449	0.10664102
2R	27220093	27260992	500	0.05366276	0.00252645	0.85103762	0.84088592	0.52720194	-0.57707263	1.94466122	0.04743401
2R	27260994	27284959	500	0.04729744	0.00412378	0.76834124	0.76359605	0.61683337	-0.5166798	2.0957822	-0.00129904
2R	27284963	27310139	500	0.0374048	0.00367751	1.12776058	0.94268502	0.8489225	-0.45887735	3.18747833	0.01497142
2R	27310145	27383122	500	0.06968759	0.00126906	1.49979866	1.55296254	0.83163487	-0.03921898	3.32757685	0.04394268
2R	27383135	27538728	500	0.07087463	0.00067359	0.5055246	0.52519858	0.44150562	-0.86580724	1.81235575	-0.11708338
2R	27539643	27598776	500	0.06739993	0.00162025	1.54465767	1.62172379	0.59899305	-0.31571168	2.74485238	-0.0103071
2R	27598880	27646729	500	0.09581249	0.00224882	0.64222056	0.63369186	0.4042291	-0.36451452	1.72451478	0.31292
2R	27646756	27675959	500	0.08172586	0.00364368	0.31144872	0.28484111	0.30512104	-0.33250954	0.98848676	0.04022756
2R	27675981	27697560	500	0.05246471	0.00451651	0.79100613	0.7397401	0.32009076	0.03395015	1.60675017	-0.03357139
2R	27697600	27722180	500	0.09009083	0.00416012	0.62961544	0.66315805	0.20908166	-0.18439839	1.02430491	0.01875369
2R	27722311	27747737	500	0.06372763	0.00435536	1.6472155	1.61004543	0.55564685	0.54632869	2.80487603	0.03142092
2R	27747773	27794977	500	0.06341475	0.00235025	1.26907262	1.18983449	0.53578717	0.21986509	2.81002614	0.13981978
2R	27794987	27816742	500	0.08371714	0.00519972	1.44591733	1.43691958	0.39527643	0.48602949	3.10961396	0.16358763
2R	27816750	27852502	500	0.0793405	0.00298706	1.29687625	1.30534045	0.547442	0.07187684	2.75626248	0.08671139
2R	27853510	27887520	500	0.0983879	0.0027434	2.45734256	2.56349875	0.67586604	0.82735642	4.06209843	0.25470891
2R	27887538	27925984	500	0.06812742	0.0027309	2.33823426	2.29406948	0.51620823	0.70534237	3.71557218	0.11169896
2R	27925999	27962150	500	0.06104074	0.00294415	2.05068287	2.18664655	0.70391608	0.60536037	3.55776477	0.07904614
2R	27962268	27987885	500	0.11889499	0.00434416	2.30818332	2.33712335	0.56707102	1.00910319	3.57702178	0.37912085
2R	27987928	28012734	500	0.09194919	0.00452329	2.20802775	2.18519429	0.52663805	1.15626267	3.66687593	0.26523883
2R	28012737	28036857	500	0.04439634	0.00457939	1.28208191	1.33658494	0.46039883	-0.01840545	2.06900629	0.00710475
2R	28036866	28060633	500	0.04119359	0.00392842	0.57779323	0.64286241	0.40993356	-0.4732994	1.49225226	0.03026834
2R	28060643	28089287	500	0.04071618	0.0036149	0.60528394	0.56826292	0.46957431	-0.4975012	2.13743922	0.04268939
2R	28089291	28117527	500	0.03192211	0.00333014	0.86899999	0.86839072	0.51985912	-0.42022573	2.29113264	-0.08191278
2R	28117894	28172428	500	0.07039556	0.00203122	1.65763888	1.8240212	0.58225512	-0.17284044	2.6406763	0.20277549
2R	28172436	28199615	500	0.06503142	0.00414572	1.58669933	1.50757298	0.55074234	0.20721404	2.97417948	0.06872884
2R	28199622	28242025	500	0.07159446	0.00266464	0.76410724	0.7932191	0.41791578	-0.65794648	1.7417466	0.08758422
2R	28242041	28283128	500	0.05437405	0.00260832	0.68017159	0.71224951	0.48989742	-0.74560317	1.76046726	0.12819322
2R	28283158	28311070	500	0.08774682	0.00371532	1.13713199	1.16590395	0.52181076	0.00143489	2.40521097	-0.00447704
2R	28311078	28351049	500	0.08648543	0.00281469	0.86066161	0.64797348	0.75926878	-0.47446631	2.46647288	0.16470664
2R	28351117	28399977	500	0.07787954	0.00206209	0.51955708	0.51828344	0.44200671	-0.54939049	1.64882944	0.19204414
2R	28400009	28427343	500	0.08082489	0.00354527	1.31180638	1.3373253	0.3815242	0.30402828	2.27147001	0.02845554
2R	28427344	28447862	500	0.09831491	0.00471901	2.23300401	2.28615488	0.46597587	0.73971175	3.42723166	0.02641893
2R	28447866	28474016	500	0.14265434	0.00374967	1.39616209	1.13029778	0.55053625	0.72257848	2.45187967	0.49815033
2R	28474071	28542152	500	0.15271305	0.0017395	1.10969006	0.79135481	0.6581991	0.01741216	2.67532369	0.369419
2R	28542215	28581514	500	0.06460325	0.00257864	0.71739144	0.67828795	0.40453609	-0.27921022	1.49761891	0.18597909
2R	28581602	28618675	500	0.09424764	0.00318095	0.20014735	0.11633701	0.30607237	-0.54019518	1.04675208	0.34017917
2R	28618753	28647038	500	0.09731106	0.003564	0.92528022	0.85189223	0.49175656	0.09318969	2.28521922	0.26501503
2R	28647125	28676305	500	0.06871733	0.00346111	1.27626186	1.20769221	0.50603837	0.24127535	2.60744413	0.11883827
2R	28676359	28717990	500	0.10266923	0.00281714	1.14756634	1.17541364	0.46980977	0.36962866	2.43626709	0.4231988
2R	28718003	28751578	500	0.0906026	0.00308111	1.36221551	1.376527	0.37739194	0.54450609	2.37171972	0.12521665
2R	28751626	28791430	500	0.06921682	0.00231873	0.83923754	0.78190722	0.40977675	0.03358758	2.03666052	0.0186194
2R	28791483	28814913	500	0.04880085	0.00359356	1.38880594	1.37139025	0.32667305	0.56209156	2.14014987	-0.03180335
2R	28814945	28837949	500	0.08112684	0.0036428	1.52834976	1.49205367	0.44840921	0.57790419	2.94333506	-0.00865096
2R	28838075	28859340	500	0.07714839	0.00383264	0.63234566	0.52429677	0.82271405	-1.47695203	2.3132907	-0.07716817
2R	28859350	28879074	500	0.09008258	0.00482668	-0.5704961	-0.56093712	0.10499346	-1.05956224	-0.3836854	0.04825089
2R	28879105	28911516	500	0.07849928	0.00297014	-0.42971314	-0.48596873	0.27599705	-1.18911745	0.95480633	0.10796146
2R	28911531	28944488	500	0.06635897	0.00310643	-2.09307772	-2.11707267	0.44694828	-3.07409177	-1.01684091	-0.0817785
2R	28944500	28975139	500	0.05579422	0.00309453	-1.89329422	-1.89507882	0.40023592	-3.09514423	-0.6600723	-0.05606357
2R	28975154	29009366	500	0.07245941	0.00277658	-0.95012938	-0.90066124	0.54401397	-2.11050825	0.62470101	0.08167583
2R	29009377	29034307	500	0.06848539	0.00361533	-0.41263349	-0.36241532	0.33693863	-1.01862688	0.33714486	0.14192352
2R	29034318	29063825	500	0.04723111	0.00346959	-0.62976289	-0.70419457	0.42055729	-1.37861455	0.34829954	-0.01340677
2R	29063837	29093317	500	0.04822074	0.00365422	-0.73538483	-0.85741505	0.43978103	-1.32012487	0.33006808	-0.06504925
2R	29093412	29120544	500	0.05699065	0.0036	-0.50099217	-0.40037525	0.4509775	-1.36025469	0.41599599	0.04253273
2R	29120566	29147636	500	0.0404071	0.00417592	-0.74961334	-0.6710368	0.40220172	-1.81624434	0.23216098	-0.08679168
2R	29147642	29170350	500	0.03975147	0.00456823	-0.2759361	-0.32946713	0.41602133	-1.61666004	0.74808014	-0.052852
2R	29170399	29205405	500	0.04256706	0.00264629	-0.26133278	-0.30202099	0.33780851	-1.08018111	0.7497367	0.00936516
2R	29205421	29236769	500	0.04874297	0.00333781	0.16215877	0.13324436	0.45516065	-1.04241146	1.21837175	0.17981332
2R	29236770	29269154	500	0.03346045	0.00308185	-0.18196295	-0.24311969	0.46353626	-1.24241705	1.47062212	0.02217787
2R	29269299	29316293	500	0.04734937	0.00223618	-0.41755658	-0.51959523	0.48946084	-1.43035057	1.1360928	-0.02583901
2R	29316309	29347927	500	0.04677455	0.00302544	0.28729262	0.36597034	0.47636006	-0.95278881	1.28028222	-0.02907296
2R	29347933	29381772	500	0.05249493	0.00267289	0.47199629	0.40849897	0.31447584	-0.21118173	1.47544165	0.03842595
2R	29381835	29416847	500	0.05093259	0.00318207	0.046214	-0.01288472	0.33499445	-0.70877472	1.00247115	-0.04904735
2R	29416900	29450913	500	0.03821308	0.00330763	-0.1413788	-0.14250123	0.22036095	-0.67807034	0.36581872	0.12407525
2R	29451415	29479237	500	0.06685689	0.00372374	-0.0949291	-0.08931582	0.23795633	-0.80835487	0.57980951	0.09222812
2R	29479264	29510817	500	0.03784958	0.00327381	0.63363379	0.66986606	0.42432019	-0.15001855	1.86213713	0.04920205
2R	29510887	29545163	500	0.04803079	0.00283886	0.15569768	0.09357939	0.45277907	-0.84998952	1.27318705	-0.03520515
2R	29545172	29570062	500	0.04176085	0.00389599	0.00848945	-0.05630223	0.40448393	-0.88904212	1.12806865	0.05702395
2R	29570064	29595192	500	0.02473095	0.00320839	-0.5358882	-0.53100721	0.24855392	-1.07104751	0.04202096	-0.19876019
2R	29595195	29636623	500	0.03536324	0.00225514	-0.27112566	-0.28099896	0.25018014	-0.92398138	0.54028232	-0.08640003
2R	29636625	29661606	500	0.03694449	0.00396971	0.16631895	0.21473135	0.42405824	-0.90164228	1.28371849	-0.09192796
2R	29661655	29685133	500	0.04436432	0.00404995	0.06624887	-0.06276986	0.57559969	-1.00373379	1.73217518	-0.01797234
2R	29685142	29712134	500	0.0377524	0.00366211	0.04999497	0.03585948	0.35617338	-1.08173926	1.10076562	0.02994382
2R	29712143	29734564	500	0.03726351	0.00387131	-0.13056178	-0.15859447	0.27825498	-0.88344918	0.78997056	-0.06540733
2R	29734571	29760153	500	0.02893029	0.00373346	-0.13953201	-0.1610415	0.27153362	-0.93286123	0.63323658	-0.0900592
2R	29760178	29786012	500	0.01962441	0.00357296	-0.36847638	-0.42331676	0.2741722	-1.05267011	0.50012919	-0.08063711
2R	29786018	29826517	500	0.02163958	0.00206176	-0.38536717	-0.40517702	0.35513688	-1.42455518	0.46585466	-0.1216042
2R	29826537	29854809	500	0.017941	0.00305059	-0.28806786	-0.29857471	0.22545712	-0.89678968	0.63369741	-0.09056276
2R	29854821	29884126	500	0.01919586	0.00356265	-0.21388688	-0.24709409	0.28966994	-1.10413684	0.52322919	0.00996943
2R	29884137	29906660	500	0.01261011	0.00340151	-0.38184352	-0.3984944	0.22563663	-0.98495099	0.31560685	-0.07470634
2R	29906662	29937981	500	0.03679452	0.0030171	-0.28633309	-0.23930649	0.37153147	-1.30546838	0.51948094	-0.08932065
2R	29937985	29965427	500	0.02050144	0.00321362	-0.35695381	-0.33287617	0.26908703	-1.27306983	0.51134172	-0.05246034
2R	29965512	30005830	500	0.03498138	0.00224514	-0.07987315	-0.109059	0.34487529	-0.93227445	0.9185084	-0.02473118
2R	30005899	30034359	500	0.02207979	0.00304801	0.04934412	0.0510503	0.37424904	-0.76886445	1.06206634	-0.06042772
2R	30034373	30075885	500	0.02580058	0.00215186	-0.07862649	-0.20711305	0.44042997	-0.79079468	1.3945311	-0.01650643
2R	30075936	30101140	500	0.02818053	0.00345668	0.09791547	0.09035715	0.30934676	-0.82678346	0.94955465	-0.01448102
2R	30101150	30129614	500	0.01906858	0.00359224	-0.21101193	-0.20289808	0.28593085	-0.93331439	0.68649784	-0.04571269
2R	30129632	30171016	500	0.02015978	0.00221024	-0.29654594	-0.34994851	0.27307576	-0.96391739	0.79008479	-0.03569752
2R	30171039	30234949	500	0.02331076	0.00151757	-0.062461	-0.18199541	0.44246551	-0.88796407	1.35378671	-0.00285447
2R	30234973	30262156	500	0.02043119	0.00317712	-0.49213658	-0.49200715	0.27952485	-1.28207877	0.31180114	-0.1144537
2R	30262158	30299333	500	0.04216784	0.00229471	-0.30487301	-0.36642158	0.36328152	-1.10732673	1.00923488	-0.02196722
2R	30299334	30344823	500	0.02327504	0.00168591	-0.25117592	-0.33082966	0.35531213	-0.92616383	1.2275435	-0.07563512
2R	30344850	30389449	500	0.02876231	0.00189281	-0.30223246	-0.36142672	0.40736099	-1.0337444	1.1139915	-0.05331079
2R	30389453	30436534	500	0.03155551	0.00188898	-0.18506018	-0.17190006	0.37607332	-1.21421548	1.00386795	0.06456611
2R	30436566	30466377	500	0.03900135	0.00262411	-0.39231289	-0.3944512	0.36554192	-1.0838199	0.50384541	-0.07613867
2R	30466390	30501960	500	0.03034651	0.00233828	-0.14006365	-0.12006667	0.31750174	-0.86657506	0.73746421	-0.10619538
2R	30502011	30535917	500	0.04995989	0.00270289	0.73200633	0.80036214	0.60519167	-0.61877743	2.20743795	0.08813253
2R	30535918	30567524	500	0.04679274	0.00316291	0.25969147	0.25830998	0.39276971	-0.70264267	1.47218448	0.02869053
2R	30567606	30610133	500	0.03404997	0.00216904	0.00486717	-0.05459193	0.42261391	-0.93737336	1.04197942	-0.01333963
2R	30610149	30643599	500	0.04345283	0.00258619	-0.85815849	-0.85145721	0.28606795	-1.52461634	-0.11091719	-0.04891307
2R	30643614	30668895	500	0.03883594	0.00333417	-1.29513881	-1.29041017	0.45350246	-2.33961917	-0.00814403	-0.06018154
2R	30668945	30689529	500	0.0554293	0.00404229	-1.74738088	-1.72452433	0.41206594	-2.90874068	-0.79320707	-0.0773584
2R	30689556	30720247	500	0.02634664	0.00259506	-0.83517435	-0.74765044	0.40102345	-1.8145454	-0.00813605	-0.17806963
2R	30720248	30752201	500	0.04070325	0.00277182	-0.59592588	-0.57831909	0.36200267	-1.89401264	0.39803424	-0.01723379
2R	30752210	30796781	500	0.03406255	0.00192026	-0.46333555	-0.49268131	0.31511597	-1.499035	0.64322145	-0.07373279
2R	30796810	30835756	500	0.03347165	0.00212972	-0.00657489	-0.13466046	0.47305665	-1.06195519	1.3451774	-0.02337718
2R	30837779	30886881	500	0.02084926	0.00193901	0.15006628	-0.0121271	0.52881527	-0.63249796	1.97541967	-0.00978116
2R	30886882	30908052	500	0.01904222	0.00412879	-0.35789652	-0.36233784	0.20946305	-0.8380737	0.36560837	-0.04088974
2R	30908063	30921961	500	0.02701988	0.00546397	-0.38759338	-0.44233671	0.28596879	-1.01532434	0.59780985	-0.05065873
2R	30921984	30939427	500	0.0319645	0.00528778	-0.12972765	-0.12912199	0.24580079	-0.90291533	0.58988296	0.01515046
2R	30939442	30971479	500	0.04024997	0.00292639	-0.06116762	-0.06041595	0.39096642	-1.15374551	1.05777856	-0.05973393
2R	30971576	31000683	500	0.0504541	0.00328544	-0.44707622	-0.46908043	0.39824619	-1.38432098	0.43406427	0.00195729
2R	31000773	31081071	500	0.02191246	0.00120565	-0.61122705	-0.62943657	0.422654	-1.49795623	1.96378747	-0.10768367
2R	31081073	31115235	500	0.02439561	0.00268066	-0.52881051	-0.48904954	0.32706177	-1.44153449	0.27500573	-0.12721046
2R	31115472	31142861	500	0.03175981	0.00348414	-0.68588101	-0.61419139	0.39519886	-1.94375586	0.24626886	-0.03977073
2R	31142863	31177346	500	0.03922338	0.00287961	-1.21569625	-1.28905501	0.52938282	-2.38812631	0.02755251	0.06492419
2R	31177401	31214403	500	0.03532575	0.00268551	-0.13207586	-0.15182686	0.32197393	-0.86312761	0.79165752	0.02234572
2R	31214445	31245767	500	0.03897822	0.00302934	-0.02278793	-0.03637515	0.32751815	-0.8471946	1.15006735	0.01071917
2R	31245785	31273850	500	0.04235058	0.00366217	-0.28284472	-0.33661741	0.40113713	-1.3564952	1.01126021	-0.05326603
2R	31273904	31294593	500	0.02918851	0.00405419	-0.18113325	-0.19318386	0.33398501	-1.02552894	0.68242335	-0.12334986
2R	31294596	31318420	500	0.0282041	0.00366055	-0.62151823	-0.66316443	0.27954999	-1.3388244	0.30580082	-0.13457357
2R	31318435	31341043	500	0.02469294	0.0042378	-0.69434014	-0.71459497	0.24375045	-1.40079658	0.04588948	-0.05729448
2R	31341050	31364055	500	0.04038365	0.00372677	-0.62686446	-0.6096816	0.30731704	-1.69347974	0.42720189	-0.13368955
2R	31364069	31403640	500	0.05615373	0.00225061	-0.34615195	-0.40209129	0.54489426	-1.64008916	1.11716944	-0.1205859
2R	31403730	31442967	500	0.04256257	0.00222611	-0.60042333	-0.59410948	0.33068288	-1.53315593	0.53025691	-0.08558315
2R	31442970	31483062	500	0.06103606	0.00249405	-1.05465925	-1.017654	0.66098661	-3.00766726	0.17439275	0.0907846
2R	31483139	31569845	500	0.05005603	0.00111863	-0.99074533	-1.1607013	0.68839572	-2.53518275	0.17928783	0.02825411
2R	31569864	31608424	500	0.06224432	0.00227265	-1.02970864	-0.89822598	0.42252979	-2.1342924	-0.00582941	0.04082064
2R	31608454	31668048	500	0.05719215	0.00151587	-1.40154678	-1.36507457	0.54583343	-3.07584413	-0.50376033	0.02650845
2R	31668059	31711285	500	0.0439548	0.00226561	-0.01811685	0.02871383	0.30746243	-0.78817117	0.87906578	-0.00100809
2R	31711288	31729193	500	0.05143726	0.0048022	0.07589721	0.07987367	0.25463481	-0.7434261	0.68926623	-0.05859254
2R	31729238	31745390	500	0.03285812	0.00482863	-0.03518641	-0.0252098	0.33466232	-0.90609483	0.77573132	-0.02696921
2R	31745394	31776277	500	0.03215539	0.00274926	0.12928324	0.07102744	0.49198743	-0.75071654	1.32290303	-0.10376712
2R	31776290	31796752	500	0.03993606	0.00445346	-0.37760841	-0.40602606	0.34429361	-1.3575065	0.49870958	-0.12077613
2R	31796791	31843700	500	0.0373696	0.00178424	-0.11155084	-0.16717029	0.39496154	-0.89666446	1.06467413	-0.04827523
2R	31843725	31892659	500	0.02854903	0.00191588	-0.62605793	-0.56863177	0.3802591	-2.71709	0.22825705	-0.05707068
2R	31892683	31914216	500	0.02043298	0.00358784	-0.44237145	-0.46364979	0.2036398	-1.00175976	0.20717657	-0.06869723
2R	31914217	31950180	500	0.01411822	0.00218071	-0.5336111	-0.52404136	0.33465635	-2.93119033	1.22269328	-0.09433384
2R	31950187	31984821	500	0.01759235	0.00261612	-0.38578527	-0.42296584	0.36933004	-1.37750169	0.78963615	-0.08784356
2R	31984834	32011395	500	0.01896563	0.00314389	-0.36163933	-0.39778809	0.24142145	-0.92533495	0.5408573	-0.00821454
2R	32011415	32043432	500	0.02125002	0.00284014	-0.31233158	-0.36637508	0.34369647	-1.1191038	0.48709445	-0.05361293
2R	32043457	32076247	500	0.02025168	0.002333	-0.2767103	-0.32153044	0.32710835	-0.90808245	1.08309518	-0.10792985
2R	32076277	32109815	500	0.02862197	0.00273365	-0.02873402	-0.02332232	0.47185733	-1.0248684	1.29442354	-0.05745114
2R	32109837	32180074	500	0.02088216	0.00131171	-0.23766022	-0.27051544	0.32702408	-1.09207436	0.66077513	-0.01725617
2R	32180134	32224652	500	0.03291953	0.00246033	-0.76527463	-0.74907841	0.31655545	-1.72802368	-0.06830243	0.02468446
2R	32224654	32261192	500	0.03944485	0.00317358	-0.56498979	-0.50332167	0.59611839	-1.86848117	0.96201519	0.01814942
2R	32261262	32320717	500	0.03629384	0.00159377	0.12827213	0.04148596	0.43747069	-0.58611046	1.3800455	-0.00396229
2R	32320758	32349678	500	0.04907781	0.00321185	0.72020041	0.74615449	0.54156254	-0.44275135	2.09539561	0.05937388
2R	32349699	32380704	500	0.04113602	0.0027992	0.90217955	0.84620541	0.56655344	-0.2884383	2.32007885	0.03725098
2R	32380726	32418762	500	0.04404844	0.00296634	0.88922639	0.88236832	0.46009249	-0.23018935	2.42549937	-0.03956931
2R	32418784	32444250	500	0.07378533	0.00420363	0.98987794	0.98871304	0.34868943	-0.01083605	1.83856804	0.12729801
2R	32444251	32483075	500	0.0486043	0.00245042	0.88958596	0.91907289	0.50315099	-0.44680535	2.43799684	0.15080849
2R	32483111	32534743	500	0.05649812	0.0022752	0.28817953	0.24221337	0.58049085	-1.67878654	1.43825047	-0.00944546
2R	32534784	32622551	500	0.03820264	0.00094169	-0.01971741	-0.0750736	0.49236776	-0.92107754	1.38031805	-0.10205503
2R	32622554	32698405	500	0.05058768	0.00123803	0.73253538	0.61443266	0.68213523	-0.86986714	2.39541394	-0.02740563
2R	32698558	32781851	500	0.03584816	0.00114942	-0.0952958	-0.11835667	0.43847806	-1.41587297	1.81038497	-0.00820335
2R	32781979	32863293	500	0.03906766	0.00112488	-0.26045672	-0.23607365	0.35785725	-1.75274269	0.72438778	0.02615037
2R	32863335	32907526	500	0.04632558	0.00197022	-0.40745552	-0.37414184	0.62004792	-1.70882954	1.10427902	-0.01573431
2R	32907528	32968408	500	0.0486821	0.00160816	-1.85801621	-1.74409659	0.59083971	-3.66566349	-0.70818329	0.01173747
2R	32968429	33002493	500	0.04059153	0.00289094	-2.51445778	-2.56348598	1.22465914	-4.67691595	-0.06449131	-0.05258344
2R	33002511	33040430	500	0.04125163	0.00258119	-3.01358677	-3.00000884	0.65086852	-4.7323977	-1.85399882	-0.02918486
2R	33040432	33105995	500	0.06282071	0.00147475	-3.01577273	-3.14146425	0.6511757	-4.8430154	-1.27904701	-0.04848785
2R	33106007	33146640	500	0.06835218	0.00221043	-2.37541427	-2.72915041	0.91215161	-4.17852559	-0.46978877	0.03878403
2R	33146644	33211096	500	0.0655103	0.0013464	-0.89680699	-0.89997336	0.43859289	-2.37432518	0.23441593	0.07957208
2R	33211173	33301618	500	0.05418168	0.00095622	-0.80960776	-0.81580854	0.34303357	-1.75204335	0.45806274	-0.10960837
2R	33301652	33335337	500	0.03377376	0.00284384	-0.66136138	-0.64345765	0.33542896	-1.55836063	0.30678493	-0.14738627
2R	33335349	33373482	500	0.0485557	0.00256666	-0.56839937	-0.54653578	0.4225786	-1.53516724	0.64556991	-0.12853089
2R	33373490	33400211	500	0.02999129	0.00362302	-0.43365985	-0.45861045	0.35576579	-1.36167047	0.36912601	-0.12202942
2R	33400301	33443924	500	0.03478395	0.00213551	0.02133244	0.01333362	0.364349	-0.81052543	1.00687816	0.0013754
2R	33443930	33469004	500	0.02002405	0.00404556	0.06923734	-0.01589034	0.51300484	-1.05314563	1.23164347	-0.0223365
2R	33469009	33498885	500	0.02551344	0.00349673	-0.10730635	-0.05822921	0.38587216	-1.12762386	0.95925566	0.03211471
2R	33498888	33553549	500	0.02978737	0.00182566	0.04266778	-0.04127285	0.44312658	-1.00273696	1.36822274	0.0835222
2R	33553553	33590672	500	0.03265817	0.00258467	0.28906581	0.32979963	0.37644092	-0.92506913	1.4691503	0.09903173
2R	33590677	33616110	500	0.0477205	0.00357034	0.63891792	0.58004607	0.48897108	-0.46000205	1.9865111	0.02423685
2R	33616130	33661395	500	0.0363896	0.0019435	0.34429891	0.45707981	0.59006539	-1.425923	1.67712625	-0.05207988
2R	33661603	33699034	500	0.0779295	0.00239297	-0.41495189	-0.38122272	0.42186841	-1.46231083	0.838054	-0.06480306
2R	33699040	33764789	500	0.03770468	0.00140723	0.10066469	0.00576809	0.61022258	-0.99652964	1.81341912	-0.05393744
2R	33764791	33845224	500	0.05213102	0.00113107	0.23878794	0.16958163	0.43892537	-0.98026627	1.50136208	0.14193471
2R	33845260	33880046	500	0.04002791	0.00235708	-0.4681896	-0.27422716	0.65691635	-2.03183332	1.25043912	-0.05637689
2R	33880075	33927079	500	0.02706619	0.00184694	-0.52322854	-0.53599491	0.54008852	-1.59817461	1.16757857	-0.11851572
2R	33927400	33949347	500	0.06115438	0.00441826	0.3245802	0.35797258	0.39837711	-1.16781233	1.12908242	0.02936194
2R	33949358	33970870	500	0.04891687	0.00467778	0.31837111	0.31105551	0.45624434	-0.67338445	1.58502073	-0.08879472
2R	33970882	33994352	500	0.04594958	0.00388916	-0.78702301	-0.82503254	0.34381913	-1.56604744	0.3269197	-0.03076267
2R	33994379	34024583	500	0.04009428	0.00310677	-1.08040037	-1.13493455	0.32053339	-1.79513657	-0.06853211	-0.03542896
2R	34024630	34045042	500	0.03886671	0.00483488	-1.15024082	-1.1696884	0.31659587	-1.84159322	-0.29923074	-0.08853734
2R	34045069	34085371	500	0.05220016	0.00252799	-0.91355561	-0.97048369	0.43565356	-1.80875711	0.1478847	0.07095567
2R	34085382	34125462	500	0.06691007	0.00223148	-0.50482849	-0.60240845	0.3962304	-1.36243569	0.62916914	0.0221443
2R	34125510	34174953	500	0.07276126	0.00210003	-0.67772395	-0.67579863	0.25924956	-1.30003005	-0.08911658	-0.0105309
2R	34174997	34223114	500	0.08403244	0.00252094	-0.79639709	-0.75051442	0.33370266	-1.61637365	-0.21806231	0.03440869
2R	34223118	34284465	500	0.05413466	0.00148376	-0.0953016	-0.09659546	0.66863458	-1.52786632	1.86206385	0.07220897
2R	34284536	34321468	500	0.05718615	0.00279972	0.4257539	0.36904961	0.68162967	-0.969228	2.27117371	-0.01457054
2R	34321618	34373219	500	0.04135935	0.00197417	-0.22410502	-0.3146886	0.52727801	-1.32096016	1.76884474	0.09583135
2R	34373244	34414837	500	0.0380122	0.00237656	-0.85707058	-0.94585088	0.48307469	-1.74776023	0.69855427	-0.04708908
2R	34414860	34450768	500	0.03160209	0.0028135	-0.61582786	-0.62018848	0.2884621	-1.37510594	0.28689631	-0.12628168
2R	34450803	34505637	500	0.02780215	0.00204121	0.63729984	0.72147166	0.52071273	-0.7663477	1.89567595	-0.00743123
2R	34505652	34571459	500	0.04258763	0.00154263	0.73204028	0.64862848	0.77460477	-0.71044673	2.58383583	0.00256156
2R	34571493	34607187	500	0.03712661	0.00293	-0.65004112	-0.53266439	0.3530141	-1.48195328	-0.03238473	-0.04938306
2R	34607270	34684567	500	0.036685	0.00135038	-1.03581747	-0.92218035	0.44295424	-2.48027577	-0.05837163	0.0356396
2R	34684621	34757332	500	0.04922812	0.00145452	-0.72036798	-0.43711199	0.658304	-2.51635182	0.60817694	-0.11258495
2R	34757338	34789279	500	0.05295053	0.0034719	0.32684791	0.27681511	0.43326027	-0.97170296	1.48665773	0.16950721
2R	34789294	34857230	500	0.03316101	0.0014654	-0.67811729	-0.49069785	0.8062113	-2.44100626	1.59852274	-0.13380145
2R	34857233	34903135	500	0.02761977	0.00216015	0.00607199	-0.02354351	0.42040221	-1.26959132	1.04875407	-0.0063346
2R	34903137	34935166	500	0.04286739	0.00307485	0.58142712	0.6196841	0.49887427	-0.94474494	1.78695192	0.04387554
2R	34935378	34965816	500	0.04748506	0.00327703	0.15195091	0.09267848	0.38009111	-0.69251791	1.36331953	-0.06473592
2R	34965828	34993913	500	0.038281	0.00331233	0.45846581	0.48031727	0.3935884	-0.73883177	1.43030991	-0.09776921
2R	34993937	35021534	500	0.03017542	0.00360717	0.28913405	0.21021639	0.41894547	-0.68725058	1.24819108	-0.03462327
2R	35021550	35065759	500	0.046444	0.00239687	0.14370196	0.08308088	0.5721977	-1.34401458	1.39129641	0.00803354
2R	35065804	35103124	500	0.04207622	0.00273331	0.42352924	0.38382195	0.46763024	-0.37000874	1.54431441	0.06904216
2R	35103167	35120500	500	0.03390442	0.0048667	0.22041324	0.22807094	0.37460342	-0.93316755	1.33199274	-0.01283607
2R	35120502	35142249	500	0.04445949	0.00391746	0.13942588	0.09177673	0.45211157	-0.76888822	1.24820236	0.01280053
2R	35142267	35161471	500	0.05363978	0.00455087	0.49587572	0.50352169	0.3626503	-0.42369469	1.2813112	-0.04351942
2R	35161480	35181163	500	0.03398724	0.00433744	0.77852632	0.7382122	0.38880836	-0.14088246	2.0674846	-0.01755831
2R	35181175	35203948	500	0.03600572	0.00413363	-0.01102917	-0.07147962	0.32736629	-0.87906442	0.75096621	-0.12416674
2R	35203951	35231923	500	0.0438462	0.00327146	0.5274479	0.53148077	0.42759914	-0.67694415	1.56852715	-0.02739444
2R	35231929	35260812	500	0.04259053	0.00352113	1.51475971	1.51277217	0.30901781	0.54064369	2.2589885	0.0793259
2R	35260836	35292821	500	0.05581834	0.00275886	1.48821207	1.50680707	0.36050856	0.44214125	2.75214174	-0.08811212
2R	35294206	35315975	500	0.05311761	0.00466789	2.10833689	2.11940259	0.25575448	1.00260652	2.7359095	0.03997019
2R	35315978	35352074	500	0.07062449	0.00299717	1.98660039	2.12643267	0.6210998	-0.31341157	2.8310997	0.16001797
2R	35352098	35407099	500	0.05159376	0.00195663	1.36488728	1.39197795	0.6606891	-0.11808664	2.81027698	0.01844036
2R	35407131	35443134	500	0.05250629	0.00262573	0.37230144	0.49313401	0.49437188	-0.88704264	1.32441395	-0.00503654
2R	35443136	35478507	500	0.07273853	0.00275264	0.38332631	0.63465304	0.60088462	-0.75454572	1.55320974	-0.06529543
2R	35478531	35508044	500	0.05893208	0.00313857	0.59079612	0.59941018	0.36233292	-0.44138552	1.79431312	-0.00072834
2R	35508081	35556281	500	0.04098023	0.00192226	0.52183589	0.54024593	0.40726261	-0.86658189	1.41928085	0.0146581
2R	35556424	35616242	500	0.05661051	0.00157355	-0.16386164	-0.22655729	0.31139935	-0.83118709	0.73113178	-0.01344034
2R	35616246	35663074	500	0.03594378	0.00207452	-0.50145189	-0.56668951	0.4561095	-1.45015359	0.81985169	0.01450143
2R	35663136	35711256	500	0.02789433	0.00183042	-0.31590972	-0.24114066	0.42298909	-1.73517277	0.68417808	-0.05777566
2R	35711265	35756152	500	0.03992276	0.00213078	-0.53367657	-0.49658267	0.31737539	-1.82625877	0.07586574	-0.0055401
2R	35756154	35788417	500	0.02392248	0.0028644	-0.26428221	-0.28117937	0.27864603	-1.19989258	0.59820218	-0.09186082
2R	35788452	35834712	500	0.03444765	0.00205536	-0.2074715	-0.38810129	0.73293115	-1.58544922	1.77638791	-0.00555129
2R	35834726	35861221	500	0.03641626	0.00355419	-0.28751047	-0.32868572	0.3442325	-1.13498691	0.60112204	0.01398669
2R	35861236	35881950	500	0.03313768	0.00390324	-0.61637163	-0.61175984	0.29048183	-1.572988	0.36308747	-0.13017584
2R	35881986	35913787	500	0.04652219	0.00297021	-0.51513765	-0.58227145	0.4230919	-1.54489843	0.54895885	0.0021699
2R	35913856	35947157	500	0.02703334	0.00291433	-0.63390913	-0.61271836	0.43284596	-1.91364489	0.20424895	-0.09747826
2R	35947187	35986372	500	0.04197953	0.00269325	-1.3496992	-1.35587348	0.46149736	-2.2837714	-0.22955325	-0.11255138
2R	35986402	36006375	500	0.05835872	0.00473832	-0.58550069	-0.60535984	0.3253753	-1.43598998	0.36831224	0.06188047
2R	36006380	36094563	500	0.03777839	0.00113198	-0.27111673	-0.32667336	0.38862945	-1.28667999	0.76111647	-0.06537376
2R	36094588	36179634	500	0.0494833	0.00117582	-0.0635797	-0.13699829	0.52182608	-1.42850057	1.14993312	0.08165345
2R	36179661	36269637	500	0.0520067	0.00098681	-0.0379047	-0.01167375	0.44996697	-1.2810295	0.89001488	-0.02592853
2R	36269647	36301567	500	0.06316379	0.00275843	0.31673178	0.20914489	0.47157894	-0.58984972	1.65137319	0.11400413
2R	36301601	36350353	500	0.06676837	0.00216179	-0.71067655	-0.67236134	0.44426295	-1.48320623	0.26440051	-0.03033744
2R	36351503	36401465	500	0.05172793	0.00206549	0.78656096	0.86138449	0.4050841	-0.13332165	1.70752011	0.03560603
2R	36401495	36434185	500	0.0841172	0.00291554	0.33549597	0.38258094	0.41134211	-0.65794492	1.33582466	0.02659797
2R	36434192	36463655	500	0.05633566	0.00339722	0.78315118	0.74187121	0.40636126	-0.42745921	1.94927868	-0.07983142
2R	36463672	36515630	500	0.0726961	0.00220722	0.36653429	0.41537065	0.58479281	-1.04934718	1.95588359	0.2272595
2R	36515650	36568333	500	0.03487813	0.00209765	0.61507308	0.67797006	0.48896587	-0.50953589	1.62563786	0.10834192
2R	36568417	36604340	500	0.02108921	0.00275312	-0.3848864	-0.46219293	0.28573215	-0.89677282	0.35224423	-0.05218059
2R	36604355	36636274	500	0.02555939	0.00308359	0.0878061	0.01002188	0.45997323	-0.88245059	1.29732204	-0.08701549
2R	36636402	36670554	500	0.02570387	0.00316156	0.14816521	0.08727672	0.37328358	-0.55547916	1.21034221	-0.0275511
2R	36670581	36712566	500	0.03535004	0.00244677	0.32944358	0.34004991	0.30748636	-0.41913198	1.10572451	-0.00275376
2R	36712580	36742040	500	0.04028428	0.00344379	-0.30810724	-0.28459475	0.34761346	-1.25317527	0.692071	-0.06194958
2R	36742070	36767808	500	0.04824855	0.00375282	0.44961843	0.44146937	0.49666198	-0.63470141	1.47801326	0.00436317
2R	36767817	36819291	500	0.03692387	0.00157058	0.21430525	0.13174977	0.54774466	-0.80261675	1.71312523	-0.01441388
2R	36819297	36851755	500	0.03745798	0.00284675	0.12735764	0.09413685	0.40758845	-0.88671194	1.59858632	-0.01859899
2R	36851757	36883612	500	0.02918984	0.00329675	0.59232044	0.63858505	0.532833	-0.62103746	1.9654543	-0.12453601
2R	36883624	36912067	500	0.04816691	0.00333673	0.21686126	0.21255829	0.61649968	-1.16285425	1.84855616	-0.00170188
2R	36912198	36939743	500	0.03927295	0.0035485	-0.41116484	-0.40514747	0.31161653	-1.36976843	0.65849961	-0.1051547
2R	36939877	36974670	500	0.04579835	0.00242253	0.12347125	0.06670298	0.45369004	-0.9872947	1.69604105	-0.08337869
2R	36974704	36993259	500	0.04886886	0.00470431	0.02098086	0.02435609	0.38698429	-0.95066403	0.94654532	-0.07223332
2R	36993265	37053008	500	0.04059943	0.00151955	-0.42448876	-0.35110486	0.7135792	-2.20194285	0.86278864	-0.05509003
2R	37053015	37091173	500	0.03490551	0.00246077	-1.10517491	-1.04710525	0.61942932	-2.71038051	0.30448903	-0.12801615
2R	37091174	37121287	500	0.05584732	0.00298345	-1.06835337	-0.96858366	0.46551689	-2.77833888	-0.16139866	-0.11463274
2R	37121291	37137599	500	0.03252492	0.00514049	-1.41678521	-1.31632474	0.44321738	-2.57530064	-0.45252518	-0.10729201
2R	37137633	37159941	500	0.05144232	0.00368145	-1.32495353	-1.34635243	0.55041823	-4.03185124	-0.3431327	0.05077986
2R	37159949	37283556	500	0.03647029	0.00081125	-0.97662391	-0.93702576	0.47287742	-2.24711415	0.49073736	-0.05177775
2R	37283557	37319426	500	0.03298419	0.00276145	-2.25933919	-2.5158138	0.85526378	-3.58754991	-0.10222567	-0.16710329
2R	37319443	37342760	500	0.05734262	0.00443469	-2.0154456	-1.99185717	0.32250558	-3.11772905	-1.13590026	-0.0665823
2R	37342784	37370181	500	0.06505797	0.00373615	-1.80357979	-1.84189947	0.31194107	-2.53653477	-1.0803281	0.01723183
2R	37370213	37428137	500	0.06398755	0.00162526	-1.30428421	-1.23200732	0.59673023	-3.01380016	-0.09269182	0.03302111
2R	37428221	37472642	500	0.05527333	0.0025241	-0.59221248	-0.51201159	0.78997815	-2.79754755	0.88497362	0.03735169
2R	37472643	37535364	500	0.05116245	0.00176384	-0.53467686	-0.53632973	0.25124573	-1.39070602	0.30333917	-0.09671733
2R	37535368	37575550	500	0.05230637	0.00256968	-0.46261019	-0.40056722	0.26850526	-1.2668575	0.18233616	0.11111708
2R	37575557	37664798	500	0.05579589	0.00109043	0.17659982	0.10152796	0.44324487	-0.67566842	2.54574424	-0.00306708
2R	37664882	37702284	500	0.05149671	0.00271461	0.40702226	0.46392059	0.30591699	-0.61086964	1.20843363	0.01104368
2R	37702385	37744016	500	0.05573828	0.00259435	1.47751695	1.54415477	0.54990428	-0.08605096	3.24018024	-0.00677102
2R	37744079	37847576	500	0.04865367	0.00098846	0.87844091	1.39452502	0.93986163	-0.95534311	2.11744645	0.01273339
2R	37847615	37881237	500	0.04816842	0.00286963	-1.01951249	-0.92278337	0.3560219	-1.86581299	-0.46478714	-0.09443455
2R	37881303	37941694	500	0.06547692	0.00156283	0.05302711	0.26671099	0.90859501	-1.67371825	1.96545393	0.0547076
2R	37941718	38025771	500	0.04594417	0.00111787	0.65806585	0.57756235	0.66649231	-0.64229625	2.87994879	0.05682253
2R	38025877	38098250	500	0.06135913	0.00134708	0.1354979	0.24173105	0.66250857	-1.49599009	1.73484289	-0.0892647
2R	38098280	38155378	500	0.04299252	0.00154939	-0.02952318	-0.05351453	0.32638971	-0.69963677	0.79461118	-0.17727513
2R	38155428	38202019	500	0.05146401	0.00188585	0.60285254	0.64435195	0.56127852	-0.6367938	2.09153428	0.05157436
2R	38202068	38256559	500	0.06556745	0.00176276	1.04702616	0.93941087	0.74394428	-0.50932263	2.78488292	0.11802139
2R	38256589	38281385	500	0.05392759	0.0035135	0.74698214	0.48980046	0.75231538	-0.35042839	2.87008881	0.06255188
2R	38281390	38328354	500	0.07052347	0.00213058	0.8720071	0.77841962	0.55113525	-0.24508128	1.98142911	0.03798953
2R	38328370	38375523	500	0.05688287	0.00195799	0.72524114	0.70214498	0.48669883	-0.76392649	2.03974504	-0.01164991
2R	38375524	38457031	500	0.06872096	0.00129757	0.83911403	0.87219052	0.41038164	-0.32444822	1.77982588	-0.00556248
2R	38457049	38515201	500	0.10246083	0.00194529	0.5120503	0.2043982	0.62150757	-0.11662579	2.25705668	-0.23297963
2R	38515306	38568217	500	0.06804844	0.00218841	0.82945179	0.89297911	0.45415546	-0.28815366	1.84527624	-0.09819443
2R	38568283	38606927	500	0.05755274	0.00295206	0.34318418	0.27606023	0.44589128	-0.42615493	1.63920156	0.05646445
2R	38607006	38654213	500	0.05763093	0.00224733	-0.8010056	-0.54967599	0.86514543	-2.43997873	0.76546917	0.05851224
2R	38654225	38706267	500	0.04249258	0.00198386	-0.13108673	-0.13370054	0.33805182	-0.88102102	0.72999882	-0.00881881
2R	38706271	38731027	500	0.02250784	0.00419205	-0.19072933	-0.24410128	0.31878411	-0.86507037	0.62727744	-0.03278808
2R	38731036	38776600	500	0.05852234	0.00221458	0.44023143	0.42965191	0.79401602	-1.24003387	2.14561405	0.02307308
2R	38776610	38826581	500	0.0518921	0.00163725	0.47503371	0.53528546	0.52133534	-0.74169575	1.46383952	-0.05930871
2R	38826587	38892111	500	0.05151732	0.00136768	0.12160206	0.09586256	0.26477133	-0.57779804	0.71153535	0.01481476
2R	38892126	38932534	500	0.04874942	0.00214915	-0.13020543	-0.01440789	0.8645251	-1.74121248	1.29341135	-0.03213906
2R	38932591	38954563	500	0.05563347	0.00463683	-1.21297769	-1.20232767	0.23744388	-1.71412222	-0.67161687	0.06398422
2R	38954565	38991409	500	0.03834899	0.00257951	-0.78330087	-1.00861212	0.71693991	-1.69959381	0.94087662	0.04432315
2R	38991465	39042053	500	0.0720297	0.00207818	-0.03144233	0.06196883	0.43019114	-1.03320598	0.78345916	0.03299873
2R	39042055	39096545	500	0.04790498	0.0019234	-0.50607482	-0.51246871	0.32461052	-1.06633851	0.31246657	-0.10434901
2R	39096719	39127845	500	0.07114701	0.00321273	0.10835148	0.06470213	0.33429632	-0.82030742	1.1176064	0.06564036
2R	39127862	39157429	500	0.07059709	0.00332894	-0.08020662	-0.23390431	0.3929325	-0.67130486	1.16565447	-0.09906726
2R	39157483	39189185	500	0.06267024	0.0029538	0.25162437	0.25490562	0.30366043	-0.48215474	2.27092441	-0.02946461
2R	39189186	39229901	500	0.0824644	0.00279362	0.26965288	0.35152233	0.39068089	-0.63484115	1.08250999	0.16159578
2R	39229905	39269721	500	0.07405361	0.00251501	-0.39675978	-0.39860814	0.23392536	-1.01553468	0.43642286	0.03863856
2R	39269727	39299246	500	0.04893834	0.00310601	-0.54669469	-0.63930937	0.46159638	-1.31810869	0.67506426	-0.03008007
2R	39299248	39325379	500	0.03263668	0.00347737	0.68168411	0.79292885	0.86078559	-0.89024486	2.7870472	-0.04693242
2R	39325434	39350356	500	0.07066968	0.0037997	1.34885717	1.47605689	0.46267889	0.19042706	2.17915132	0.10809574
2R	39350369	39386131	500	0.05262476	0.00282284	0.22895744	0.26933834	0.5438434	-0.81271047	1.40714742	0.00110684
2R	39386281	39414630	500	0.03602916	0.00315763	-0.3233841	-0.35199216	0.4980368	-1.6833497	1.34389595	-0.02461928
2R	39414915	39448792	500	0.03750028	0.00293808	-0.6219631	-0.49361894	0.51713625	-2.04060449	0.45848089	-0.01508529
2R	39448797	39468676	500	0.03231666	0.00543187	-0.76062628	-0.55990388	0.72404623	-2.33168328	0.36930974	-0.04924877
2R	39468680	39485120	500	0.04801764	0.00532024	-0.76515247	-0.7182547	0.26841868	-1.47469628	-0.08068038	-0.25462135
2R	39485135	39505557	500	0.04716523	0.00362912	-0.53913904	-0.53605422	0.23479493	-1.14483121	0.30702675	-0.06378476
2R	39505604	39526439	500	0.0336242	0.00445788	-0.89190737	-0.8199645	0.31993373	-1.99585941	-0.14618873	-0.02111677
2R	39526480	39558186	500	0.03272051	0.00298513	-1.19244826	-1.16684623	0.57277508	-2.62530872	-0.01524238	-0.03681653
2R	39558256	39592479	500	0.06706027	0.00282097	-1.49804887	-1.53684768	0.35540231	-2.26299043	-0.5669534	0.01125629
2R	39592518	39635225	500	0.06254201	0.00233831	-0.76303795	-0.71332345	0.34416914	-2.01855937	-0.09540842	0.09607753
2R	39635226	39689654	500	0.07262389	0.0021308	-0.60105731	-0.60268823	0.34455415	-1.36194918	0.24228597	0.21127999
2R	39689655	39717012	500	0.04090418	0.00329362	0.12004037	0.13310755	0.49992743	-1.15171555	1.32759991	-0.01328367
2R	39717089	39749318	500	0.07642168	0.00264701	0.45710637	0.46884461	0.45022575	-0.48134415	1.70618818	-0.00203759
2R	39749323	39785708	500	0.04781851	0.00246061	-0.46283733	-0.42142883	0.32996563	-1.5788338	0.13688756	-0.00843835
2R	39785720	39820795	500	0.03421109	0.00260782	-0.29824653	-0.29848445	0.33626599	-1.17624288	0.58959004	-0.05332198
2R	39820866	39859862	500	0.03094292	0.00248931	-0.21259341	-0.23185869	0.32668508	-1.0232335	0.64047623	-0.05729448
2R	39859868	39887089	500	0.04496915	0.0029562	-0.29886371	-0.2739075	0.31298509	-1.03042765	0.54657255	0.04699759
2R	39887178	39917902	500	0.02935428	0.00281117	-0.28738678	-0.26814896	0.34087876	-1.25362734	0.49969713	-0.0670299
2R	39917936	39969022	500	0.04047272	0.00181396	-0.3992963	-0.40051667	0.38099466	-1.23089021	0.76125416	-0.01097851
2R	39969027	40003115	500	0.03304841	0.00296369	-0.43409703	-0.42662598	0.31192863	-1.63819233	0.41026632	-0.00267543
2R	40003140	40049063	500	0.06072416	0.00196173	-0.52518392	-0.56032427	0.28538738	-1.1585341	0.24730014	-0.10004081
2R	40049066	40083140	500	0.06855877	0.00320556	-1.57101267	-1.45107963	0.55273095	-2.89215002	-0.4730998	0.07902376
2R	40083171	40116697	500	0.05395227	0.00251719	-1.35694225	-1.56247278	0.64965079	-2.4680771	0.20579808	-0.09620259
2R	40116698	40150298	500	0.05031806	0.00263792	-0.58827162	-0.53567931	0.42792514	-1.51307133	0.40092927	-0.05921919
2R	40150362	40181511	500	0.03776638	0.00286473	-0.67027035	-0.65370365	0.31597294	-1.4938529	0.36150505	-0.10431544
2R	40181544	40209858	500	0.08074495	0.00341566	0.01928209	0.20178503	0.48307915	-1.36249747	0.86095478	0.09879673
2R	40209912	40247111	500	0.03083757	0.00284291	0.16489611	0.13914747	0.43976469	-0.72948114	1.35093722	-0.00279852
2R	40247123	40281632	500	0.04823986	0.00315367	-0.69701862	-0.70641322	0.5278489	-2.3253885	0.4089151	-0.00840478
2R	40281653	40312756	500	0.05234859	0.00334195	-0.10274535	-0.07093096	0.32865016	-1.63847619	0.52735453	0.08360053
2R	40312763	40351143	500	0.05217526	0.00282812	-0.60833744	-0.60362192	0.22226177	-1.35276899	0.04082634	-0.0174576
2R	40351155	40375952	500	0.05951479	0.00384252	-0.88897325	-0.92674009	0.3268451	-1.70928082	0.0424722	-0.06018154
2R	40375987	40411566	500	0.03353232	0.00251093	-0.13587662	-0.18134899	0.44165875	-1.33086236	0.98242219	-0.06084176
2R	40411672	40432617	500	0.03598925	0.00403186	-0.31465357	-0.35708245	0.33125557	-1.12076488	0.82155844	-0.07639605
2R	40432628	40470879	500	0.03230257	0.00227519	-0.21259012	-0.19861094	0.34264322	-1.0036765	0.67758965	-0.03530586
2R	40470894	40496766	500	0.03589295	0.00391006	-0.38048152	-0.3743155	0.28259996	-1.10342443	0.40788974	-0.05314294
2R	40496791	40522863	500	0.06594417	0.00418337	-0.26928744	-0.3318974	0.44825748	-1.48988123	1.05805897	-0.03350425
2R	40522890	40545885	500	0.06731309	0.00396577	-0.09213627	-0.22846794	0.53840729	-1.07154077	1.29321858	-0.01753593
2R	40545956	40563797	500	0.05633541	0.00567345	-0.39109206	-0.34051432	0.443141	-1.55411061	0.89276142	-0.06282241
2R	40563824	40607807	500	0.08050043	0.00217326	-1.60607024	-1.67058922	0.68091864	-3.17505125	0.04431003	-0.06008083
2R	40607809	40636036	500	0.0951445	0.00338292	-1.37966706	-1.49487348	0.57687895	-2.3007632	0.37986014	-0.04200876
2R	40636055	40672319	500	0.08364515	0.00280405	0.43403571	0.44425118	0.42947982	-0.62494084	1.71858357	0.11656667
2R	40672338	40698709	500	0.11018797	0.00381726	0.55733514	0.54255613	0.651413	-0.87159648	1.93177514	0.02468446
2R	40698713	40727502	500	0.10337946	0.00352577	0.23577724	0.28330842	0.34382079	-0.67423168	1.07192062	0.01055132
2R	40727541	40774194	500	0.08681014	0.00223034	0.2737114	0.21449414	0.48040925	-0.75700161	1.53394864	0.15830588
2R	40774196	40814574	500	0.06747226	0.00241204	0.50561725	0.48307037	0.48287843	-0.45662075	1.83517887	0.02965288
2R	40814608	40831273	500	0.0539862	0.00573165	0.30000673	0.24377686	0.37757844	-0.29701018	1.79656643	0.02534468
2R	40831279	40857866	500	0.05433484	0.00360402	-0.48930347	-0.45453453	0.56313731	-1.6648526	0.6050088	-0.01684214
2R	40857902	40883538	500	0.04686171	0.00375812	-0.07178903	-0.48292577	0.90973626	-1.56140289	1.80243316	0.0848762
2R	40883544	40925655	500	0.06194759	0.00231209	1.06206458	1.27713544	0.74433853	-1.06888132	2.25867998	-0.06262099
2R	40925664	40995213	500	0.04610444	0.00134026	0.68945344	0.58421582	1.01622371	-1.49218216	2.65458607	-0.02175461
2R	40995280	41028440	500	0.02535813	0.00259855	-0.6825842	-0.63138716	0.34747192	-1.60602814	0.20538808	-0.19474293
2R	41028444	41091202	500	0.03256253	0.00146503	-0.08536065	-0.12007103	0.44089221	-1.07166258	1.3160474	-0.01634977
2R	41091235	41152264	500	0.04917522	0.00148185	-0.612323	-0.43640061	0.80038353	-2.7350398	0.72006479	0.03873927
2R	41152270	41180171	500	0.04985105	0.0033352	-1.73868971	-1.81778028	0.45181433	-2.84880796	-0.64366617	-0.0750868
2R	41180179	41201312	500	0.05353856	0.00500163	-0.85110432	-0.76832726	0.37004328	-1.84453477	-0.1422733	0.07053045
2R	41201431	41261325	500	0.05278293	0.00165039	-0.96512909	-0.95844925	0.55103589	-2.26853056	0.34640071	-0.14143312
2R	41261420	41304372	500	0.04667677	0.00232002	-0.54206413	-0.59072338	0.45429214	-1.61114888	0.97363012	0.01808228
2R	41304495	41352083	500	0.03992125	0.00201635	-0.35224645	-0.34278821	0.5764418	-2.21117613	0.88113866	-0.01091137
2R	41352111	41415722	500	0.04394605	0.00137961	-0.13105065	-0.10940388	0.46686147	-1.36991616	1.08377534	-0.06635849
2R	41415723	41462876	500	0.04167423	0.00184198	0.47122143	0.27974086	0.6966628	-0.86451616	1.90191242	0.03409536
2R	41462880	41499820	500	0.03100122	0.00231729	-0.42779823	-0.45176796	0.34731345	-1.27954731	0.66140397	-0.1006115
2R	41499876	41674513	500	0.0337135	0.00049673	-0.18189658	-0.20266796	0.3841185	-1.32511011	1.01619165	-0.04883474
2R	41674607	41709328	500	0.02837653	0.00226258	-1.28929414	-1.2011479	0.58950942	-2.56434176	0.00904452	-0.09888822
2R	41709340	41740978	500	0.03223274	0.00249678	-0.15434238	-0.03047499	0.46542868	-1.98657521	0.7788745	0.02564681
2R	41740980	41786782	500	0.03110638	0.0019965	-0.04991296	-0.13944145	0.36874126	-0.8524544	1.20448946	-0.04259064
2R	41786796	41817151	500	0.03592596	0.00346814	-0.72890593	-0.69892838	0.48364977	-1.99635348	0.52836244	0.00152088
2R	41817175	41862385	500	0.0387051	0.00188947	-1.01424518	-0.62562012	0.93047002	-2.96920474	0.59521611	-0.12445768
2R	41862411	41922692	500	0.02719095	0.00153123	-0.47052571	-0.47455179	0.43760416	-1.74077088	0.75471554	-0.04962924
2R	41922713	41949529	500	0.02083096	0.0034187	-0.49952325	-0.50530401	0.26956488	-1.2818568	0.27066513	-0.1464463
2R	41949563	41970386	500	0.02108375	0.0040679	-0.54721229	-0.52931279	0.28599035	-1.27418617	0.29484912	-0.13364479
2R	41970389	41989575	500	0.02090686	0.0041446	-0.30761825	-0.33778691	0.28143326	-0.89984258	0.6672947	-0.05561596
2R	41989588	42026718	500	0.0293515	0.00265065	-0.24277009	-0.2472549	0.30623262	-0.96384642	0.95191275	-0.01797234
2R	42026723	42117744	500	0.05542778	0.00130715	-0.35758686	-0.36925158	0.65555949	-2.62142692	1.53548921	-0.03707391
2R	42117824	42180589	500	0.03370912	0.00155118	-0.55610009	-0.51940108	0.34173002	-1.48333331	0.6393732	-0.08326679
2R	42180593	42229864	500	0.03876053	0.00207311	-0.66912618	-0.63269677	0.48194271	-2.29484101	0.45298649	-0.02922962
2R	42229867	42285834	500	0.02842237	0.00162472	-0.36036508	-0.34396162	0.3335127	-1.08970389	0.51920097	-0.01880041
2R	42285963	42338304	500	0.04197589	0.00215374	0.28008095	0.17034425	0.59534756	-0.97416413	1.70144281	-0.04409012
2R	42338305	42405627	500	0.03545463	0.00154869	0.23741059	0.21844916	0.46505878	-0.67996759	1.2360288	0.00503458
2R	42405632	42465740	500	0.03382146	0.00168918	0.30580024	0.24627749	0.46974707	-0.66936065	1.22782656	0.00681381
2R	42465773	42496408	500	0.03551507	0.00281068	0.29536624	0.2359822	0.58806814	-0.82664785	1.9738301	0.03194686
2R	42496436	42559124	500	0.04148163	0.00136764	-0.35459254	-0.3453931	0.41790039	-2.27048019	0.95766438	0.0152176
2R	42559131	42626169	500	0.04635668	0.00151386	-0.19109087	-0.20177491	0.28911798	-0.92241567	0.57469886	-0.09010396
2R	42626193	42660767	500	0.0449615	0.00241126	-0.39931425	-0.48552581	0.52736552	-1.45023538	0.72794975	-0.10938457
2R	42660778	42705580	500	0.03586216	0.00205575	-1.08572461	-1.08467579	0.31064268	-1.85253288	-0.2920663	-0.05576143
2R	42705592	42757851	500	0.03768702	0.00152903	-1.0728513	-1.09531387	0.4119627	-2.02369575	-0.25481653	0.00248323
2R	42757870	42804044	500	0.01975187	0.00200573	-0.72174343	-0.64462805	0.28339285	-1.47844763	-0.03401008	-0.03032625
2R	42804071	42826311	500	0.01155513	0.00452928	-0.69289381	-0.63413183	0.4253763	-1.77845313	0.18147612	-0.12383104
2R	42826320	42846341	500	0.01979021	0.0045701	-0.39193485	-0.39768819	0.27993186	-1.05584893	0.24679967	-0.09140202
2R	42846403	42867046	500	0.01881338	0.00457657	-0.26389261	-0.26807223	0.20658532	-0.79598004	0.22067538	-0.04800667
2R	42867066	42885267	500	0.018839	0.00539093	-0.06942142	-0.11412003	0.36749654	-0.90069767	0.93243513	-0.02111677
2R	42885449	42912836	500	0.02665068	0.00360879	0.40241967	0.46509213	0.43436867	-0.5030727	1.35140724	-0.00310065
2R	42912841	42925664	500	0.02575998	0.00684683	0.69099305	0.6955692	0.49614935	-0.62832479	2.2008716	0.05211148
2R	42925802	42940697	500	0.01896362	0.00605729	-0.03163444	-0.05143294	0.27072487	-0.74928642	0.76706978	-0.04573507
2R	42940704	42954997	500	0.01732197	0.00598302	-0.23488376	-0.23203861	0.28945562	-0.99883955	0.46140065	-0.09739993
2R	42955040	42969741	500	0.02903	0.00547634	-0.19860638	-0.26181341	0.32085846	-0.83043316	0.64094714	-0.02151962
2R	42969747	42990904	500	0.01361164	0.00397347	-0.29621911	-0.27697985	0.36188184	-1.19447548	0.53985677	-0.07260259
2R	42991256	43012667	500	0.0206951	0.00375318	-0.38182494	-0.33167808	0.26654858	-1.55639452	0.27538597	-0.07243474
2R	43012677	43040458	500	0.03649371	0.00319814	-0.58961739	-0.57709755	0.26353665	-1.50269148	0.16823438	-0.11428585
2R	43040496	43079519	500	0.0351419	0.00264619	-0.43507778	-0.54634919	0.64993148	-2.01525209	1.31488936	0.04956013
2R	43079521	43120406	500	0.03644094	0.003152	0.23140576	0.23051577	0.34138764	-0.62379307	1.27736718	0.00552694
2R	43120407	43148240	500	0.04670549	0.00314844	0.31481096	0.30159972	0.54372993	-0.73067342	1.67416298	0.04649404
2R	43148249	43176114	500	0.03538763	0.00372439	0.53469407	0.53853147	0.4477611	-0.32712227	1.78621093	0.01698564
2R	43176123	43199678	500	0.02897038	0.00426996	-0.08502948	-0.15392043	0.24481767	-0.63348526	0.83003806	-0.07515394
2R	43199701	43241843	500	0.02986167	0.00263417	0.06297536	0.08575797	0.27139768	-0.61893343	0.66174627	-0.03400781
2R	43241845	43285947	500	0.05151511	0.00229459	0.38157378	0.03922644	0.69445443	-0.83492697	1.92206876	0.12321361
2R	43285980	43316280	500	0.03721117	0.00353693	0.29565623	0.30912805	0.34716201	-0.847592	1.19266146	-0.09421074
2R	43316306	43419093	500	0.02634169	0.00112757	-0.11671254	-0.15494303	0.50786123	-1.15435945	1.63945557	0.02119314
2R	43419110	43469316	500	0.02605813	0.00216758	-0.52594114	-0.58636103	0.48694359	-1.7184616	0.57829628	-0.09556475
2R	43469337	43538001	500	0.03616517	0.00144298	-0.16129175	-0.17191183	0.30917299	-0.87393255	0.55185017	-0.00269781
2R	43538066	43626645	500	0.04332655	0.00112876	-0.10395723	-0.09436737	0.41885496	-1.4628273	0.93604719	0.0544726
2R	43626766	43690892	500	0.04435311	0.00149739	-1.68332099	-1.70950149	0.61270435	-3.53473504	-0.21684064	0.04237607
2R	43690894	43746289	500	0.03761093	0.00207399	-1.10013115	-1.01343294	0.42287723	-2.34137903	-0.37078135	-0.03190406
2R	43746301	43790179	500	0.02613779	0.00208507	-0.3296325	-0.30551667	0.35337754	-1.16311064	0.93413192	-0.06164745
2R	43790182	43811517	500	0.04537996	0.00383709	-0.47305407	-0.49754963	0.36853038	-1.26371544	0.49226696	-0.03941264
2R	43811532	43846987	500	0.03798174	0.00236414	0.23920359	0.53948182	0.70874275	-1.69739146	1.41961873	-0.00425323
2R	43846992	43868227	500	0.02944352	0.00416807	0.62303306	0.6279902	0.42127355	-0.4577559	1.73285085	-0.06982744
2R	43868245	43890601	500	0.01531147	0.00429113	0.08713514	0.30615194	0.61506596	-1.42734543	1.16588621	-0.08111828
2R	43890605	43918986	500	0.03654294	0.00289598	-0.69490968	-0.68712884	0.33160913	-1.72081364	0.21742507	-0.12801615
2R	43918992	43962281	500	0.03375818	0.00214589	-0.12802136	-0.04366657	0.34559329	-1.17475538	0.46403977	-0.01237727
2R	43962382	44030258	500	0.03421752	0.00147409	-0.58870075	-0.53136322	0.53464281	-2.67817978	0.43460512	-0.04283683
2R	44030506	44091781	500	0.03785672	0.00166748	0.2839252	0.22288759	0.49984087	-0.86307043	1.47118194	-0.00410776
2R	44091823	44127706	500	0.0319125	0.00263716	-0.24120534	-0.45075948	0.73321469	-1.54672272	1.72381449	-0.09170415
2R	44127750	44204719	500	0.03406646	0.00120741	-0.26190859	-0.26091591	0.60750531	-1.7341443	1.41544442	-0.01130302
2R	44204727	44251261	500	0.03057275	0.00204358	0.0294067	-0.10045572	0.58293914	-1.40411685	1.26250553	-0.01516362
2R	44251266	44280075	500	0.04382138	0.00349881	-0.33365658	-0.44275192	0.40066396	-1.19612618	0.84014879	-0.03292236
2R	44280101	44318626	500	0.0285907	0.00271971	-0.34062936	-0.50584082	0.59174576	-1.45629188	1.22494011	0.03372609
2R	44320584	44351209	500	0.04377588	0.0036778	-0.38015176	-0.46087415	0.37506209	-0.87725408	0.89791456	0.04320414
2R	44351302	44375186	500	0.05196297	0.00357847	-0.1875619	-0.26530921	0.51940946	-1.58057615	0.96998824	0.00586265
2R	44375196	44424076	500	0.05339111	0.00206438	0.56625625	0.47337728	0.7301914	-1.05133956	2.20625419	-0.07723531
2R	44424129	44450295	500	0.04908805	0.00382982	1.27770368	1.22917079	0.44902436	0.23639739	2.30479127	-0.03631298
2R	44450844	44475075	500	0.05429759	0.00360376	1.42546411	1.3992294	0.36610431	0.51201027	2.65982151	0.12108749
2R	44475084	44512444	500	0.06870542	0.00260342	0.46906285	0.52344229	0.47238656	-0.68410585	1.43467877	-0.007241
2R	44512453	44572864	500	0.05380845	0.00150525	-0.23774402	-0.40450591	0.35485738	-0.90183183	0.60254201	-0.01352986
2R	44573009	44595294	500	0.05014615	0.00431311	0.06683153	0.08831918	0.54824624	-0.89654228	1.5600695	-0.03659273
2R	44595318	44620444	500	0.06130447	0.00381089	0.32720266	0.3200175	0.30841485	-0.79033062	0.99687457	0.11150873
2R	44620453	44677025	500	0.03652739	0.00157918	-0.2943752	-0.2578141	0.38498146	-1.17563107	0.43449682	-0.02184413
2R	44677043	44710759	500	0.04601824	0.00284395	-0.46218403	-0.48338054	0.29227952	-1.15273937	0.62332685	0.07122424
2R	44710845	44759732	500	0.09195662	0.00196981	0.10759626	-0.14926443	0.62284918	-0.93645828	1.8627992	0.1171038
2R	44759878	44789587	500	0.07774401	0.0036473	0.49673674	0.55698256	0.48692596	-0.32425513	1.43265549	0.06510323
2R	44789595	44849998	500	0.04285372	0.00151713	0.5514087	0.55708479	0.28582209	-0.12193957	1.30391421	-0.00559605
2R	44850005	44871090	500	0.04116016	0.00449015	0.37530356	1.03997469	1.32040118	-2.05523371	1.97298533	-0.09968272
2R	44871187	44908836	500	0.03750519	0.00251096	-1.35052329	-1.4315523	0.45245457	-2.41821982	0.02702167	-0.02503332
2R	44908898	44963488	500	0.05602937	0.00195087	-0.44343591	-0.49469712	0.30295001	-1.26183521	0.26969706	0.09921077
2R	44963753	44998517	500	0.02656425	0.0025868	-0.31343387	-0.33961521	0.27787606	-1.11149569	0.25383205	-0.14614417
2R	44998518	45044649	500	0.03762481	0.00208743	-0.19514491	-0.35452944	0.338016	-0.65321801	0.7323399	0.00154326
2R	45044698	45079410	500	0.04435776	0.00301393	-0.52775676	-0.55933552	0.39508553	-1.36113751	1.06279913	-0.07339709
2R	45079413	45237283	500	0.04095667	0.00063913	-0.77778866	-0.81156489	0.36010002	-1.33884848	0.43364099	0.08616307
2R	45237289	45398034	500	0.0649101	0.00070768	-0.97106178	-0.9406881	0.29219929	-1.71545541	-0.26060691	0.35820648
2R	45398117	45469988	500	0.055225	0.00134601	-0.55274034	-0.58292022	0.28156415	-1.1754679	0.27517202	-0.06349382
2R	45470002	45544424	500	0.06680598	0.00132896	-0.71897741	-0.74625846	0.47791398	-2.49288116	0.27859189	0.0343975
2R	45544738	45599844	500	0.07249929	0.00193716	-1.5876583	-1.39944072	0.70397762	-2.98189535	-0.28973175	0.12038251
2R	45599853	45663015	500	0.06356861	0.00167206	-1.0745274	-1.13162547	0.28374286	-1.78450766	-0.29465099	0.0464157
2R	45663177	45712287	500	0.0913346	0.0022316	-1.37799722	-1.40804031	0.28490378	-2.19861273	-0.74952879	0.09087412
2R	45712356	45740240	500	0.04212108	0.00327674	-1.24662121	-1.3083181	0.2523831	-1.78235648	-0.49019737	-0.08788832
2R	45740276	45773423	500	0.07830577	0.00319752	nan	nan	nan	nan	nan	0.26737614
2R	45773426	46124400	500	0.04933263	0.00033998	nan	nan	nan	nan	nan	-0.10371117
2R	46124401	46159437	500	0.0911128	0.0035079	nan	nan	nan	nan	nan	0.13743628
2R	46159444	46188099	500	0.08423985	0.00375497	-0.39396759	-0.52207389	0.2588948	-0.63563643	0.1849049	0.12698469
2R	46188107	46217061	500	0.09839265	0.00364538	-0.05901892	-0.0723422	0.2066193	-0.59587049	0.32236893	-0.01126945
2R	46217090	46267290	500	0.1069299	0.00214159	0.13608005	-0.16473012	0.51344806	-0.51436404	1.1545595	0.16800773
2R	46267375	46306866	500	0.06534605	0.00217592	1.31910958	1.30171212	0.3923095	0.33969654	2.37495911	-0.04773811
2R	46306915	46342607	500	0.05360787	0.00276472	1.63070645	1.80857997	0.51476507	-0.29511296	2.4861819	0.04836279
2R	46342634	46367215	500	0.10898774	0.00484229	0.48572788	0.55428573	0.24691459	-0.2075897	1.19313287	0.16936174
2R	46367219	46404149	500	0.10631801	0.00329887	0.97521947	0.73930284	0.46485101	0.27284294	2.34681336	0.16780631
2R	46404174	46427866	500	0.12241181	0.00434374	0.67668194	0.65056184	0.28025934	0.12248565	1.31133325	0.11796544
2R	46427881	46475160	500	0.13929726	0.00200292	0.16806633	0.21040794	0.18019188	-0.32971125	0.48076451	0.24446993
2R	46475172	46520596	500	0.11699153	0.00203851	0.2992123	0.22201818	0.24390221	-0.04001123	1.21145114	0.20198099
2R	46520634	46575271	500	0.11792994	0.00222666	-0.53867424	-0.82454209	0.61395322	-1.63255621	0.34093869	0.24611488
2R	46575305	46627348	500	0.12279095	0.00236035	-2.0530572	-2.01246452	0.31109657	-2.66920992	-1.51047085	0.08993415
2R	46629833	46675419	500	0.1383156	0.00225168	-1.99343918	-2.00650821	0.29887352	-2.62296374	-1.436109	0.16528853
2R	46675498	46717749	500	0.08312388	0.00222377	-1.38494158	-1.31081111	0.28313596	-2.34924212	-0.96686449	-0.05086015
2R	46717944	46741866	500	0.10379885	0.00439248	-0.69480622	-0.59673019	0.31536041	-1.33046239	-0.2533321	0.11126255
2R	46741916	46761942	500	0.05168041	0.00601017	0.73106463	0.97986317	0.52629328	-0.64385979	1.30817102	0.01905582
2R	46761985	46782467	500	0.10806703	0.00515568	1.12169115	1.04676676	0.34307068	0.62511548	1.93893002	0.39746148
2R	46782503	46806236	500	0.0637073	0.00509393	1.5030843	1.50766301	0.18524565	1.08047584	2.03921952	0.08699114
2R	46806273	46834346	500	0.07339553	0.00372155	1.37771861	1.43871675	0.33515437	0.67992914	1.98874541	0.03534866
2R	46834369	46866252	500	0.06970657	0.00364821	0.64942428	0.71478931	0.17810843	0.28610247	1.0713501	0.12295624
2R	46866253	46905741	500	0.07781676	0.00315135	0.38544522	0.48536859	0.22310373	-0.0527355	0.89311731	0.17578488
2R	46905839	46973307	500	0.1153158	0.0017985	-0.15218468	-0.18529338	0.20946803	-0.51196239	0.18292303	0.31717225
2R	46973311	47041939	500	0.09737871	0.00180069	-0.89228649	-0.81248144	0.31241655	-1.417201	-0.18121896	0.13210977
2R	47041968	47090961	500	0.08043453	0.00227437	-1.16683792	-1.10170979	0.19717416	-1.69380291	-0.72360111	0.15598952
2R	47091003	47140504	500	0.04964887	0.00225476	-1.62203605	-1.65374587	0.14994164	-1.93940754	-1.1298079	-0.08599718
2R	47140564	47183016	500	0.04550838	0.00257202	-1.32850849	-1.28299832	0.22940839	-1.83062656	-0.65140289	-0.16393649
2R	47183078	47219771	500	0.05927904	0.00312188	-0.28522785	-0.2611823	0.36978394	-1.07199706	0.60590239	-0.06304621
2R	47219776	47248739	500	0.09426947	0.00409385	-0.08689937	-0.06883113	0.3750942	-1.37642006	0.42116743	0.13156146
2R	47248746	47278519	500	0.068739	0.00328191	-1.04674363	-0.9752835	0.31839066	-1.9016828	-0.56189197	-0.07376636
2R	47278540	47310722	500	0.09082106	0.00313323	-0.68032543	-0.68930375	0.18707193	-1.36183535	-0.16847673	-0.03727533
2R	47310865	47372305	500	0.10110813	0.00162484	-0.17983244	-0.16152595	0.36958032	-0.96973497	0.58216044	0.21243257
2R	47372311	47417209	500	0.06758278	0.00226195	0.13522978	0.17210238	0.14708858	-0.25165116	0.57946618	0.10853215
2R	47417212	47450397	500	0.06666037	0.00338125	0.94696043	0.99932001	0.46562132	0.08089022	1.73678979	0.11580574
2R	47450644	47497244	500	0.0800226	0.00277275	0.06270158	-0.1719621	0.50019061	-0.48727676	1.12952515	0.17117454
2R	47497350	47540970	500	0.03545287	0.00297368	-0.453257	-0.49375552	0.13299054	-0.72750758	-0.01106266	-0.01201919
2R	47541054	47624345	500	0.08235159	0.00137187	0.28856583	0.02530173	0.58839622	-0.53841726	1.37304203	0.12576496
2R	47624353	47696188	500	0.10732467	0.0019237	1.07926189	1.05298453	0.36662783	0.16313173	1.98145339	0.56662278
2R	47696214	47763609	500	0.12326762	0.00170678	0.46834374	0.4158584	0.5684994	-0.47908674	1.64328448	0.33889231
2R	47763617	47824407	500	0.09777801	0.00201797	-0.01771643	-0.16774983	0.38067914	-0.64841577	1.24491159	0.14803334
2R	47824409	47875749	500	0.05565731	0.00211891	0.28701749	0.27165006	0.26710606	-0.53792776	0.79063668	0.00219228
2R	47875761	47924919	500	0.05294395	0.00257209	-0.0007013	0.06185717	0.36227342	-0.58491581	0.91048728	0.04143609
2R	47925005	47957681	500	0.06487017	0.00383754	0.08447344	0.11373567	0.53207129	-0.72515709	1.24418033	-0.01469363
2R	47957687	48020332	500	0.07861394	0.00178881	-0.9225306	-1.0295997	0.23617431	-1.3103183	-0.30773381	0.29017045
2R	48020385	48075014	500	0.12518862	0.00210394	-1.11273634	-1.12395016	0.11124407	-1.36167772	-0.77649748	0.19347648
2R	48075032	48127155	500	0.08776845	0.0021958	-0.50302412	-0.39084443	0.37429462	-1.23166041	0.06984153	0.26191536
2R	48127174	48168372	500	0.07187059	0.0028496	-0.64878774	-0.57668523	0.27179311	-1.45875827	-0.01696772	0.24059815
2R	48168393	48224140	500	0.09558208	0.00208738	-1.07229456	-1.06185026	0.23932142	-1.68476028	-0.44646739	0.21652816
2R	48224168	48262103	500	0.0646806	0.00328853	-0.08310759	-0.05905998	0.29661451	-1.03444228	0.3880054	0.07845307
2R	48262193	48314851	500	0.07938503	0.00232949	-0.04351721	-0.0003679	0.29459488	-0.82149758	0.4516186	0.28999141
2R	48314860	48339414	500	0.04947731	0.00449527	-1.05792757	-1.2359034	0.49449044	-1.85394318	0.24264641	0.07899019
2R	48339426	48382535	500	0.06077071	0.00232076	-1.46587416	-1.41487853	0.45165426	-2.33555505	-0.76871726	-0.03772293
2R	48382541	48425894	500	0.07133495	0.00240403	-1.47990086	-1.48418923	0.25284554	-2.19840352	-0.96066323	0.10620461
2R	48425931	48482816	500	0.06107407	0.00179198	-0.34583402	-0.37477964	0.48525868	-1.57236113	0.75412882	0.05048891
2R	48482889	48525683	500	0.05144914	0.00243018	0.25434668	0.25005149	0.24310409	-0.87372023	0.87238518	-0.01072113
2R	48525765	48550724	500	0.07377886	0.0046099	0.48879596	0.55218391	0.16960903	-0.07151133	0.70645876	0.23773347
2R	48550752	48587037	500	0.09744743	0.00282073	0.43844438	0.42617455	0.21765852	0.04094921	0.79901427	0.29790284
2R	48587124	48620731	500	0.0607206	0.00302339	0.25584687	0.15312962	0.37571993	-0.57857441	1.14845297	0.10853215
2R	48620883	48662939	500	0.04712807	0.00243099	-0.31664689	-0.27341014	0.24688089	-0.86747681	0.12024169	-0.04426916
2R	48662965	48708314	500	0.04696965	0.00261657	-1.06838206	-1.11454239	0.35367518	-1.74597051	-0.1631648	0.10407848
2R	48708356	48731583	500	0.04292724	0.00404862	-1.25378755	-1.24307014	0.12704021	-1.75723238	-0.5482423	-0.08580695
2R	48731592	48755312	500	0.04316923	0.00443655	-1.57773207	-1.51544532	0.27601775	-2.24608438	-1.09120244	-0.08009998
2R	48755540	48778459	500	0.07638214	0.00425799	-1.03814024	-1.10857229	0.55860263	-2.13112886	-0.07427258	0.06381637
2R	48778473	48855223	500	0.13034303	0.00143469	-0.22127211	-0.21216707	0.24249415	-0.97578444	0.47157488	0.39508918
2R	48855238	48891881	500	0.08542228	0.00254719	-0.25996029	-0.23276856	0.3155445	-0.75486323	0.35723891	0.13750342
2R	48891889	48933772	500	0.04338497	0.00254057	-1.10790214	-1.17112965	0.44904892	-2.04848723	-0.17186265	0.00474364
2R	48933814	48986485	500	0.07833992	0.00204776	-0.99260087	-0.89778868	0.20733572	-1.74485766	-0.75484022	0.09981504
2R	48986896	49067845	500	0.07716454	0.00140916	-0.82889333	-0.81295262	0.12429897	-1.22558466	-0.45955742	0.14294182
2R	49067862	49120216	500	0.05283579	0.00230063	-0.89554602	-0.70421444	0.39052601	-1.88822717	-0.39583066	-0.0289163
2R	49120217	49142962	500	0.09093303	0.00486921	-0.44917149	-0.43036373	0.05986875	-0.61111389	-0.2989992	0.03088379
2R	49143059	49164340	500	0.04478137	0.00443808	-0.22304992	-0.23458582	0.13853122	-0.39155093	0.23010989	0.03857142
2R	49164445	49200955	500	0.0234453	0.00356028	0.79796544	0.89856544	0.27697777	0.13094016	1.29720006	-0.00906499
2R	49201213	49227398	500	0.07856631	0.00420969	0.0739254	0.37948816	0.66199266	-1.08459733	0.89342556	0.04314818
2R	49227461	49260374	500	0.09407236	0.00294075	-1.11656686	-1.05251005	0.19379602	-1.46808635	-0.77088855	-0.08364725
2R	49260422	49302853	500	0.05292231	0.00235443	-1.28931779	-1.34827481	0.18894234	-1.68658632	-0.69812945	-0.07593725
2R	49302856	49326691	500	0.11203213	0.00438114	-0.6349097	-0.40943127	0.35373265	-1.13276743	-0.21094157	0.14813405
2R	49326697	49362117	500	0.1726164	0.00311448	-0.01585216	-0.02415429	0.16219807	-0.43213381	0.29449222	0.64786317
2R	49362143	49447412	500	0.07673525	0.00122213	-0.48401735	-0.48896512	0.16431606	-0.97049469	-0.06989097	-0.03096409
2R	49447496	49489823	500	0.05696332	0.00280147	-0.31147475	-0.44214388	0.50113682	-1.36839536	1.13927568	-0.01527552
2R	49489825	49520585	500	0.06395068	0.00373271	-0.90913972	-0.75942871	0.45561163	-1.93822866	-0.25003034	-0.04181852
2R	49520586	49548442	500	0.08869346	0.00390463	0.08825772	0.0355142	0.27229052	-0.33822672	0.77679943	-0.02007609
2R	49548519	49656031	500	0.09402637	0.00095293	0.01223253	0.05615209	0.29131086	-0.87281415	0.51184263	0.04546454
2R	49656033	49706889	500	0.05124774	0.0015825	-0.2709261	-0.19952019	0.47765485	-1.12190863	1.13563912	-0.0295877
2R	49706901	49755803	500	0.05094492	0.00193761	-0.48919887	-0.51819212	0.32273002	-1.38604858	0.4804736	-0.08667978
2R	49755820	49789582	500	0.06252378	0.00301499	-0.07976658	-0.17124659	0.53686491	-1.06604981	1.15592367	-0.05355698
2R	49789769	49828275	500	0.04430147	0.00244373	-0.92437071	-0.93402246	0.36303566	-1.96854435	0.05005507	-0.0285694
2R	49828299	49857743	500	0.06555248	0.00326441	-0.72466767	-0.60502952	0.44493571	-1.72457398	0.20004665	-0.07507561
2R	49857783	49884894	500	0.09138203	0.00364251	0.64526716	0.49712003	0.42803972	0.01472822	1.74767295	0.1252726
2R	49884897	49912510	500	0.08727728	0.00353039	1.42112247	1.3062077	0.35796635	0.50630407	2.19753182	0.11883827
2R	49912534	49970758	500	0.07358182	0.00168059	1.35291448	1.4711347	0.57718556	-0.61358074	2.69224982	0.13405686
2R	49970773	50019296	500	0.11001232	0.00204767	0.69146904	0.66291411	0.37147813	0.0282976	1.75791472	0.07563315
2R	50019303	50056530	500	0.11404692	0.00295168	0.91720456	0.94326108	0.21139742	0.31579599	1.50444167	0.15518383
2R	50056572	50089251	500	0.14108832	0.00352406	0.63962301	0.55401292	0.30203879	-0.13201064	1.27620068	0.38903531
2R	50089355	50116146	500	0.09021902	0.00364057	0.0311966	-0.05743617	0.18949293	-0.17534228	0.53268206	-0.05314294
2R	50116298	50166911	500	0.10333545	0.00232418	0.12775522	0.01798378	0.33747118	-0.5045237	0.84804755	0.13889099
2R	50166920	50210462	500	0.1629083	0.00265826	0.80561877	0.68444694	0.37329624	0.12477273	1.55616634	0.62023473
2R	50210582	50255531	500	0.07273162	0.00250153	0.01148016	0.15142029	0.42547139	-0.77367741	0.67940216	0.08802063
2R	50255536	50310415	500	0.1393874	0.00212571	-0.21912944	-0.31922669	0.29053849	-0.81994833	0.35971878	0.34239482
2R	50310435	50398785	500	0.08143237	0.00145473	-0.01268356	-0.05868993	0.21534133	-0.71062632	0.47050661	0.09184766
2R	50399007	50487865	500	0.12743476	0.00147425	0.01743802	0.06729774	0.19127312	-0.49341585	0.32493716	0.40169136
2R	50487937	50521258	500	0.12491623	0.00343996	0.4946958	0.38116222	0.28350996	0.13090554	1.14189348	0.29744404
2R	50521290	50595206	500	0.16786717	0.00176351	0.68894253	0.66785797	0.19401105	0.15285647	1.23948297	0.77668403
2R	50595233	50648969	500	0.10872054	0.00215642	0.31728765	0.25791163	0.29709475	-0.17987619	0.88842892	0.0043296
2R	50649056	50703291	500	0.11209698	0.00178997	0.55421513	0.56767146	0.21967846	-0.16943969	0.95907584	0.11081494
2R	50703318	50723700	500	0.07835526	0.00512305	1.00512621	0.9074154	0.32536172	0.57061118	2.37280383	-0.05900657
2R	50723701	50742895	500	0.08249498	0.00534078	0.80717944	0.75552655	0.25524423	0.18724734	1.48067609	-0.11323398
2R	50742900	50780775	500	0.04886797	0.00248729	0.10726166	-0.36701446	0.7239846	-0.74647725	1.50817154	0.03480034
2R	50780784	50806295	500	0.04802823	0.00404694	-0.72425712	-0.75312787	0.16478471	-1.02565677	-0.03016428	0.07029546
2R	50806317	50829816	500	0.04198693	0.00383144	-0.84986552	-0.94632208	0.37108414	-1.53429779	-0.15024133	-0.06031582
2R	50829824	50849353	500	0.08097704	0.00481199	-1.62686289	-1.56422743	0.28501525	-2.38695227	-1.147328	0.08591689
2R	50849384	50871186	500	0.09149847	0.00431798	-1.19940275	-1.20019583	0.25315942	-1.92463129	-0.62801467	0.00054733
2R	50871244	50895899	500	0.06002696	0.00382029	-0.90877159	-0.9511988	0.14198707	-1.14273997	-0.61593909	-0.04563436
2R	50895978	50923479	500	0.11941415	0.00378245	-0.51187367	-0.53000128	0.24453405	-1.06602752	0.00784781	0.22654334
2R	50923483	50964901	500	0.07882232	0.0026065	-1.40944146	-1.41920486	0.45819163	-2.29152724	-0.69318034	0.14253898
2R	50964937	50987279	500	0.06228019	0.00465216	-2.39428903	-2.33127744	0.20491411	-2.97000502	-1.92128991	0.00645573
2R	50987307	51013189	500	0.09101518	0.00515304	-1.82152048	-1.73099164	0.26780891	-2.55514946	-1.20200949	0.10741314
2R	51013195	51062827	500	0.13895606	0.00225149	-1.28483745	-1.27274559	0.08278005	-1.66710085	-0.83438231	0.09607753
2R	51062862	51082050	500	0.09879482	0.00562839	-1.49643441	-1.41872747	0.16049216	-1.80117743	-1.27663315	0.12010276
2R	51082107	51102941	500	0.11039579	0.00457946	-1.67555848	-1.60366254	0.22687952	-2.30365468	-0.99296533	0.05339835
2R	51102961	51123856	500	0.07728206	0.00487405	-1.18593015	-1.22295169	0.1214464	-1.61479396	-0.81367134	0.11372438
2R	51123893	51159163	500	0.08035435	0.00327068	-0.76358475	-0.84588093	0.2482048	-1.19106385	-0.29944454	0.25968852
2R	51159170	51191656	500	0.09198308	0.00308148	-0.96194406	-1.00900188	0.14888292	-1.24873388	-0.48951142	0.09518232
2R	51191657	51214594	500	0.07219709	0.00461145	-2.04195652	-2.28118264	0.65012767	-3.01975085	-0.96877439	0.16800773
2R	51214615	51271338	500	0.09699487	0.00190266	-2.16261515	-2.28619159	0.46188207	-3.36258914	-0.79848797	-0.05529145
2R	51271340	51303198	500	0.06741261	0.0029771	-2.05505858	-1.9801165	0.31715535	-2.66048835	-1.31742982	-0.18857717
2R	51303244	51336004	500	0.04734254	0.00308593	-2.55783709	-2.63779549	0.5238524	-3.79085985	-1.10308109	-0.02670065
2R	51336006	51374884	500	0.08467643	0.00285366	-3.16107501	-2.943203	0.55779819	-4.36630478	-1.55242284	-0.01085542
2R	51374938	51429160	500	0.07561688	0.00202535	-2.58512466	-2.63165952	0.52545083	-4.19511886	-1.33270769	0.08282841
2R	51429230	51527096	500	0.06052242	0.0011056	-2.61863388	-2.59423208	0.62634162	-3.78826509	-0.67240695	0.00064805
2R	51527134	51553953	500	0.07000943	0.00377894	-2.7742598	-2.85387346	0.72448217	-4.13959324	-1.3337321	-0.02194484
2R	51553962	51635719	500	0.08441674	0.00115632	-2.49224573	-2.4388737	0.64055404	-4.09300798	-1.07117974	-0.05131895
2R	51635774	51697412	500	0.07880758	0.00170905	-2.35477376	-2.31927634	0.59708266	-3.49513331	-0.9073163	-0.04147163
2R	51697465	51734695	500	0.08364174	0.00277447	-1.25520561	-1.47747011	0.49444269	-1.82356589	0.07559653	0.05805345
2R	51734704	51804063	500	0.06048868	0.00140858	-0.58904797	-0.66776326	0.20957458	-1.0256842	-0.03651342	0.04115634
2R	51804076	51833213	500	0.04960014	0.00325595	-0.57845725	-0.68342251	0.33332802	-1.13100183	0.28437262	-0.10439377
2R	51833214	51856148	500	0.05616975	0.00403657	-0.54300682	-0.54046131	0.33877194	-1.05493887	0.29594829	-0.06122222
2R	51856263	51903321	500	0.05061372	0.0018503	-0.5690919	-0.63697492	0.30237489	-1.08253342	0.12843218	-0.14862838
2R	51903325	51961047	500	0.04358869	0.00152997	-0.26067909	-0.28743632	0.43672824	-1.39180631	0.63811012	-0.08295347
2R	51961063	51976116	500	0.05356196	0.00676307	0.6715395	0.69351255	0.38277355	-0.12105663	1.48463283	0.21857596
2R	51976135	52016367	500	0.02411741	0.00215894	-0.16377312	-0.12542704	0.25549614	-1.10297065	0.55395196	-0.07787314
2R	52016375	52052258	500	0.02198593	0.00287196	-0.63658329	-0.56578079	0.40008232	-1.97388965	0.11828062	-0.10100316
2R	52052278	52107390	500	0.03452541	0.00172401	-0.19547472	-0.19103374	0.51748251	-1.28956459	0.9314518	0.06096288
2R	52107393	52129792	500	0.02201445	0.00423387	0.85415199	0.76384157	0.42766016	0.28061606	1.92089682	-0.07469515
2R	52129817	52173378	500	0.05860934	0.00216381	1.48061772	1.42822516	0.55826596	0.1789024	3.33270229	0.06155596
2R	52173441	52227773	500	0.05998417	0.00174444	1.69554728	1.665483	0.49433542	0.14617668	2.96559317	0.03608721
2R	52227928	52267968	500	0.03179377	0.00232329	1.79615782	1.81174442	0.35757045	0.63907967	2.63088094	-0.0252795
2R	52267991	52302398	500	0.08499828	0.00301207	1.64524189	1.76863986	0.45229598	0.40206359	2.49202297	0.24434684
2R	52302421	52324150	500	0.06680193	0.00470225	2.4692746	2.46237559	0.26664531	1.86296559	3.12934642	0.15384102
2R	52324167	52343367	500	0.03655023	0.00462346	0.5714111	0.39748132	0.70185764	-0.56634381	2.75287938	0.00189015
2R	52343371	52394127	500	0.06704072	0.00189063	1.88850657	1.94718423	0.65860515	0.06052504	3.48564135	0.10614865
2R	52394146	52484212	500	0.06829612	0.00138974	1.99457798	2.02232104	1.0526399	-0.02926287	3.66937321	0.21235424
2R	52484243	52542791	500	0.06056265	0.00177316	0.86275549	0.85901512	0.27733734	0.14379933	1.61767667	0.12407525
2R	52542847	52576833	500	0.072589	0.00333749	0.86837043	0.87599661	0.25129432	0.31219168	1.36102437	0.13235595
2R	52576888	52616412	500	0.08734106	0.00298027	0.9002114	0.88635714	0.24879488	-0.0226109	1.63199341	0.09669299
2R	52616444	52664457	500	0.1224203	0.00212072	1.09045282	0.96071125	0.36300561	0.23319597	2.35943853	0.19146226
2R	52664476	52727248	500	0.06268773	0.00186423	0.25685042	0.00577879	0.64480019	-0.66716794	1.6955655	0.19574808
2R	52727271	52839614	500	0.06853424	0.00099862	0.14136694	0.12168608	0.33575438	-0.48978912	0.97021156	-0.04781644
2R	52839616	52935180	500	0.07114627	0.00110476	-0.10204183	-0.13701275	0.27253753	-0.70604624	0.71188812	0.0377993
2R	52935184	52964627	500	0.06094721	0.0032025	-0.29161793	-0.252471	0.54241397	-1.8674681	0.5623426	-0.10582611
2R	52964639	52994980	500	0.06458818	0.00356902	0.41744013	0.46872521	0.35515712	-0.35904229	1.39657812	0.01859702
2R	52995002	53066783	500	0.05930746	0.00146294	-0.20070243	-0.24898272	0.12738971	-0.40625558	0.24552438	0.03224899
2R	53066791	53097305	500	0.0380515	0.00343905	-0.93994412	-1.01953843	0.51049404	-1.6471598	0.01864378	-0.10806413
2R	53097324	53125978	500	0.04559891	0.00385988	-1.19606361	-1.20795319	0.10528496	-1.50940145	-0.8814276	0.01728778
2R	53125993	53171111	500	0.06315884	0.00240783	-0.71186916	-0.71177767	0.14536697	-1.17326291	-0.03021808	-0.00194807
2R	53171113	53195591	500	0.02911602	0.00405963	-0.28938687	-0.3291523	0.35307409	-0.86900208	0.70695894	-0.08589647
2R	53195773	53235840	500	0.03823183	0.00267587	-0.1604967	-0.16501597	0.34413516	-0.72572526	0.81360332	-0.198749
2R	53235939	53288315	500	0.06290252	0.0019073	-0.10564543	-0.46092188	0.6159775	-0.94913218	1.01492863	0.00601931
2R	53288379	53348854	500	0.04978908	0.00174768	0.3098491	0.25332755	0.34611762	-0.39537354	1.28005745	0.05894866
2R	53349153	53382824	500	0.05336166	0.00283086	-0.02615755	-0.03794463	0.17522734	-0.38193219	0.52395287	-0.16851325
2R	53382843	53411546	500	0.06657204	0.00331563	0.70005322	0.81929305	0.36802007	-0.40736965	1.33161711	-0.10007438
2R	53411547	53434425	500	0.0782224	0.00461641	0.65832356	0.69803441	0.278393	-0.00324422	1.3901436	0.04052969
2R	53434429	53492008	500	0.04369072	0.00195825	0.16593981	0.14943171	0.26448883	-0.66093533	0.89182184	-0.02798751
2R	53492127	53526946	500	0.03718838	0.00331833	-0.4195041	-0.51915899	0.26839018	-1.33506449	0.2243382	-0.11718409
2R	53527024	53599258	500	0.07167709	0.00150153	-0.25920777	-0.16534601	0.35618291	-1.21443713	0.24429523	0.11087089
2R	53599259	53683951	500	0.05313784	0.00113659	0.11307325	0.17735833	0.43368452	-0.86951601	1.27099983	0.02321855
2R	53683969	53736794	500	0.08194984	0.00205598	0.45537708	0.37553339	0.3677981	-0.43157429	1.38127655	0.21129118
2R	53736803	53778495	500	0.09138906	0.00261445	0.86566509	0.84393181	0.30449456	0.04778543	1.73001775	0.41250103
2R	53778537	53873749	500	0.04697963	0.00113754	1.35198596	1.35646076	0.69272221	-0.403402	3.01122104	0.10997568
2R	53873769	53938640	500	0.09483736	0.00169551	1.19410361	1.21711055	0.4133259	0.25437062	2.34397327	0.15230797
2R	53938642	54017088	500	0.08217708	0.00129411	1.62853486	1.52879768	0.65141892	0.10142397	2.81718565	0.27156126
2R	54017109	54089467	500	0.05636025	0.0013321	1.28574983	1.18760609	0.51736521	-0.17176578	2.51714381	-0.14040363
2R	54089470	54161810	500	0.03726925	0.0014537	1.30526625	1.23022445	0.71523481	0.10169203	2.83871511	-0.01413413
2R	54161888	54260166	500	0.04664471	0.00113112	1.19884805	1.37418967	0.78812726	-0.54368352	2.98611724	-0.12134683
2R	54260168	54356361	500	0.06416071	0.00119809	1.25198221	1.27794329	0.41993088	-0.26286581	2.26028129	-0.05501169
2R	54356441	54387274	500	0.049566	0.00345311	1.84685574	1.8543907	0.35493592	0.7852909	2.83223108	-0.0359437
2R	54387306	54428676	500	0.05498843	0.00275415	1.75947425	1.73281464	0.61751865	0.14645461	3.07505855	-0.03144527
2R	54428718	54487399	500	0.06195732	0.0019648	2.13404956	2.07191365	0.84250893	-0.16629191	3.70249011	-0.00039264
2R	54487407	54649315	500	0.05012158	0.0006689	2.05292536	1.97309585	0.73858023	-0.1656299	3.6773988	0.06143287
2R	54649355	54700355	500	0.06046298	0.00222733	1.59486045	1.48967076	0.4612817	0.21135708	2.53673409	0.06249593
2R	54700393	54723076	500	0.06663558	0.00444002	1.32843667	1.59652036	0.65920418	0.4383268	2.8633587	-0.09389742
2R	54723095	54774034	500	0.0985437	0.00215189	0.50016149	0.47502628	0.32070844	-0.49999101	1.46274866	-0.00242924
2R	54774236	54801860	500	0.06224489	0.00393337	1.38313851	1.09703958	0.69925151	0.30110374	3.04405104	-0.01834162
2R	54801865	54835546	500	0.06129005	0.0031656	1.3017084	1.24887266	0.42496758	-0.15120179	2.56360376	0.14709336
2R	54835547	54890394	500	0.04559808	0.00192185	0.82936475	0.75897662	0.30447222	0.13290532	1.77700026	-0.02651042
2R	54890417	54931324	500	0.04211968	0.00255868	0.83382177	0.82009252	0.5568467	-0.38462909	2.11503825	-0.11384943
2R	54931397	54962785	500	0.04032166	0.00343622	-0.13273966	-0.15170091	0.39832105	-0.89094151	0.5268854	-0.01477196
2R	54962816	55046219	500	0.05599633	0.00128896	1.10493545	1.01990791	0.70639616	-0.98911449	2.58102084	0.21408871
2R	55046234	55074676	500	0.04794618	0.00337409	1.41196222	1.3849522	0.37061326	-0.03902932	2.37231093	0.02345354
2R	55075711	55128265	500	0.12732153	0.00226481	1.34224899	1.38177979	0.33480674	0.0628843	2.1388199	0.36757263
2R	55128270	55158504	500	0.16581545	0.00369524	1.73542933	1.80225704	0.27943955	1.16792828	2.24479453	0.70372434
2R	55158547	55213321	500	0.14066929	0.00195209	1.44340169	1.33695141	0.38422933	0.6572452	2.38046865	0.53974407
2R	55213335	55260772	500	0.08538344	0.00201806	1.9531779	1.94147746	0.37258127	0.59331638	2.68991933	0.10046407
2R	55260778	55296273	500	0.1360863	0.00328643	2.63164767	2.64327199	0.4614273	1.80912536	3.78721941	0.57485872
2R	55296363	55328595	500	0.08954544	0.00311222	1.75136057	1.71644716	0.29203467	1.22653091	2.55520399	-0.12233156
2R	55328657	55378045	500	0.05439192	0.0018544	1.47816549	1.50120181	0.35547943	0.35295271	2.41503063	0.16256932
2R	55378069	55418175	500	0.06826092	0.00210068	2.07322483	2.30429445	0.64261664	0.21290917	3.12459416	0.0070488
2R	55418206	55457572	500	0.0692645	0.00307159	1.55718104	1.60529303	0.27751468	0.3757994	2.1664238	0.13573538
2R	55457760	55506272	500	0.0779846	0.00199919	1.89889692	2.16882269	0.75950513	-0.73317811	3.12055134	0.15027136
2R	55506273	55596250	500	0.03901477	0.00112434	0.75768762	0.47848206	0.66721441	-0.33704413	3.00041343	0.09305619
2R	55596257	55625304	500	0.09348449	0.00332306	1.58044017	1.54972049	0.31827925	0.95563395	2.19857042	0.41905845
2R	55625462	55711188	500	0.08893943	0.00121989	2.24503046	2.27017913	0.73679687	0.24044144	4.33198664	0.05960888
2R	55711199	55742164	500	0.07210286	0.00276341	3.28758179	3.40139654	0.67138214	1.72450482	4.56118773	0.01253197
2R	55742192	55790201	500	0.11222396	0.0021205	2.1385635	2.12259167	0.3528625	1.50621662	2.90079643	0.12194913
2R	55790223	55841349	500	0.09002545	0.00207354	2.15468557	2.21860224	0.38008149	0.71315879	3.21155068	0.14892855
2R	55841418	55875784	500	0.06478448	0.0028086	1.95910948	1.86490143	0.4221112	0.97477657	2.96658083	0.06125383
2R	55875794	55933191	500	0.05749653	0.00165584	2.07181628	2.13626853	0.59553735	0.1807937	3.62281637	-0.05463123
2R	55933221	56016539	500	0.06475159	0.00116266	2.34277132	2.40877628	0.85108335	-0.17703824	4.18716142	0.00482197
2R	56016826	56048128	500	0.07704428	0.00275157	3.15535082	3.10700213	0.63844282	1.02371429	4.74876114	0.03191329
2R	56048138	56116729	500	0.08636986	0.00148797	2.96206926	3.077733	0.8034022	0.21374576	4.67956183	0.07369726
2R	56116838	56186372	500	0.08144417	0.00152539	2.01754745	2.1145566	0.68280601	0.06190419	3.53839745	0.05325288
2R	56186477	56209257	500	0.06056332	0.00411129	1.96860788	2.00249205	0.63649263	0.68379767	3.13303039	0.03683695
2R	56209278	56242433	500	0.07095342	0.00275291	2.09875149	2.16687389	0.45043119	1.00829525	3.00643131	0.06708389
2R	56242470	56276161	500	0.08447221	0.00292623	2.14434596	2.17999987	0.42221503	1.0184894	3.12638513	0.12794704
2R	56276199	56326758	500	0.06069727	0.0019255	2.07215848	2.10088669	0.42156888	0.73986519	2.89376504	-0.00322374
2R	56326784	56366548	500	0.06062464	0.00266431	2.27592499	2.32948752	0.42280385	1.10286452	3.38061146	0.09390664
2R	56366558	56438340	500	0.05654945	0.00143373	1.6159044	1.56150399	0.6284549	0.0886162	3.19789364	-0.03377282
2R	56438342	56487271	500	0.05698716	0.00205476	2.85878165	3.08545811	0.64716388	0.34123293	4.06180954	0.09865126
2R	56487374	56542536	500	0.05958672	0.00185035	2.96992974	3.01457331	0.5471953	1.32490658	3.95164275	0.18659455
2R	56542604	56596442	500	0.05749172	0.00182118	2.51022004	2.46462533	0.42177812	1.08142541	3.66102274	0.14769763
2R	56596491	56678579	500	0.06676926	0.00119941	2.64301443	2.90604546	0.69273518	0.55699217	3.69568211	0.21913547
2R	56678671	56711247	500	0.07045088	0.00276232	3.35426981	3.30141007	0.56703162	1.80319038	4.62946768	-0.08270728
2R	56711291	56745167	500	0.07094559	0.00276404	3.3665009	3.31205936	0.60503687	2.17789277	4.89169892	0.01158081
2R	56745179	56805102	500	0.06730451	0.00138368	2.54181632	2.50232281	0.73493489	0.58719079	4.94628291	0.03125307
2R	56805122	56855335	500	0.06366071	0.00191085	2.68063783	2.67892965	0.63750304	0.85653771	3.93719164	-0.01077708
2R	56855373	56937729	500	0.05377957	0.00119569	2.32710267	2.52422214	0.82596663	0.43897641	3.99252174	0.07237682
2R	56937742	56989201	500	0.0335123	0.00187187	2.34410949	2.39269171	0.70375862	0.84858086	3.71423491	-0.09043967
2R	56989212	57019715	500	0.04791793	0.00269885	2.33813135	2.26873534	0.44742465	1.30250701	3.61616486	-0.00170188
2R	57019832	57057518	500	0.05252281	0.00214336	0.6295442	0.52984285	0.68361474	-0.52243621	2.84175796	0.02470684
2R	57057789	57121764	500	0.04492303	0.00133714	1.83691863	1.99427876	0.82162752	-0.00534651	3.23167254	-0.06193839
2R	57121768	57164968	500	0.04826022	0.00222616	2.46556397	2.59443719	0.62149394	0.37842586	3.90148102	0.00902946
2R	57164969	57252692	500	0.0563735	0.00108777	2.36032527	2.35331733	0.96171945	0.05007131	4.40765804	-0.03593251
2R	57252746	57327927	500	0.05283392	0.00114469	2.40314369	2.65985272	0.73359473	-0.07609568	3.70427269	0.04520717
2R	57327946	57403825	500	0.06166237	0.00113292	1.93521499	1.88877116	1.0758991	-0.59220885	3.79335884	-0.11267447
2R	57403827	57454805	500	0.0576023	0.00160813	2.10377422	2.10444355	0.75020419	-0.04524942	4.18664117	0.00312107
2R	57454868	57499690	500	0.05184881	0.00217812	2.0759401	2.03618886	0.46213253	0.85618296	3.3641463	0.1042799
2R	57499691	57558020	500	0.046887	0.00160821	2.38270969	2.44811035	0.61854392	0.4672567	3.89562561	0.0770543
2R	57558099	57600114	500	0.06539912	0.00208589	3.25272326	3.30004707	0.57182844	1.73381917	4.4851836	-0.03751032
2R	57600262	57631028	500	0.08200204	0.00344454	3.66331855	3.70711614	0.50389823	2.26233962	4.69001236	0.18406558
2R	57631033	57665371	500	0.11249333	0.00318969	3.43727475	3.39883763	0.48807282	2.23617496	4.82406225	0.29923446
2R	57665429	57713006	500	0.06971339	0.00196036	3.49759491	3.69109244	0.77993411	0.81416283	4.95596468	0.06405136
2R	57713026	57823028	500	0.09308782	0.00096413	3.24319365	3.36475616	0.93573782	0.29900448	5.40342792	-0.01365295
2R	57823213	57897184	500	0.08970522	0.00124259	3.66950955	3.69415888	0.80113946	1.41063219	5.51863284	0.00623192
2R	57897226	58142798	500	0.10969996	0.00047512	3.04009483	3.10455448	1.25976442	0.41423881	5.2521374	0.27299359
2R	58142828	58229512	500	0.11085239	0.00122221	3.6942541	3.76270249	0.59357008	1.76253568	5.18523087	0.23035917
2R	58229518	58308373	500	0.12902553	0.00141162	3.84071906	3.84172976	0.55393389	2.00168262	5.47253626	0.0534543
2R	58308375	58412966	500	0.10867782	0.00102978	3.87706896	3.92843745	0.77242083	1.54196258	5.57452626	0.05022035
2R	58413428	58529060	500	0.21197995	0.00111041	nan	nan	nan	nan	nan	1.24747546
2R	58529086	58636506	500	0.17280713	0.00105824	nan	nan	nan	nan	nan	0.95317487
3L	1833200	2040226	500	0.10175426	0.00050601	nan	nan	nan	nan	nan	0.05718666
3L	2040230	2211008	500	0.1075556	0.00066253	0.39543681	0.31225296	0.2755596	-0.10092903	1.01474109	-0.05050495
3L	2211170	2418349	500	0.10452948	0.00057263	-0.2405656	-0.20796558	1.02560542	-3.16222945	1.08302433	0.06445061
3L	2418358	2611906	500	0.08984359	0.00052809	-1.82455468	-1.81812348	0.73905152	-3.18088526	0.19894805	-0.00400849
3L	2612222	2763799	500	0.06980701	0.00076012	-1.319675	-1.62332107	1.38789577	-3.26572622	0.81410607	0.01987802
3L	2763814	2904047	500	0.10711957	0.0008752	0.65263758	0.71269368	0.32971517	-0.19071996	1.52364396	0.20228581
3L	2904054	3006745	500	0.08419473	0.00108832	0.5708741	0.57460439	0.2602776	-0.43737651	1.21055935	0.00809209
3L	3006784	3155037	500	0.06854877	0.00072227	1.13041917	1.12930244	0.33971132	0.46396876	2.14872867	0.09934992
3L	3155042	3245717	500	0.10208293	0.00128024	0.13800848	0.0168103	0.40029357	-0.42490481	1.34454451	0.14412928
3L	3245737	3380784	500	0.08079657	0.000736	-0.24947918	-0.24301968	0.20953924	-1.12363525	0.38365883	-0.01899488
3L	3380787	3524225	500	0.07293168	0.00060364	-0.29733953	-0.20933925	0.44860918	-1.21827901	0.67261805	-0.12607517
3L	3524253	3634387	500	0.04987944	0.00071996	-0.34714262	-0.27917364	0.25975487	-1.0525611	0.13155694	-0.08467607
3L	3634479	3765573	500	0.06591566	0.00077961	0.33338802	0.47943539	0.56001471	-1.04408217	1.23688324	-0.06463728
3L	3765736	3896125	500	0.04700014	0.00077139	0.46804655	0.66198379	0.72168012	-0.98188841	1.50194314	-0.11290477
3L	3896177	4062228	500	0.05114935	0.00063123	0.20142545	0.8255899	0.93643801	-1.62779059	1.58515779	-0.03716374
3L	5032164	5154833	500	0.08503268	0.00090781	nan	nan	nan	nan	nan	0.26764347
3L	5154848	5262410	500	0.05126955	0.0009855	-0.73134752	-0.75151568	0.16677909	-2.06654739	-0.21894984	-0.08065939
3L	5262417	5338860	500	0.03016257	0.00104277	-0.68851697	-0.73050553	0.13244912	-1.00552518	-0.17539977	-0.03617397
3L	5339005	5451265	500	0.07865669	0.00079675	-0.44589927	-0.4498378	0.35029949	-1.021791	0.26980916	0.19311045
3L	5452747	5595673	500	0.13055787	0.00070557	-0.15304206	-0.08530831	0.27819103	-0.75185276	0.34845962	0.15626785
3L	5595726	5664013	500	0.05807711	0.0013975	0.27766937	0.31934846	0.35864399	-0.71173998	0.83660955	0.05611332
3L	5664029	5739707	500	0.0677952	0.00139282	-0.54146595	-0.58700207	0.22724698	-0.90076119	0.50164071	-0.15148945
3L	5740048	5825466	500	0.07985254	0.00122946	0.00537153	-0.04192316	0.35175545	-0.77761493	0.74318295	0.20163849
3L	5825609	5986652	500	0.06128573	0.00063653	0.62976645	0.66346523	0.5592424	-0.32706025	1.91017414	0.21714854
3L	5986657	6066235	500	0.03638707	0.00120632	1.1100432	1.17163241	0.47025507	-0.35482956	1.99926589	0.07518919
3L	6066372	6147332	500	0.02142261	0.00134133	0.86435456	0.99476605	0.56031058	-0.35033003	1.96467642	0.11575969
3L	6147771	6257787	500	0.042372	0.00103116	0.74418346	0.59000895	0.57168012	-0.23646201	1.9899825	0.10113486
3L	6257797	6323881	500	0.0371139	0.00130055	1.34763777	1.37677174	0.51052031	-0.03346167	2.69869471	-0.06329162
3L	6323908	6403334	500	0.06420232	0.00127158	1.86362918	1.95983578	0.60551631	-0.27333457	3.00224626	0.27961264
3L	6403353	6483199	500	0.03660414	0.00123278	1.31864263	1.27586994	0.42484477	0.13603659	2.53343494	0.04673747
3L	6483241	6552418	500	0.02388836	0.00155321	1.04091544	1.15933509	0.39469428	-0.23265308	1.56328766	0.0637312
3L	6552425	6613850	500	0.07330191	0.00172928	0.99076891	0.99452505	0.49266799	0.17501171	2.06602523	0.0146576
3L	6613860	6674795	500	0.06444589	0.00184002	0.71313828	0.71530011	0.33862087	0.10368931	1.63431388	0.26303036
3L	6674796	6712259	500	0.07774016	0.00288474	0.94177474	0.6363805	0.55157664	0.19093632	2.0914448	0.24331863
3L	6712279	6764212	500	0.0734283	0.00208309	0.89513617	0.72722138	0.43980689	0.19450456	2.29348603	0.261422
3L	6764220	6823754	500	0.09392261	0.00172626	1.71368748	1.76534558	0.53022675	0.41814988	2.75500373	0.09675863
3L	6823768	6927228	500	0.07351267	0.00109729	1.84393429	1.85066485	0.59735218	0.30362328	3.56066712	-0.05916475
3L	6927246	6971238	500	0.09336805	0.00176549	2.04519039	2.24391869	0.70806848	0.15185295	3.39151384	0.00740129
3L	6971275	7068655	500	0.08513572	0.00090708	1.6090084	1.68768668	0.53688004	0.1117224	2.78652073	-0.0617456
3L	7068660	7352932	500	0.03303883	0.00034902	0.27301711	0.17541077	0.91483712	-1.36573609	1.96676856	-0.05162168
3L	7352981	7629034	500	0.04559482	0.00042085	1.23191106	1.10763889	1.29573113	-1.07931917	3.81046357	0.08914075
3L	7629063	7813906	500	0.04664388	0.0005716	2.77762917	3.09171408	1.30239781	-0.62940172	5.2921122	0.06269637
3L	7814051	7881994	500	0.04786836	0.00139346	0.60814704	0.63856627	0.37739534	-0.51254151	1.59744405	0.00765065
3L	7882024	7954539	500	0.03937491	0.00114675	0.11591199	0.112579	0.39244493	-0.86134893	1.28262367	-0.11864904
3L	7954636	8051101	500	0.01896193	0.00097555	0.05384374	0.0487075	0.46629401	-1.24418543	1.87147424	-0.02396791
3L	8052030	8099556	500	0.02558132	0.00196342	-0.13347484	-0.09912738	0.33688064	-1.182616	1.0655578	0.08133585
3L	8099721	8212579	500	0.02856063	0.00083891	-0.37260224	-0.39904354	0.43718792	-1.47538783	0.58914046	0.00485784
3L	8212583	8273895	500	0.02573648	0.00144135	-0.59577824	-0.57468576	0.29316082	-1.90724566	0.24195753	-0.07966196
3L	8273919	8321666	500	0.03015136	0.00173582	-0.37606181	-0.37329923	0.28216525	-1.15122641	0.559488	-0.03841819
3L	8321689	8359900	500	0.02584208	0.00243132	-0.57113357	-0.50564771	0.43210472	-1.94236931	0.39890789	0.03342177
3L	8360178	8441264	500	0.0501758	0.00119988	-0.58073027	-0.31426174	0.66984064	-2.62161056	0.48035587	-0.01986598
3L	8441267	8497776	500	0.03050166	0.00151765	0.37633198	0.28316654	0.38433885	-0.48796251	1.47253659	-0.05673351
3L	8497791	8541456	500	0.0328496	0.00205503	-0.11457888	-0.14028738	0.41554037	-1.04895067	0.98864068	0.06177374
3L	8541493	8579960	500	0.02326852	0.0021223	-0.07315055	-0.12791995	0.43546682	-0.83057465	1.67631366	-0.03556304
3L	8581338	8621643	500	0.02716641	0.0020786	0.20434072	0.18554534	0.54434969	-0.84018829	1.61504637	-0.06581013
3L	8621646	8676106	500	0.02785335	0.00180002	0.62448785	0.53070647	0.56369786	-0.61716956	2.05468171	0.04792192
3L	8676487	8738102	500	0.03574769	0.00163997	-0.40454854	-0.47514119	0.52023834	-1.38353966	1.0959437	-0.04795612
3L	8738151	8815752	500	0.04132232	0.00123533	-1.23746899	-1.1400492	0.4845411	-2.49466803	-0.3026509	-0.04141048
3L	8816449	8902315	500	0.04312392	0.00113045	0.24809172	0.09212156	0.66381463	-1.39942615	2.27151087	0.06915473
3L	8902326	8980468	500	0.0503266	0.00124019	1.15110858	0.80816467	1.03707578	-0.38473448	3.38015457	-0.11373669
3L	8980490	9016313	500	0.03572835	0.0029188	1.41878819	1.41114087	0.6252011	0.15233928	3.11734658	-0.00148831
3L	9016338	9057803	500	0.03347595	0.00227649	0.61829911	0.68918978	0.56554505	-0.47791335	2.48151229	0.00415964
3L	9057828	9132515	500	0.03105818	0.00130864	-0.03251727	0.00253707	0.73705025	-2.13966989	1.9218537	0.11834054
3L	9132520	9287943	500	0.03431112	0.0005728	0.19162086	0.17917871	0.54790626	-0.84873548	1.79901583	-0.07729306
3L	9289811	9336326	500	0.04267893	0.00196453	0.55782913	0.54428313	0.69141093	-0.75763728	1.93486186	0.07566297
3L	9336352	9366188	500	0.04051532	0.00278507	1.59845577	1.58108565	0.39146739	0.62000793	2.57487014	0.00391028
3L	9366235	9465462	500	0.03487172	0.00085615	1.11975453	1.230993	0.71370367	-0.64887524	2.71388262	-0.00734822
3L	9465514	9598366	500	0.07334066	0.00080922	0.79694305	0.59214035	0.55900556	-0.21800846	2.39271009	0.14108196
3L	9598369	9674945	500	0.04386464	0.00129666	1.45974729	1.30850801	0.57004377	0.21288727	3.03109443	0.05081447
3L	9675808	9762253	500	0.09327032	0.0011137	1.41995529	1.4414062	0.40503558	0.07469448	2.45993134	0.22792079
3L	9762283	9818682	500	0.03836302	0.00223162	0.82426253	0.83363399	0.1581914	0.45852599	1.20376793	0.25491376
3L	9818806	10022418	500	0.06040977	0.00049955	1.38945475	1.36420125	0.65918862	0.09149086	3.55366122	0.20804698
3L	10022477	10073678	500	0.10613369	0.00194728	1.82135673	1.90308904	0.47949585	0.01480075	2.8955657	0.30823891
3L	10073696	10191371	500	0.05719261	0.00073681	0.63819868	0.42007514	0.83931785	-0.89944996	2.80989734	0.03887024
3L	10192464	10221036	500	0.06212361	0.00388371	0.07868397	0.09697659	0.33945253	-0.77353935	0.9684797	0.02624027
3L	10221037	10278476	500	0.03383646	0.00162377	-0.23935898	-0.34705705	0.40325471	-1.05291917	0.9091138	-0.06211964
3L	10278477	10332605	500	0.0470756	0.00150601	-0.16082651	-0.17055017	0.38279954	-1.2196458	0.95201787	0.01273755
3L	10332656	10356877	500	0.01741104	0.00384761	-1.03985744	-0.60058627	0.8890009	-2.67928587	0.41922369	-0.16256093
3L	10359199	10402778	500	0.04408199	0.00212509	-1.22378566	-1.22546437	0.36880746	-2.28879422	-0.12135382	-0.01239771
3L	10402780	10435684	500	0.0325948	0.00315554	-0.96542543	-1.01369076	0.27011569	-1.62807083	-0.08923171	0.00098033
3L	10435694	10459716	500	0.0486283	0.00422546	0.09241646	-0.08796778	0.58149225	-0.99053201	1.633497	-0.05892786
3L	10459718	10488768	500	0.10126674	0.00296339	1.2785274	1.16717018	0.60122095	-0.0756825	2.91779633	0.1962773
3L	10488777	10526010	500	0.11172855	0.00216821	1.72583133	1.6244114	0.56953759	0.20972411	2.63386649	0.16245192
3L	10526028	10554997	500	0.10188395	0.00326635	1.97788899	1.91796917	0.71523961	0.386193	3.81838344	0.23853096
3L	10555013	10587931	500	0.07494239	0.00281505	0.01883243	0.11605746	0.62813644	-1.31031757	1.55639587	-0.08082147
3L	10587976	10620257	500	0.07224072	0.00259307	0.20779484	0.03923019	0.61771622	-1.2287513	1.82005821	-0.02405519
3L	10620259	10667224	500	0.04701789	0.00204605	0.99576207	0.89287651	0.68293796	-0.71175147	2.50529766	0.17455824
3L	10667244	10702975	500	0.08219015	0.00284612	1.6507218	1.54795528	0.69882229	-0.10956744	3.16000441	0.28189427
3L	10703096	10740356	500	0.08105797	0.00256154	0.11511955	0.00178879	0.50093354	-0.9741718	1.41846816	-0.01698589
3L	10740402	10793297	500	0.06022545	0.00188393	0.40939397	0.45371691	0.48971075	-0.60509211	1.47718606	0.08476452
3L	10793316	10889098	500	0.05497119	0.00107584	0.8841954	0.77327894	0.59144504	-0.63595719	2.80167438	0.21627578
3L	10889130	10972859	500	0.0435514	0.00109875	-0.15598137	-0.37340095	0.80666963	-1.59254032	1.78439371	0.10544875
3L	10972878	11007774	500	0.03252743	0.00233455	-1.2528165	-1.24580024	0.59130788	-2.71617519	0.06221474	-0.12573079
3L	11007783	11050992	500	0.04664081	0.00203282	-0.74103139	-0.59741458	0.6989137	-2.75818865	0.75574277	0.01587945
3L	11051105	11096007	500	0.04869962	0.00210355	-0.43464178	-0.47351713	0.38938934	-1.16065406	0.73887526	0.03074117
3L	11096089	11132605	500	0.07953041	0.00260062	0.13583057	0.17911254	0.41627287	-0.60543453	0.9300352	0.03981779
3L	11132643	11262103	500	0.06238017	0.00079852	0.22549682	0.1796487	0.45939098	-0.66711735	1.75690017	0.20565315
3L	11262131	11313943	500	0.02819633	0.00171458	0.11615362	0.11037571	0.35830501	-0.83861923	1.30136714	-0.00147584
3L	11313952	11341413	500	0.04763492	0.00314084	1.20483073	1.18792939	0.60945825	-0.58777817	2.94197586	0.01004448
3L	11341455	11373690	500	0.02505722	0.00294068	0.2009872	0.24750004	0.49044898	-1.01078123	1.8331683	-0.13524379
3L	11373691	11396119	500	0.02964145	0.00404292	0.12733947	0.11500669	0.41794226	-0.72154234	1.04746025	0.01110425
3L	11396121	11416816	500	0.02385618	0.00411456	-0.17099038	-0.25030869	0.38477784	-1.00817998	0.82248646	-0.01204861
3L	11416873	11467857	500	0.05695615	0.00203338	0.16626497	0.110794	0.51711077	-1.06567595	1.48189313	-0.01265954
3L	11467874	11506468	500	0.05787046	0.00243558	1.56897137	1.54906815	0.63851237	0.05045011	2.89845717	-0.01260967
3L	11506469	11640836	500	0.06458735	0.00073519	0.22170799	0.24951009	0.35117771	-0.82003344	0.91160165	0.11068526
3L	11640848	11667805	500	0.0432839	0.00373366	-0.05165946	-0.14002918	0.34312536	-0.79799346	1.06954662	0.01021903
3L	11667904	11711766	500	0.04475875	0.00189957	0.28714237	0.39621345	0.50247661	-0.87557561	1.33157839	0.1857544
3L	11711770	11741793	500	0.04390466	0.00251838	0.36707214	0.41427256	0.50577876	-0.70722194	1.54317514	-0.08846428
3L	11741826	11783442	500	0.04824482	0.00198331	-0.07558265	-0.03307104	0.48773339	-1.38874578	0.97738185	-0.04040058
3L	11783443	11802909	500	0.05876643	0.00389669	0.51015034	0.56398511	0.45298089	-0.86519344	1.68518507	-0.0061513
3L	11802983	11826561	500	0.04928888	0.00407182	1.53559709	1.52265606	0.54967478	-0.29569885	2.77205941	0.0930432
3L	11826704	11850253	500	0.08175081	0.00402829	2.00188916	1.86092214	0.51510531	0.71286992	3.49701915	0.09351698
3L	11850263	11893149	500	0.07223555	0.00233257	1.21779105	1.11354824	0.7205476	-0.11247014	2.67683709	0.09219538
3L	11893168	11935040	500	0.06862377	0.00233238	1.21107447	1.17377205	0.7039667	-0.45977059	2.67184098	-0.06460075
3L	11935045	11987699	500	0.03346545	0.00198647	0.11479262	0.11060169	0.33763263	-0.75677333	0.95104647	-0.11879865
3L	11987713	12032879	500	0.03861626	0.00211648	0.60615705	0.58827766	0.44021297	-0.57773047	2.14125703	-0.00761004
3L	12032898	12061808	500	0.04306886	0.00342482	-0.04560256	-0.01488467	0.39093287	-1.00165079	0.86297273	0.04430623
3L	12062221	12098517	500	0.03516056	0.00266475	0.15111389	0.17590104	0.38449222	-0.93889953	1.11534115	0.07086283
3L	12098518	12128691	500	0.03641597	0.00368268	0.4385371	0.55127405	0.52227064	-1.06931429	1.69592217	0.07272055
3L	12128713	12159743	500	0.0304096	0.00305912	0.31117044	0.24439538	0.56631311	-1.05300838	1.84313271	-0.13836076
3L	12159745	12221984	500	0.03512468	0.00165418	0.4398682	0.28280379	0.49764896	-0.41005881	2.29558937	-0.00531595
3L	12221985	12292065	500	0.05718089	0.00143488	0.16855895	0.17657335	0.33092599	-0.72968091	1.07608225	0.05428054
3L	12292072	12350469	500	0.06464412	0.00173584	1.43176789	1.48032144	0.74221509	-0.33460613	2.77007719	0.07952801
3L	12350477	12404714	500	0.03195332	0.00188122	0.82689382	0.7625202	0.81867572	-0.66062159	2.9269318	-0.05891539
3L	12404846	12434638	500	0.03819243	0.00310325	0.19618262	0.37203904	0.81257393	-1.71369704	1.7260069	0.04612654
3L	12434668	12455145	500	0.051534	0.00499719	-0.30084279	-0.19880052	0.39124236	-1.44066668	0.52079375	-0.12970805
3L	12455151	12484924	500	0.04237666	0.00332039	0.59736122	0.55709536	0.41685828	-0.43121117	2.4599207	-0.03762024
3L	12484967	12513791	500	0.06277741	0.00325945	-1.05939049	-1.09966172	0.52998813	-2.10947499	0.34931889	0.02186404
3L	12513833	12535389	500	0.03502395	0.00437877	-0.64246666	-0.6535462	0.37431669	-1.87174803	0.36724125	0.04448078
3L	12535394	12554864	500	0.03470273	0.00469743	-0.68083383	-0.60146302	0.51368333	-1.57140658	0.14662552	0.0183855
3L	12554870	12585094	500	0.06747996	0.00306131	-1.03920059	-1.05246912	0.38912488	-2.08422862	-0.0984003	0.03392048
3L	12585147	12661568	500	0.04763025	0.00123071	-0.53048171	-0.62888906	0.6678894	-1.59261785	1.07757995	-0.00643806
3L	12661569	12707793	500	0.06246448	0.00201691	0.45314371	0.54920633	0.4336495	-0.65263796	1.35964291	0.14399945
3L	12707801	12739428	500	0.02735319	0.00225014	0.49563282	0.39572404	0.56929519	-0.63339294	2.51813762	-0.00571492
3L	12739543	12766805	500	0.04296233	0.00254502	-0.41545363	-0.40150584	0.602579	-2.39876102	0.76257209	-0.02679812
3L	12766814	12791851	500	0.04236001	0.00343543	-1.80345316	-1.72470501	0.51841407	-3.31174633	-0.59283378	-0.05034996
3L	12791908	12823893	500	0.04711346	0.00268633	-2.27443921	-2.28629084	0.52689556	-3.39656243	-1.17146637	0.00508226
3L	12823903	12897703	500	0.06657506	0.00116591	-0.87258427	-1.02432738	1.18384372	-3.28641683	1.73717647	0.10734386
3L	12897733	12960985	500	0.04197426	0.00158432	0.26210556	-0.14925352	1.0231114	-1.43761404	2.60763889	0.01966969
3L	12961020	12996816	500	0.05581842	0.00214286	-0.39258845	-0.38169699	0.41993041	-1.55766636	0.40775824	-0.05037489
3L	12997881	13039738	500	0.05142054	0.0021717	0.41685462	0.4608912	0.3966566	-1.2264083	1.07337042	0.04515405
3L	13039741	13069425	500	0.04643227	0.00278171	0.51512928	0.49570209	0.43383697	-0.55218441	2.05819932	0.00864808
3L	13069427	13097695	500	0.05068405	0.00302438	0.7861622	0.74623402	0.53237077	-0.26598448	2.28052069	0.10006262
3L	13097696	13136190	500	0.04474373	0.00242637	0.66285486	0.70235662	0.47794019	-0.45760781	1.86807474	0.09559912
3L	13136282	13182272	500	0.04798066	0.00193338	-0.39480122	-0.30859011	0.31527987	-1.30679025	0.1187265	-0.00317148
3L	13182411	13218573	500	0.04186081	0.00250712	-0.17646612	-0.34708628	0.75849765	-1.47103223	1.6601298	0.03786034
3L	13218687	13246383	500	0.0631465	0.00339576	0.83982623	0.85006431	0.35944484	-0.11025763	1.6515078	0.23912942
3L	13246400	13299376	500	0.04202291	0.00178475	1.11736091	1.17853323	0.54790524	-0.67010306	2.29407672	0.06504033
3L	13299393	13332623	500	0.04252442	0.00257974	-0.03623565	-0.05737075	0.48888053	-1.13585136	1.32847474	-0.0719568
3L	13332633	13361961	500	0.04788134	0.00304087	-0.31641996	-0.2453034	0.49447687	-1.46097424	0.9196367	-0.01764669
3L	13361975	13405338	500	0.03970826	0.00179606	0.55178793	0.43347982	0.54245217	-0.59987932	2.04097833	0.04039132
3L	13405349	13448208	500	0.03431679	0.00205455	0.31905184	0.29169709	0.5392941	-0.95024654	1.57112668	-0.00800902
3L	13448221	13486237	500	0.04793115	0.00232726	-0.56840784	-0.55379195	0.36494748	-1.57567711	0.34436648	-0.10470994
3L	13486245	13519466	500	0.02425782	0.0026157	-0.28620422	-0.39743937	0.45839711	-1.22165784	1.56952143	-0.05613506
3L	13519475	13557275	500	0.03462534	0.00212974	-0.12155056	-0.32731027	0.6638431	-1.71879724	1.64449878	-0.07224356
3L	13557322	13597909	500	0.03704937	0.00216764	-0.10858365	-0.13766316	0.29431234	-0.78403896	1.01543048	0.02321057
3L	13597925	13642683	500	0.06664075	0.00203574	0.06649928	0.03679262	0.44864889	-1.06324867	1.33081641	0.04487976
3L	13642689	13677808	500	0.04088053	0.00246104	0.0197717	-0.03266668	0.42570815	-1.10414775	1.08553315	0.02811045
3L	13677995	13800203	500	0.03744184	0.00077911	-0.25813558	-0.2797608	1.00929309	-2.56908071	2.17712187	0.004409
3L	13800240	13837914	500	0.05338737	0.00253132	-0.84549733	-0.82467627	0.54943119	-2.51165467	0.34306338	0.14301449
3L	13837940	13965860	500	0.03593358	0.00072606	-0.01805678	-0.09001073	0.46760014	-1.29848468	1.38678936	0.02726263
3L	13965871	14005111	500	0.04615739	0.00272053	0.67277531	0.80446276	0.65267742	-0.85193913	2.07063811	0.08945245
3L	14005122	14044617	500	0.05028709	0.00255499	0.53367092	0.49984465	0.59828409	-1.13000201	2.20124287	0.12236767
3L	14044668	14070502	500	0.05666566	0.0034282	0.27214874	0.34920985	0.67450942	-1.19588144	1.77420503	0.09867868
3L	14070524	14086940	500	0.0523616	0.00522408	-0.71466534	-0.70528011	0.35069226	-1.95934399	0.16247652	0.02838474
3L	14086974	14117785	500	0.03318256	0.00285394	-1.24293739	-1.24910458	0.39502138	-2.12557585	-0.12440849	-0.03334376
3L	14117792	14144567	500	0.04803986	0.00352356	-1.3605999	-1.42346707	0.56261446	-2.59289675	-0.11186946	0.04960509
3L	14144574	14170179	500	0.06379736	0.00336442	-0.23599396	-0.26442014	0.34416176	-0.9022603	0.98807242	-0.08009833
3L	14170185	14192052	500	0.05416522	0.00373665	0.43741079	0.44485959	0.42622932	-0.69187023	1.3735651	0.032362
3L	14192153	14211167	500	0.05388654	0.00434022	0.0928693	0.10487897	0.60461781	-1.19366776	1.41670358	0.0241706
3L	14211170	14236620	500	0.04476941	0.00306223	-0.03752586	-0.11065758	0.54728539	-1.04562379	1.89522921	-0.05897773
3L	14236750	14263484	500	0.04941785	0.00281908	0.13999102	0.17352845	0.44167955	-1.08058574	1.47060524	0.0006811
3L	14263500	14297893	500	0.06075564	0.00271588	0.51284463	0.49439166	0.53653679	-0.62450697	2.12443655	0.04597693
3L	14297898	14333993	500	0.04850497	0.00243434	0.64138553	0.55389412	0.5419384	-0.74481306	1.86033302	-0.01355723
3L	14334014	14368376	500	0.04485375	0.00235449	-0.06512674	-0.12385533	0.49329735	-1.19359981	1.24063814	-0.01041532
3L	14368403	14395832	500	0.0456011	0.00423754	-0.12903802	-0.05504969	0.34863095	-1.43811811	0.85939218	0.0330602
3L	14395859	14430393	500	0.03545815	0.00309793	-0.00932141	-0.18419749	0.54151103	-1.44978102	1.24997957	0.08955219
3L	14430396	14479101	500	0.04082801	0.00197532	-0.11976756	-0.17805106	0.42784285	-1.3494378	0.7574652	0.10519939
3L	14479105	14507835	500	0.02981007	0.00302748	-0.6077838	-0.56230922	0.57244838	-2.35188434	0.68071745	-0.01936726
3L	14507836	14547130	500	0.04184812	0.00247689	-2.1458316	-2.32830835	0.74218838	-3.43809258	-0.35712582	-0.09216725
3L	14547197	14589121	500	0.05742247	0.00264606	-0.74135071	-0.67066351	0.22043667	-1.61199718	-0.08711777	0.05883132
3L	14589125	14644887	500	0.04601188	0.00140407	-1.28642481	-1.33048078	0.5902211	-2.71506112	0.23327038	-0.03286998
3L	14645182	14680298	500	0.07945836	0.00273555	0.22542675	0.48782106	1.09194674	-2.85085501	1.83592395	0.21333336
3L	14680299	14705146	500	0.07627534	0.00366866	0.52853942	0.49662933	0.22974444	0.0602727	1.05223878	-0.02719709
3L	14705150	14732168	500	0.08401901	0.00327996	-0.11347102	-0.17559204	0.4807288	-1.47394732	0.72777496	-0.00863241
3L	14732171	14754303	500	0.05190602	0.00360308	-0.9264823	-1.00948333	0.37310932	-1.64538024	0.39960029	-0.08088381
3L	14754386	14782093	500	0.04363376	0.00311866	-0.40642837	-0.45208535	0.24417668	-1.05679952	0.53545366	0.01414642
3L	14782101	14825107	500	0.0562991	0.00186987	0.64534314	0.38199963	1.12128147	-1.23932125	2.93220003	-0.00506659
3L	14825111	14855204	500	0.07029522	0.00268876	1.47667751	1.44389935	0.790385	-0.1340747	3.38034092	0.14509662
3L	14855207	14879175	500	0.05650794	0.00409511	1.45066929	1.33893643	0.53882351	0.21669162	3.23581316	0.04885701
3L	14879332	14901595	500	0.04078787	0.00382885	1.05874734	1.1960194	0.74122303	-0.97640796	2.49658009	-0.05455163
3L	14901599	14931932	500	0.02569158	0.00293194	0.14667597	0.15003849	0.36085105	-0.57007021	1.24400951	0.02459451
3L	14931935	14959187	500	0.04083002	0.00301726	-0.34936398	-0.52609794	0.6145079	-1.48032607	1.44246719	-0.04060007
3L	14959223	14987561	500	0.03107047	0.0028586	-0.07829785	-0.03283614	0.38016038	-1.11366603	0.779271	0.01106685
3L	14987562	15015812	500	0.01854106	0.00290397	-0.09559404	-0.05881048	0.32877911	-0.96825162	0.69343614	-0.00643806
3L	15015814	15042010	500	0.02872102	0.00298414	0.60240824	0.64170271	0.65511118	-0.66630559	1.91309786	-0.04884134
3L	15042029	15063045	500	0.03228353	0.00419458	1.56977495	1.50608459	0.72087138	0.10843348	3.2355305	-0.04642257
3L	15063047	15103386	500	0.02774493	0.00211902	0.7547861	0.5804041	0.72963401	-0.56682739	2.65284558	0.00593008
3L	15103387	15123364	500	0.02929018	0.0042753	0.5831484	0.59413116	0.54194653	-0.66387326	1.74200259	-0.0180706
3L	15123395	15142478	500	0.02200212	0.00416989	0.12991584	0.17559066	0.40763063	-1.01349508	1.26719239	-0.11760173
3L	15142499	15179855	500	0.0354515	0.00213666	0.83547358	0.9329364	0.68590728	-1.22191557	2.27826862	0.03292305
3L	15179860	15195017	500	0.03838909	0.00523098	0.78833986	0.73838617	0.46418205	-0.38492506	2.27931972	-0.06724394
3L	15195022	15215909	500	0.0561263	0.00404398	1.24601018	1.27725761	0.42756843	-0.00497458	2.408497	0.01154063
3L	15215914	15237309	500	0.04540574	0.00391504	1.01035633	0.92386862	0.76963009	-0.82781234	2.79109037	0.03450648
3L	15237353	15250248	500	0.04368845	0.00583834	0.77589342	0.7541494	0.36204655	-0.20842453	1.78828225	0.01792419
3L	15250252	15295604	500	0.03236401	0.00177836	0.7434227	1.16482637	1.38879201	-3.20550255	3.13247949	-0.00103947
3L	15295662	15316730	500	0.05001032	0.0041303	-0.64656203	-0.59340998	0.3588125	-1.80996581	0.15563551	-0.11692847
3L	15316733	15336947	500	0.04233526	0.00433827	-0.37982721	-0.48857018	0.52132906	-1.66546849	1.11630912	-0.12526948
3L	15336949	15371871	500	0.04339088	0.00237549	-0.32921371	-0.37706607	0.48697702	-1.63313198	0.87077928	0.04869493
3L	15371875	15390699	500	0.02260293	0.00442636	-0.75213728	-0.55419364	0.53158524	-2.11639111	0.16824045	-0.07450025
3L	15390722	15412342	500	0.04101273	0.00389523	-0.25210032	-0.26301983	0.35718627	-0.99880506	0.6985041	-0.01891842
3L	15412348	15430574	500	0.04452302	0.00458509	-0.6523308	-0.5150635	0.50400052	-2.3552005	0.25279861	-0.06326669
3L	15430601	15458788	500	0.04808916	0.00337551	-2.02471631	-1.9427994	0.52377947	-3.94401974	-1.09015332	0.00435913
3L	15458800	15519878	500	0.04124611	0.00147323	-1.71405439	-1.83586861	0.6784398	-3.29088526	-0.39542325	-0.08164435
3L	15519879	15545793	500	0.05028609	0.00342714	0.40619469	0.67611107	0.83458784	-1.75395344	1.79234316	0.00571813
3L	15545829	15663603	500	0.05453023	0.00064873	1.40094511	1.37285585	0.79277772	-0.42659321	3.14162332	0.08664717
3L	15663606	15684470	500	0.08735667	0.0040937	0.83003871	0.93057319	0.82307339	-0.30994237	2.54587221	0.04480495
3L	15684495	15704286	500	0.09922978	0.00453583	-0.27299561	-0.00562179	0.96606133	-2.2999389	2.11590435	0.10713191
3L	15704349	15746463	500	0.05320726	0.00205947	0.53223374	0.49872628	0.50639368	-0.97860881	1.39714454	0.01973203
3L	15746496	15768864	500	0.04686104	0.00367171	0.08476211	0.03062505	0.387438	-0.70318256	1.2569671	-0.01447985
3L	15768890	15801795	500	0.03812814	0.00261865	-0.52176566	-0.58635272	0.30723511	-1.20633309	0.52388209	0.01425863
3L	15801807	15823657	500	0.04603541	0.00366276	-0.36067836	-0.39657474	0.35335065	-1.08480442	0.8137174	0.03045441
3L	15823688	15854056	500	0.05782213	0.00301249	0.08267022	0.09738527	0.48607132	-0.88251632	1.38365592	0.09822984
3L	15855485	15896639	500	0.04536027	0.00197306	-1.26718207	-1.34794506	0.49785745	-3.21478579	0.07130177	0.04233631
3L	15896752	15974234	500	0.03801002	0.0010982	-1.4133352	-0.67789617	1.60427194	-4.17118116	2.11281803	-0.03237126
3L	15974255	16034962	500	0.03481302	0.00133289	-0.27325724	-0.43637077	0.86310726	-2.22395511	2.61244412	-0.03703425
3L	16034965	16097261	500	0.051858	0.00147463	0.41954822	-0.13477238	1.21349387	-0.92580017	3.40555101	0.06960357
3L	16097272	16247148	500	0.02671319	0.00066082	-0.26664905	-0.27690602	0.67410664	-2.41171497	1.51665922	-0.06153365
3L	16247248	16287404	500	0.05595068	0.0024979	-1.04743657	-1.09119937	0.73940431	-2.85457001	0.69982259	0.02139026
3L	16287536	16312827	500	0.03801786	0.00368674	-0.7045847	-0.90364226	0.60073025	-1.56347488	0.65803541	-0.00795914
3L	16312871	16345981	500	0.05714714	0.00270352	-0.11957288	-0.05386701	0.39170373	-1.17037407	0.91772301	0.09002597
3L	16346007	16383216	500	0.04169853	0.00240923	-0.40099043	-0.40503535	0.32338807	-1.24483528	0.54162021	0.06946643
3L	16383275	16404418	500	0.04451395	0.00391961	0.1926892	0.22378529	0.29584048	-0.62502315	0.9643411	0.0194328
3L	16404455	16423086	500	0.05738649	0.00429872	0.97563461	0.86074909	0.56723379	-0.99378802	2.8300337	0.097781
3L	16423091	16448725	500	0.03080076	0.00305032	-0.24202962	-0.25322362	0.30792223	-1.12903068	0.64704598	0.00167853
3L	16448870	16490369	500	0.04395618	0.00243976	-0.96411229	-0.83730481	0.78598997	-2.77298403	0.57324792	-0.06583507
3L	16490447	16531553	500	0.03445464	0.00231413	0.21630727	0.0374888	0.68257387	-0.99725517	2.38801138	0.04646318
3L	16531630	16570014	500	0.07469938	0.00234545	1.38693557	1.20325533	0.753693	-0.49330353	2.98576832	0.17312443
3L	16570031	16597159	500	0.06155696	0.00309756	1.28447348	1.38908513	0.52154997	-0.41680188	2.28752777	-0.04925278
3L	16597187	16616134	500	0.04893796	0.00424204	0.93007374	1.03746241	0.49486538	-0.25506153	1.85708797	0.10930132
3L	16616164	16645456	500	0.06124443	0.00318623	1.15816275	1.18060227	0.32687199	0.1160873	2.17680798	0.14055831
3L	16645458	16675090	500	0.03526152	0.00296964	0.23054393	0.16028329	0.75673865	-1.24744687	2.13386539	0.02101622
3L	16675094	16696259	500	0.03126018	0.00355653	-0.28743638	-0.30043714	0.35205776	-1.12789915	0.63775068	-0.06770525
3L	16696321	16714990	500	0.04762686	0.00417009	-1.08639833	-1.11005568	0.60518462	-2.33609031	0.29564221	-0.12895998
3L	16714999	16748035	500	0.04271449	0.00278761	-0.39834972	-0.46470542	0.50003102	-1.28792337	0.86379109	-0.1108192
3L	16748041	16779749	500	0.0644925	0.00258091	-0.49579096	-0.39326627	0.45067097	-1.92751886	0.33737566	0.11199439
3L	16779778	16804527	500	0.06465882	0.00284407	0.14456153	0.13282371	0.39973471	-1.02176284	1.10456059	-0.04759455
3L	16804555	16822965	500	0.05593539	0.00436499	0.35162047	0.36236526	0.52846578	-0.79865392	1.32378554	0.03862088
3L	16822969	16840301	500	0.07315327	0.0047062	0.62730198	0.64893351	0.45040036	-0.41835554	2.06756999	-0.01844464
3L	16840321	16866233	500	0.04026127	0.00320594	0.35771121	0.3235978	0.40017753	-0.68066057	1.41773528	-0.05791796
3L	16866239	16888849	500	0.05574679	0.00391825	0.38487546	0.45115607	0.6585482	-1.41628738	1.76846246	-0.06827878
3L	16888876	16901802	500	0.03981907	0.00668238	0.14457809	0.20744097	0.39172839	-0.71014462	1.0618437	-0.02969067
3L	16901825	16918271	500	0.0576678	0.00474365	-0.05133839	-0.04712896	0.41581666	-1.07510117	0.99002005	-0.09790247
3L	16918310	16938767	500	0.04870661	0.00403161	0.32524709	0.32866726	0.59232957	-1.26441383	1.88129038	-0.06482517
3L	16938772	16961469	500	0.05076771	0.00369006	-0.43741354	-0.44147578	0.38344977	-1.46194507	0.53449946	0.02055491
3L	16961490	16975231	500	0.03460613	0.00561982	-0.64279536	-0.5540123	0.56309073	-1.82428959	0.55982261	-0.08338985
3L	16975242	16985466	500	0.04936412	0.00731009	-0.57539529	-0.53618465	0.65885687	-1.89387576	0.85493625	-0.01310838
3L	16985494	17001578	500	0.03951078	0.00502584	0.03688631	-0.04644091	0.40620845	-0.97814521	1.32173984	0.05186177
3L	17001591	17026460	500	0.05053514	0.00357843	0.72906111	0.83426253	0.57033213	-1.11175754	2.3554646	0.04814634
3L	17026463	17045991	500	0.04659672	0.00405736	0.1783784	0.17179974	0.55691932	-1.08909498	1.5548872	-0.03055095
3L	17046013	17071241	500	0.04430376	0.00292511	-0.50424952	-0.5330762	0.3824441	-1.5819475	0.63399738	-0.13774984
3L	17071243	17089197	500	0.04542032	0.0047784	0.28489615	0.22600153	0.64281221	-0.8032539	1.91109256	0.07501464
3L	17089208	17107255	500	0.03748791	0.00397125	0.80277781	0.74207272	0.59863987	-0.40164299	2.58927769	-0.01863165
3L	17107258	17123306	500	0.0320319	0.00496585	0.01908257	-0.02348202	0.36166964	-0.7456091	1.1636517	-0.05086114
3L	17123313	17142627	500	0.04690144	0.00322767	-0.24598863	-0.26504593	0.30668291	-1.03388571	0.6117021	0.029644
3L	17142701	17163503	500	0.04944328	0.00360882	0.02612461	-0.09691198	0.50941754	-1.02463825	1.87621897	0.0501412
3L	17163519	17196189	500	0.03296654	0.00222778	-0.18593957	-0.24110983	0.39713506	-1.18891895	0.89547226	-0.00389461
3L	17196224	17222901	500	0.03556968	0.00284071	-0.62669272	-0.61313521	0.35003323	-1.37524286	0.65202858	-0.08665644
3L	17222917	17246632	500	0.0260733	0.00362311	-0.16661294	-0.21853056	0.34983606	-0.85815094	1.09749272	-0.01510324
3L	17246637	17257222	500	0.04777332	0.00711559	0.25409627	0.25805505	0.35923221	-0.65544757	0.95558578	-0.05645922
3L	17257300	17271169	500	0.03100783	0.00594232	-0.71939385	-0.81637875	0.60184251	-2.03661982	0.73812344	-0.07112145
3L	17271184	17285938	500	0.04212571	0.00507785	-0.19110758	-0.25483512	0.44712107	-1.12007346	1.02489982	-0.02156161
3L	17285956	17297402	500	0.03060208	0.00607676	-0.33035866	-0.34820415	0.28045361	-1.08317999	0.57495055	-0.04768183
3L	17297452	17312114	500	0.04831555	0.00520306	-0.21104117	-0.23383765	0.2927951	-0.86382196	0.73074819	-0.0402011
3L	17312164	17345271	500	0.04160697	0.00253387	-0.15406183	-0.17388505	0.42556613	-1.03736342	1.22813309	-0.04174712
3L	17345285	17365957	500	0.04414264	0.00367644	0.0919013	0.07915712	0.3297221	-0.73445171	1.12729177	-0.01030311
3L	17365995	17389426	500	0.04524515	0.00325498	-0.29373481	-0.33799451	0.38758797	-1.25769179	0.69857824	-0.09471069
3L	17389458	17415186	500	0.03925309	0.00318646	-0.14811443	-0.18227289	0.34082036	-1.1058542	1.2071112	0.01929565
3L	17415216	17446279	500	0.05210477	0.00325035	0.21820079	0.15771913	0.46661895	-1.09181778	1.48502509	0.03714967
3L	17446475	17489011	500	0.04021712	0.00204044	-0.37556146	-0.37143661	0.31505725	-1.25528427	0.68032457	0.01380978
3L	17489394	17527308	500	0.0367555	0.00216127	-0.43413972	-0.45622245	0.38404062	-1.48393674	0.87054299	0.01356043
3L	17527329	17560510	500	0.06167376	0.00258629	0.09629211	0.09935172	0.45792425	-1.10100528	1.22815762	0.20751086
3L	17560521	17591030	500	0.02829614	0.00242664	-0.27846229	-0.29330679	0.4092128	-1.2247812	0.82561906	-0.08605798
3L	17591031	17624761	500	0.0501664	0.00242972	-0.33732472	-0.40596787	0.36757877	-1.01123207	0.80500531	0.01747534
3L	17624837	17663452	500	0.05476401	0.00194524	-0.52750318	-0.46894803	0.4226326	-1.87317513	0.73160305	0.04711151
3L	17663483	17711775	500	0.04720885	0.00174169	-0.89372545	-0.90212377	0.46640884	-2.03756811	0.98486248	0.00073097
3L	17711835	17747117	500	0.03114407	0.00225356	-0.34523511	-0.35106556	0.38795021	-1.46004927	0.9326359	0.02602831
3L	17747128	17768445	500	0.03517139	0.00365926	-0.43154823	-0.43635393	0.30355242	-1.4154896	0.44599147	-0.06830371
3L	17768458	17802384	500	0.0243881	0.00245667	-0.48143158	-0.5006194	0.35963098	-1.35694964	0.82689742	-0.04867926
3L	17802420	17828495	500	0.03092042	0.00328254	-0.68157299	-0.5627918	0.44410223	-1.82161353	0.95781176	-0.0593019
3L	17828525	17881126	500	0.02988787	0.00153749	-0.05410707	-0.18171841	0.43989187	-0.92581046	1.47658577	-0.04168478
3L	17881143	17953274	500	0.04866757	0.00120714	1.58367928	1.66455869	0.91073608	-0.83388397	3.81140781	0.0926941
3L	17953372	18015257	500	0.06255259	0.00139601	1.54128928	1.43318622	0.64660101	0.06031299	3.58213831	0.11589683
3L	18015328	18036666	500	0.04288523	0.00361688	1.33167988	1.41429531	0.61954983	-0.35948221	2.67412575	0.09428999
3L	18036670	18057947	500	0.04939259	0.00379147	1.3795708	1.35128769	0.51180055	0.21756595	2.73337157	0.08537545
3L	18057987	18081547	500	0.03766743	0.00302205	1.02870052	1.09706993	0.52206798	-0.3252756	2.1039581	-0.0075477
3L	18081557	18110117	500	0.05058261	0.00327194	1.41484349	1.4910427	0.8895367	-0.32147975	3.58071064	0.08948985
3L	18110135	18138329	500	0.06128577	0.00304178	2.49780018	2.47949729	0.71683323	0.66207418	4.46175237	0.13302771
3L	18138830	18196943	500	0.0446308	0.00139838	1.5450774	1.38300138	0.79835129	0.0481279	4.70047874	0.0225373
3L	18196961	18216469	500	0.03878044	0.00442568	2.20941633	2.24852852	0.58036325	0.63710838	3.75262758	0.02463191
3L	18216471	18240051	500	0.03804067	0.00431751	2.04330525	2.09133268	0.62676242	0.41478254	3.45304406	0.13992245
3L	18240055	18266936	500	0.02620598	0.00365633	1.98815347	2.04502107	0.7380028	0.25850123	3.66201678	0.03832165
3L	18266948	18287333	500	0.0280992	0.00467671	1.9614955	1.97600494	0.58134616	0.67092898	3.30005057	0.00948343
3L	18287337	18309909	500	0.03485886	0.00368258	1.22794024	1.25697607	0.63707795	-0.61886283	2.8036257	0.00979513
3L	18309943	18338254	500	0.0367916	0.0029178	0.72966145	0.75672645	0.56157215	-0.60318616	2.0332153	-0.05323004
3L	18338892	18366441	500	0.03772037	0.00281994	1.87254074	1.90363276	0.67179934	0.15215081	3.96633033	0.01898396
3L	18366533	18388039	500	0.04842679	0.00349671	1.307899	1.32536062	0.51790646	0.2767181	3.04546908	0.05163735
3L	18388078	18417966	500	0.04986313	0.00248116	0.62569544	0.58407624	0.33043585	-0.04385136	1.7575178	-0.02608745
3L	18417967	18438055	500	0.03507014	0.00413905	1.14129169	1.10125354	0.44481547	0.13478301	2.33073835	0.06767105
3L	18438132	18459049	500	0.04156095	0.00348094	1.11847728	1.0806345	0.43694897	0.17449739	2.41609974	0.01751275
3L	18459062	18484007	500	0.04548822	0.0027901	0.39993243	0.27587278	0.57672083	-0.69048465	2.04857307	-0.02790776
3L	18484114	18513796	500	0.02102839	0.002668	0.60476135	0.67400205	0.47167694	-0.62927027	1.73635996	0.04061574
3L	18513800	18535923	500	0.03690408	0.00364019	0.39467411	0.41046718	0.39818842	-0.63883715	1.4718446	0.00994474
3L	18535925	18557959	500	0.04648592	0.00321508	0.15377889	-0.13616503	0.81631732	-1.11711941	2.51612982	-0.03987693
3L	18557962	18585820	500	0.03668454	0.0029995	1.04873781	1.05959484	0.42357651	0.16506332	2.46270414	0.03918193
3L	18585830	18602696	500	0.05423079	0.00492997	1.4179323	1.41285429	0.53908097	0.08697121	2.83465123	0.1015463
3L	18602795	18626261	500	0.04841712	0.00353291	0.76433659	0.69628569	0.39149738	-0.1923245	2.10639686	0.03549144
3L	18626262	18659868	500	0.05948944	0.00230315	0.2901312	0.16696145	0.54959535	-0.75865535	2.28984547	0.02848449
3L	18660093	18694163	500	0.06336513	0.00246289	-1.35192709	-1.38560691	0.48576367	-2.91145934	-0.24859766	0.11964967
3L	18694200	18721648	500	0.03741503	0.00268956	-1.41780448	-1.33557105	0.45301782	-2.57790366	-0.03542424	-0.08479873
3L	18721649	18748143	500	0.04825694	0.00322471	-1.22046012	-1.32456532	0.46561315	-2.3806035	-0.00031437	0.00913433
3L	18748156	18771655	500	0.05709962	0.00363598	-0.78806221	-0.80894791	0.61594155	-1.94923448	0.84104175	0.12019826
3L	18771668	18805404	500	0.02903064	0.00249279	-0.01277215	-0.15247503	0.61763393	-1.232374	1.85337435	-0.04046292
3L	18805423	18831451	500	0.04250579	0.00283619	-0.24111934	-0.24731156	0.32917549	-0.97398625	0.75985159	-0.0225341
3L	18831455	18856383	500	0.03688151	0.00301659	-0.60386984	-0.5428234	0.47313689	-1.94714555	0.40643639	0.0094959
3L	18856400	18894237	500	0.03468602	0.0020151	-0.62135962	-0.60924227	0.29582445	-1.40271394	0.18548532	-0.11463438
3L	18894239	18916747	500	0.05644794	0.00352473	-0.52648716	-0.59820866	0.44585442	-1.56483427	0.58149951	-0.03167306
3L	18916825	18945535	500	0.03799302	0.00287187	-0.56118354	-0.51778219	0.53006391	-1.94491458	0.61357336	-0.15824704
3L	18945659	18973322	500	0.03778111	0.00318724	-0.77519581	-0.71000185	0.50343491	-2.32990041	0.30163037	-0.03090005
3L	18973461	19010391	500	0.05822905	0.00228962	0.38200496	0.25660775	0.59686944	-0.57342544	1.79871855	0.02535505
3L	19010420	19029511	500	0.03729415	0.00398351	0.04077667	-0.00759353	0.52393264	-0.89067504	1.57904459	-0.06143391
3L	19029517	19055870	500	0.03296362	0.00282068	-0.1620135	-0.21416882	0.37445594	-1.01083035	0.93871537	-0.04456486
3L	19055918	19089406	500	0.03038492	0.00237686	0.14907512	0.11388103	0.38222755	-0.73562858	1.34130261	0.00056889
3L	19089435	19119788	500	0.03958217	0.00242532	0.77124434	0.81744427	0.4184095	-0.65952965	1.92095598	0.05901834
3L	19119913	19157861	500	0.03734462	0.00212339	1.02318341	1.08889912	0.98122302	-1.88143652	3.02777875	0.09687084
3L	19159817	19186737	500	0.05465475	0.00298886	1.76677161	1.76139173	0.54317579	0.48759633	3.03733968	0.12862655
3L	19186826	19217078	500	0.03304971	0.00245523	0.85250384	0.8284559	0.48523619	-0.1283648	2.22849091	0.02410826
3L	19217112	19238059	500	0.05833186	0.00428167	1.19680533	1.25926236	0.69370926	-0.72693899	2.97377464	0.02950685
3L	19238106	19260726	500	0.05656723	0.00345409	1.39874032	1.21959789	0.77026285	-0.18326778	3.15203897	0.02162715
3L	19260766	19293820	500	0.02082299	0.00269127	-0.03427963	-0.16812414	0.50087545	-0.84454117	2.12911157	-0.0586785
3L	19293885	19330521	500	0.04181506	0.00215344	-0.38083884	-0.37475987	0.4012817	-1.77832555	0.98298359	0.06214778
3L	19330541	19350638	500	0.03352028	0.00342211	-0.4760507	-0.49022985	0.28824895	-1.2937685	0.40572568	-0.10308911
3L	19350681	19368940	500	0.03265858	0.00420725	-0.47032347	-0.42807606	0.41459907	-1.64331798	0.39298586	-0.03090005
3L	19368959	19392905	500	0.02921027	0.00337579	-0.45966763	-0.51092387	0.349824	-1.33498808	0.54206255	-0.1268529
3L	19392911	19426832	500	0.0366747	0.0025772	-0.40952696	-0.35756451	0.5256949	-2.1719513	0.89290527	0.06425485
3L	19426834	19442074	500	0.03363107	0.00532429	-0.19619451	-0.08842764	0.42149927	-1.32264034	0.66423143	-0.07883908
3L	19442236	19463298	500	0.04697358	0.00431103	-0.56328059	-0.58795146	0.39692244	-1.51988574	0.51500213	0.02188897
3L	19463300	19497048	500	0.03532491	0.00257095	-0.99082508	-0.95032361	0.41988755	-2.42188942	0.08974182	-0.07977417
3L	19497059	19519604	500	0.06167603	0.00395031	-0.72885946	-0.67804153	0.46846039	-1.7661742	0.30573019	0.02635248
3L	19519609	19550525	500	0.04346891	0.00283402	-0.39099673	-0.44682847	0.44558875	-1.15724106	0.76480819	0.06482837
3L	19550774	19594577	500	0.05611159	0.00221577	-0.55593318	-0.55789789	0.31740211	-1.68518073	0.1711051	0.03211264
3L	19594596	19617026	500	0.0415879	0.00384248	-0.28736336	-0.31186907	0.52076652	-1.31288434	1.4879917	-0.00458035
3L	19617779	19658348	500	0.03164647	0.00192722	-0.02561502	0.05436198	0.42001423	-1.30361095	0.91641462	0.02796084
3L	19658393	19689220	500	0.0348407	0.002478	-0.71672058	-0.67168024	0.36512834	-1.70224179	0.0834769	-0.02021508
3L	19689243	19707870	500	0.04546008	0.00423006	0.04088955	0.04486645	0.36435967	-0.78653141	0.98114038	0.07142389
3L	19707871	19730501	500	0.0304787	0.00345411	-0.12492088	-0.09306104	0.4135696	-1.25133746	0.9337235	-0.06408957
3L	19730519	19749325	500	0.05613106	0.00411356	0.41831527	0.40202641	0.41830511	-0.51152893	1.38295136	0.12582127
3L	19749328	19766691	500	0.04610874	0.00424182	-0.12050784	-0.1363826	0.38431934	-1.22522212	1.05065021	-0.00315901
3L	19766722	19795066	500	0.03779157	0.0027403	-0.67737054	-0.67419951	0.35027534	-1.86361129	0.32641434	-0.05031255
3L	19795140	19818920	500	0.02106754	0.00332684	-0.7060983	-0.63518988	0.47020493	-1.84745939	0.41139235	-0.1172277
3L	19818954	19845711	500	0.04168415	0.00270697	-0.18763878	-0.24853043	0.4895858	-1.50967804	1.30274527	-0.0487416
3L	19845761	19884364	500	0.04613008	0.00219011	0.01356662	-0.06549155	0.62453228	-1.41779188	2.11525125	0.01797406
3L	19884369	19928239	500	0.0435925	0.00207421	0.31949372	0.11894901	0.88919935	-1.07316374	2.81230486	0.04310932
3L	19928256	19959174	500	0.05695117	0.00263333	-0.53273097	-0.7764289	0.86895987	-2.05506801	2.4097694	-0.03411677
3L	19959177	20002829	500	0.04038663	0.00185344	-1.2559955	-1.06974643	0.8852974	-2.93547319	0.43034852	-0.02472845
3L	20002910	20040574	500	0.05293359	0.00209297	-0.63779031	-0.5704444	0.51970509	-2.2378228	0.74221023	0.02959413
3L	20042809	20077695	500	0.03936551	0.00227153	-0.63136579	-0.6102102	0.40314353	-2.04466334	0.39191707	-0.02946625
3L	20077731	20115518	500	0.04432599	0.00244982	-0.32996808	-0.34887618	0.52420935	-2.29062801	0.93634953	-0.02942884
3L	20115540	20139437	500	0.0438156	0.00333582	0.03423999	0.00755868	0.39156641	-1.00062812	1.21947728	0.01975697
3L	20139462	20172260	500	0.03968773	0.00259835	0.31482971	0.35639793	0.53705186	-0.81138526	1.98309326	-0.00844539
3L	20172285	20202035	500	0.02808412	0.00249006	-0.0839781	-0.2023418	0.47260775	-0.97884047	1.42482759	-0.09747857
3L	20202072	20223869	500	0.03269566	0.00354898	-0.30417334	-0.29399329	0.31312951	-1.18927873	0.75210412	-0.08592084
3L	20223873	20256009	500	0.03881733	0.00285638	-0.11265832	-0.10230667	0.4346471	-1.2847	0.98317444	0.00556851
3L	20256027	20418881	500	0.02881178	0.00054004	-0.28319568	-0.27503469	0.51532003	-2.97140016	1.36313493	0.02737484
3L	20418905	20449557	500	0.03624285	0.00256463	-0.35499975	-0.35288153	0.27184373	-0.98852571	0.6447097	0.01968216
3L	20449558	20473309	500	0.03159843	0.00333838	-0.6961322	-0.6299383	0.57211935	-2.31282002	0.85004775	-0.16372044
3L	20473327	20520385	500	0.05251853	0.00202747	0.27983759	0.21294421	0.57879343	-1.88048694	1.65947359	0.10648358
3L	20520389	20559757	500	0.03945704	0.00204598	-0.12742682	-0.10593078	0.45532001	-1.44643125	1.02891523	-0.04079956
3L	20559758	20578187	500	0.04614397	0.00504853	1.25634025	1.22828008	0.63058154	-0.65961698	2.91026095	-0.00261042
3L	20578223	20621135	500	0.02897182	0.00197463	0.22290714	0.08384162	0.70562056	-1.08870722	1.72688886	-0.05042476
3L	20622830	20651437	500	0.02743892	0.00307174	0.18281901	0.09931954	0.47077256	-0.98818512	1.46518853	0.01314899
3L	20651443	20680007	500	0.0422912	0.003004	1.04061993	1.10769319	0.86567078	-1.03272396	2.90674174	0.03277344
3L	20680009	20714638	500	0.04679589	0.00260719	0.67139788	0.51212518	0.87166147	-0.79521839	2.63963633	0.10921405
3L	20714663	20745648	500	0.0396877	0.00255983	0.06108763	0.0156557	0.45159816	-0.96653134	1.55726965	-0.00120155
3L	20745686	20770398	500	0.03623292	0.00369929	1.03163854	1.13419201	0.88587116	-0.85686629	3.10468095	-0.0545641
3L	20770416	20796384	500	0.03910517	0.00308425	0.3648492	0.21405766	0.57339901	-0.74109793	2.68445777	0.0555024
3L	20796391	20837244	500	0.05500417	0.00216425	0.54635358	0.40454343	0.91112911	-0.98556414	3.20417492	0.02923256
3L	20837268	20901842	500	0.02774287	0.00138079	1.03641024	0.93998629	1.03722211	-1.01466886	3.40643618	0.03046688
3L	20901848	20939518	500	0.03356956	0.00211253	0.0113072	0.01151067	0.44098991	-1.03625507	1.21617478	-0.00943035
3L	20939519	20967942	500	0.02922086	0.00289298	-0.203932	-0.2263214	0.58230263	-2.2087077	1.510248	-0.03321908
3L	20967943	21009465	500	0.02949312	0.00194952	-0.48363529	-0.46541633	0.31495843	-1.39129024	0.33342221	-0.09150645
3L	21009487	21041314	500	0.02209815	0.0026321	-0.29968329	-0.27637728	0.33905544	-1.24640965	0.53154533	0.00854834
3L	21041342	21087252	500	0.02304263	0.00192124	-0.07161394	-0.13216838	0.37190356	-1.09918161	0.99992439	-0.00054075
3L	21087270	21132289	500	0.03407914	0.00199109	0.20055546	0.24489792	0.44682886	-1.31495906	1.28496075	-0.03516407
3L	21132411	21158603	500	0.04430742	0.00318274	1.14567503	1.08474052	0.64533586	-0.43057933	2.97636174	0.00624178
3L	21158620	21177721	500	0.03950619	0.00433878	2.13429679	2.155318	0.65885392	0.60740668	3.98641006	-0.03390481
3L	21177773	21194037	500	0.04513928	0.00531867	1.31220541	1.41616914	0.71829652	-0.38393626	3.35822419	0.07410448
3L	21194042	21207500	500	0.05207559	0.00549312	0.05491741	0.09486421	0.60999639	-1.19944542	1.68600838	-0.03880469
3L	21207505	21227314	500	0.03410656	0.00393368	-0.03276209	0.0397856	0.41870791	-1.33001751	0.84341405	0.00958317
3L	21227322	21257662	500	0.03046627	0.00288366	0.19700229	0.10793293	0.55157216	-1.07738896	1.8055391	-0.07620835
3L	21257694	21272626	500	0.03045762	0.00486301	0.3331326	0.3547042	0.33583151	-0.68329995	1.32207307	-0.02636174
3L	21272639	21313427	500	0.03275518	0.00181221	0.09969053	0.02552243	0.51214029	-0.80997409	1.99674584	-0.08018561
3L	21313520	21335721	500	0.03111599	0.0036028	-0.27604687	-0.28192686	0.33492108	-1.20252225	0.90360619	-0.07112145
3L	21335738	21357833	500	0.0301456	0.00355288	-0.67279436	-0.64504716	0.34379789	-1.60113696	0.12529365	-0.09893731
3L	21357968	21390082	500	0.04047865	0.00239534	-0.22370997	-0.21582625	0.50119242	-1.69463043	1.0537803	0.03949363
3L	21390103	21455621	500	0.03598408	0.00136491	0.49191728	0.59212371	0.84786046	-1.20637476	2.53311631	-0.04314352
3L	21455684	21486733	500	0.0347519	0.00267915	0.08436989	-0.09546802	0.60530695	-1.00048849	1.8076761	0.04829596
3L	21486740	21523996	500	0.03025454	0.00210625	0.73920991	0.61357635	0.90811456	-0.83576142	2.87760334	-0.04045046
3L	21524005	21564822	500	0.03795949	0.00201059	0.65976048	0.57918837	0.63775565	-0.72842599	3.06777352	-0.0958328
3L	21564994	21598498	500	0.03200736	0.00216863	0.21305568	0.18017799	0.56042808	-0.86349387	1.6173183	-0.10322626
3L	21598619	21641739	500	0.0468559	0.00202764	0.45590924	0.42994058	0.44560566	-0.82299748	1.62569868	-0.03248348
3L	21641755	21685099	500	0.04178171	0.00198614	0.1354716	0.07132879	0.58128271	-1.15135677	1.56379365	0.08026362
3L	21685135	21713086	500	0.036606	0.00321413	-0.10907082	-0.10148017	0.37140394	-0.95454045	0.77477771	0.04418155
3L	21713117	21738601	500	0.04290543	0.00325258	-0.46718774	-0.39399203	0.36588431	-1.60608064	0.27177569	0.06704766
3L	21738604	21766633	500	0.04403254	0.00311191	-0.41906156	-0.394797	0.53622585	-1.52725498	0.98788992	-0.01884361
3L	21766660	21796674	500	0.05607047	0.00269482	0.79050958	0.8124304	0.66741882	-0.82240079	2.24560928	0.03450648
3L	21797226	21849637	500	0.04386856	0.00155285	0.04227142	-0.07814508	0.55883991	-1.17164305	1.85682139	0.01934553
3L	21849652	21930018	500	0.04752775	0.00104943	0.24250651	0.07754034	0.91334026	-1.31998908	3.23550229	0.02429528
3L	21930019	21962636	500	0.0349809	0.00229683	-0.26999187	-0.24148545	0.39803418	-1.64767925	0.71916625	-0.11176676
3L	21962684	22009753	500	0.04183931	0.00169212	0.16684162	0.15085757	0.53045299	-1.2802793	1.41999746	-0.0238931
3L	22009755	22039226	500	0.04072762	0.00306019	0.90867549	0.85599411	0.66317223	-0.63090799	2.46238488	-0.0272719
3L	22039284	22065301	500	0.07224022	0.00298575	1.2449645	1.24019466	0.48979325	0.19956141	2.60982334	0.04166304
3L	22065451	22089272	500	0.06318817	0.00354935	0.81585641	0.88513979	0.54069752	-0.77008747	2.32874072	-0.01681134
3L	22089273	22142655	500	0.04564259	0.00163074	1.47301092	1.38737193	0.64817024	0.00316254	3.59804452	0.05708582
3L	22142663	22177225	500	0.03983882	0.0024193	0.63298802	0.58148768	0.47891785	-0.28498943	2.11335008	0.03680057
3L	22177267	22201189	500	0.03695549	0.00324708	1.35794494	1.28603002	0.58300708	0.15010852	2.91923465	-0.04823042
3L	22201252	22242384	500	0.0404084	0.00210742	1.25115706	1.13020803	0.76196742	-0.05232968	3.1964097	-0.02244683
3L	22242388	22286398	500	0.08089115	0.00191465	2.2323282	2.30206215	0.49958013	0.7562285	3.5333218	0.25220823
3L	22286427	22318909	500	0.05885673	0.00263661	1.99803975	2.0286836	0.31224644	1.17971218	3.02367771	-0.07582185
3L	22318913	22349980	500	0.07122486	0.00245337	2.02754655	2.10037267	0.45927731	0.57640547	3.2859588	0.02298615
3L	22349994	22400024	500	0.06667842	0.0016142	1.31196663	1.16453606	0.72702676	-0.20612475	3.35498201	0.1404461
3L	22400136	22442270	500	0.05216132	0.00192956	-0.26046039	-0.35293805	0.60411908	-1.52842194	1.20996523	-0.02678565
3L	22442429	22486192	500	0.04706503	0.00185803	0.10487993	0.21535994	0.69465556	-1.69800836	1.48483318	0.05653723
3L	22486211	22512891	500	0.04751652	0.00319745	0.1305694	0.23219495	0.62633227	-1.73840785	1.45972965	-0.12051922
3L	22512894	22529804	500	0.05543636	0.00436432	-1.90095009	-1.97357945	0.40827095	-2.90822848	-0.99745441	-0.06381527
3L	22529885	22542952	500	0.06050935	0.00549773	-1.56595878	-1.61466313	0.50790085	-2.73697199	-0.22665326	-0.09558345
3L	22542954	22569691	500	0.05027733	0.00298134	-2.03878329	-2.13465078	0.58866533	-3.36973624	-0.67735427	-0.1042611
3L	22569696	22595175	500	0.06684443	0.0031134	-1.69825112	-1.69592689	0.58884044	-2.89973646	-0.70721106	0.01351056
3L	22595190	22619101	500	0.07267241	0.00333481	-1.1829156	-1.34200193	0.85670006	-2.69922596	0.71153665	-0.0419466
3L	22619110	22637799	500	0.10678443	0.00443262	0.51117851	0.35311822	0.46601189	-0.65988157	1.66567442	0.10695736
3L	22637805	22669407	500	0.08792693	0.00263223	0.14859773	-0.0323256	0.48284324	-0.46244296	1.71147038	0.08775682
3L	22669446	22687657	500	0.071218	0.0045366	1.60766526	1.60785084	0.41452452	0.34726467	2.61613897	0.0235472
3L	22687663	22731160	500	0.08033988	0.00175953	1.48187744	1.46423256	0.62995399	-0.0908435	3.65339124	0.00544383
3L	22731190	22775140	500	0.05534872	0.00178735	1.10867715	0.93652844	0.83454096	-0.61508864	3.88450898	0.02132792
3L	22775157	22795946	500	0.04462263	0.0034105	0.21831151	0.20976297	0.39450063	-0.8587984	1.29791854	-0.0337926
3L	22795972	22814135	500	0.03699523	0.00426028	0.06935686	3.465e-05	0.50904596	-1.03708707	1.98570825	-0.01313332
3L	22814140	22839327	500	0.03815071	0.00304704	-0.22143971	-0.3168636	0.53663596	-1.1227758	1.11935193	-0.11121818
3L	22839353	22856648	500	0.04048304	0.00385747	-0.00403509	0.02150734	0.51259611	-1.31258943	1.17298796	-0.0958328
3L	22856668	22872830	500	0.0461696	0.00412451	-0.55791873	-0.36588887	0.62674745	-2.58774521	0.8323493	0.04610161
3L	22872853	22888454	500	0.05053745	0.0044558	-0.93935463	-0.69235097	0.58570564	-2.40923077	0.12466713	-0.13207695
3L	22888532	22904500	500	0.02797645	0.00434815	-0.79159639	-0.81185697	0.36042641	-1.85019367	0.08207065	-0.11073193
3L	22904503	22926003	500	0.04817872	0.00335984	-0.01547469	0.01962498	0.36669959	-1.14827452	1.03553932	-0.03745816
3L	22926015	22948775	500	0.03471395	0.00302392	0.07978125	0.01119972	0.52160057	-0.99281379	1.83807289	0.00772546
3L	22948822	22972344	500	0.02889016	0.00306939	-0.27261754	-0.24278884	0.40179147	-1.29451319	0.96487683	-0.04078709
3L	22972347	23007478	500	0.02971074	0.00221652	-0.26320377	-0.33284945	0.44157098	-1.42630101	1.31041727	-0.10285222
3L	23007480	23035320	500	0.04941232	0.00289665	-0.01175914	-0.02265452	0.4730889	-1.17449423	1.23512462	-0.06098506
3L	23035336	23052561	500	0.05202009	0.00458388	0.51522414	0.60530262	0.4250456	-0.40649151	1.71149727	0.06870589
3L	23052713	23100068	500	0.06388519	0.00170559	0.23707719	0.062977	0.73159862	-1.29938228	2.23299176	0.02862163
3L	23100077	23131433	500	0.06465508	0.00271512	-0.58762886	-0.69388177	0.49281666	-1.5674	0.8394396	0.04102718
3L	23131454	23162375	500	0.04503389	0.0026548	-1.45154929	-1.35552575	0.58796894	-3.77954364	-0.00547365	-0.10519619
3L	23162376	23191497	500	0.03279662	0.00281653	-2.45678082	-2.52026575	0.75137302	-4.60665956	-0.46442544	-0.10470994
3L	23191498	23214399	500	0.06974551	0.00404569	-2.27269667	-2.33440209	0.81984163	-4.24602094	-0.46760254	0.05234802
3L	23214413	23242432	500	0.03995133	0.00322781	-0.86756504	-0.95152928	0.49599103	-1.9008626	0.17359802	-0.01487882
3L	23242454	23280026	500	0.05094171	0.0029985	-0.36599965	-0.19187071	0.72769601	-2.42944201	1.29412299	0.10603474
3L	23280051	23467503	500	0.06243082	0.0005931	-1.85425925	-1.71398266	0.82990184	-4.29637864	0.03209471	0.01354796
3L	23467504	23543123	500	0.06193141	0.00138934	-0.46867144	-0.46184633	0.64962676	-1.89735141	0.96614718	-0.01260967
3L	23543126	23579155	500	0.04251454	0.00225708	0.02571273	-0.05612049	0.52274939	-1.64448586	1.81889164	0.08374216
3L	23579166	23606216	500	0.03091809	0.00354217	-0.36184828	-0.24451491	0.60399082	-1.90326394	0.73520651	0.08051297
3L	23606226	23625708	500	0.03518024	0.00438145	-0.01985266	-0.09231135	0.43337845	-1.02577477	1.17477922	-0.0500632
3L	23625730	23639628	500	0.03579276	0.00647389	-0.09737817	-0.17721782	0.44955698	-1.12369039	1.19793886	0.04313425
3L	23639631	23652318	500	0.05364249	0.0060336	-0.30868147	-0.35725038	0.44306867	-1.42458038	0.85354989	-0.03557551
3L	23652324	23668774	500	0.06713409	0.00519368	0.448571	0.4054476	0.40460351	-0.67362556	1.67399881	0.08707108
3L	23668839	23691786	500	0.0506415	0.00349949	0.7574475	0.69425084	0.54572454	-0.54813973	2.23014583	0.00693998
3L	23691801	23704297	500	0.03696929	0.00566001	0.35290061	0.34261036	0.44737513	-0.69531993	1.58247274	-0.08489847
3L	23704309	23723049	500	0.03796713	0.00429116	-0.09909229	-0.14162573	0.39482353	-1.05207167	0.94732632	-0.03177281
3L	23723054	23741229	500	0.05095033	0.00391378	-0.51817924	-0.69337713	0.72516432	-1.94960287	1.66832983	-0.01148756
3L	23741243	23769475	500	0.05377504	0.00254489	-0.44478146	-0.4262347	0.41836417	-1.43020954	0.74292988	-0.04607347
3L	23769502	23800569	500	0.04642795	0.00266808	-0.798804	-0.73798468	0.37435987	-1.98089795	0.09366542	-0.11672898
3L	23800592	23865744	500	0.0355236	0.00130207	-0.68770288	-0.61327964	0.46925743	-2.11664889	0.63562657	-0.00381981
3L	23865762	23916474	500	0.03934595	0.00165979	-0.22436824	-0.32908414	0.6943426	-1.45290509	1.41355286	-0.04266974
3L	23916478	23967181	500	0.02831221	0.00161153	-0.315504	-0.3586406	0.53280316	-1.60679181	1.36362218	-0.07477454
3L	23967196	23994749	500	0.02314079	0.00287388	-0.22930094	-0.23394873	0.40081165	-1.26657916	1.17335957	-0.0163251
3L	23999374	24024416	500	0.03058253	0.00292766	-0.01366636	-0.06466002	0.42439553	-1.14001213	1.2073542	-0.04995098
3L	24024417	24050525	500	0.03303145	0.00297436	-0.1894979	-0.28722647	0.47064598	-1.152149	1.03992261	-0.03176034
3L	24050527	24075829	500	0.03212282	0.00297981	-0.45848601	-0.44325303	0.36279597	-1.4325725	1.00833011	-0.08189371
3L	24075831	24118892	500	0.03017769	0.00165252	-0.32179516	-0.35572392	0.5104838	-1.7854441	1.11207425	-0.05734444
3L	24118896	24139116	500	0.03629479	0.00346292	-0.18555524	-0.17334361	0.28765664	-1.1201335	0.6104439	-0.00734822
3L	24139118	24163372	500	0.03422991	0.00336639	0.09949221	0.09127399	0.33365247	-0.82539893	1.06863795	0.06001577
3L	24163389	24207294	500	0.04217877	0.00184044	0.4556731	0.49480168	0.47206324	-0.7417728	1.83625351	0.05140046
3L	24207305	24237163	500	0.03975537	0.00268079	1.54752994	1.4276871	0.69164761	0.1720882	3.42469333	0.02413319
3L	24237194	24251294	500	0.06062232	0.00539957	2.14492789	2.28022353	0.57146441	0.68907056	3.4183263	0.06216025
3L	24251348	24267917	500	0.03067761	0.0038317	1.37407219	1.44813658	0.7268913	0.07025181	2.75169892	-0.06715667
3L	24267934	24283913	500	0.0455089	0.00463181	0.78110945	0.81241404	0.47801424	-0.31692815	1.86601383	0.07383019
3L	24283921	24301193	500	0.03870173	0.00375315	0.05218451	-0.02063011	0.37236008	-0.70491393	1.4546868	-0.06137157
3L	24301235	24321192	500	0.04238643	0.00326	-0.05289009	-0.06159715	0.43079077	-1.44001929	1.21299912	-0.09204257
3L	24321249	24342085	500	0.03324633	0.00321366	0.0283396	-0.05563885	0.58324073	-1.11375133	1.61660677	-0.01447985
3L	24342089	24366227	500	0.0453229	0.00304401	-0.34828522	-0.40283557	0.36239874	-1.08979407	0.99338196	-0.01648718
3L	24366232	24384728	500	0.03543942	0.00360711	-0.13073193	-0.12985948	0.40123955	-1.12536169	1.07834096	-0.10185479
3L	24384733	24426146	500	0.05328616	0.00190441	-0.02173092	-0.07827128	0.57604746	-1.32440837	2.16463377	0.08057531
3L	24426162	24452698	500	0.0375349	0.00267845	-0.73629769	-0.71051053	0.55079121	-2.74563392	0.69715895	-0.04583658
3L	24453358	24491042	500	0.05293497	0.00191266	-0.57025063	-0.4946739	0.5742202	-2.19740531	0.46781961	-0.00197456
3L	24491044	24583811	500	0.04295275	0.00096235	-1.38653836	-1.38204833	0.61784084	-3.2733979	0.19625326	0.05118851
3L	24583840	24599370	500	0.04343643	0.00480177	-1.08360765	-1.09106261	0.44431508	-2.05131008	0.07393191	-0.06907672
3L	24599403	24697605	500	0.03906405	0.00076691	-0.62905367	-0.62777236	0.40506594	-1.97741531	0.84853806	-0.09606969
3L	24697611	24736269	500	0.03844385	0.00190615	-0.37847288	-0.42794048	0.53748503	-1.73568573	1.1249745	-0.03591214
3L	24736276	24775528	500	0.04815571	0.00227841	-0.17225974	-0.15575024	0.49966744	-1.26408377	1.54345221	-0.0102283
3L	24775540	24800734	500	0.05163442	0.00282231	0.65504554	0.5625936	0.50254239	-0.33736845	2.03370622	0.00095539
3L	24800736	24822781	500	0.05070502	0.00382805	0.68964903	0.6499951	0.41373368	-0.32473037	2.12784513	0.08269485
3L	24822803	24842767	500	0.05797347	0.00426014	0.45896122	0.6321246	0.77073735	-1.35844534	2.30518126	0.03582807
3L	24842779	24860013	500	0.04387339	0.00407383	-0.12807786	-0.09687079	0.46249111	-1.2278205	1.11040444	-0.07201914
3L	24860055	24879221	500	0.07635173	0.00475599	0.28622789	0.23320526	0.43453654	-0.45377885	1.51450892	0.1393988
3L	24879233	24909748	500	0.07044084	0.00282102	-0.04124903	-0.08014199	0.34762132	-0.95829174	1.12827006	0.07278289
3L	24909754	24937211	500	0.06301951	0.00312193	0.10953806	0.08823882	0.3436135	-0.66028518	1.08984259	0.16214022
3L	24937223	24967642	500	0.05736036	0.00303259	-0.22477711	-0.21693568	0.40877327	-1.57106444	0.73933302	0.10205748
3L	24967670	24993636	500	0.05598407	0.00330884	0.32696519	0.27296498	0.53555388	-0.88493138	1.49023178	0.03383321
3L	24993651	25027858	500	0.053243	0.00245469	1.08567277	1.07258434	0.55495189	-0.34424416	2.72774054	0.00610463
3L	25027867	25053834	500	0.05994357	0.00334294	1.68434085	1.81738549	0.61329791	0.29080829	2.73066172	0.00382301
3L	25053845	25085956	500	0.0476866	0.00287307	0.26694016	0.2087035	0.64728882	-0.75483252	1.93927995	-0.02740905
3L	25085965	25114974	500	0.04035866	0.00263709	0.17633428	0.14879601	0.48066273	-0.83961935	1.62373472	-0.00691184
3L	25115006	25158449	500	0.02833733	0.0016562	-0.31828272	-0.35073692	0.37691575	-1.29247716	0.65261788	-0.02194811
3L	25158509	25183981	500	0.02639434	0.00281754	-0.16365501	-0.17255802	0.32772698	-1.08524434	1.04681667	0.02368435
3L	25183992	25216279	500	0.04683808	0.00239059	-0.13394965	-0.15758914	0.36751284	-1.02446743	0.80068532	-0.03966498
3L	25216283	25250622	500	0.03353467	0.00219407	-0.31574491	-0.28946892	0.37163324	-1.26961828	0.90608226	-0.02942884
3L	25250631	25284300	500	0.03501743	0.00253692	-0.44370824	-0.42985437	0.48113454	-1.699782	0.72917645	-0.02204786
3L	25284315	25342973	500	0.04206631	0.00147809	-0.22975993	-0.21534158	0.54063139	-1.79021202	1.19410821	0.01705143
3L	25342977	25372341	500	0.04075487	0.00272359	0.10502939	0.04513171	0.6955706	-1.23551219	1.84773234	-0.0883396
3L	25372344	25407291	500	0.04527634	0.00233586	-0.01022801	-0.06650092	0.42533534	-0.9105503	1.3500217	0.02036789
3L	25407294	25453570	500	0.02871859	0.0018787	-0.26407667	-0.27628342	0.33055352	-1.1397808	0.73852715	0.01352302
3L	25453582	25545757	500	0.04032322	0.00082107	0.55979406	0.54375508	0.89690196	-1.27933439	2.80366769	-0.02614979
3L	25545773	25564980	500	0.06387721	0.00388289	1.82138952	1.83720712	0.55936244	0.30400402	3.09974802	0.09324269
3L	25565437	25591628	500	0.04533236	0.0031943	-0.59579512	-0.67334392	0.42414551	-1.37443142	1.05578509	-0.06905179
3L	25591637	25614448	500	0.04924095	0.00372647	-0.19053065	-0.22044041	0.50331324	-1.1548569	1.09350568	-0.02848128
3L	25614484	25657556	500	0.053462	0.0021464	-1.18858438	-1.10716007	0.83900409	-3.20805007	0.28004182	0.09857894
3L	25657640	25708402	500	0.04495006	0.00176548	-0.01266535	-0.09176188	0.39607555	-0.93506055	1.42379688	0.07209715
3L	25708479	25756843	500	0.03913762	0.00177077	0.06908886	0.08093943	0.36582508	-0.95801825	0.98905376	-0.01288396
3L	25756857	25804106	500	0.03931965	0.00181124	0.02756663	-0.02400222	0.49094488	-0.98241899	1.58163857	0.04726112
3L	25804118	25835650	500	0.04396754	0.00276306	-0.13443364	-0.09528162	0.49610848	-1.34465429	1.07116821	0.04420649
3L	25835690	25862349	500	0.04440044	0.00271146	0.03946678	-0.02306077	0.60476039	-1.35091595	2.03381645	-0.04715818
3L	25862352	25885339	500	0.0449089	0.00328288	0.52862167	0.57022958	0.71320731	-0.97142042	2.0808188	-0.06059856
3L	25885347	25909531	500	0.04695993	0.00308166	0.46567281	0.49150525	0.35307548	-0.37659681	1.51129659	-0.02487807
3L	25909555	25932808	500	0.0365997	0.00338348	-0.11086124	-0.13114437	0.32802499	-0.86565879	0.75188686	-0.10653025
3L	25932812	25964464	500	0.04303596	0.0024087	0.20737458	0.19183791	0.44269631	-0.93359102	1.76243354	-0.04998839
3L	25964466	25984943	500	0.0327628	0.00377893	-0.3409497	-0.35684183	0.28081851	-1.05407129	0.49212087	-0.0217985
3L	25984948	26024947	500	0.0389827	0.00207863	-0.02071753	-0.00340791	0.46056177	-1.04990294	1.35761354	0.00257622
3L	26024949	26050840	500	0.04465984	0.00293334	0.38028256	0.38268671	0.53973792	-0.89072989	1.70037379	0.01086736
3L	26050875	26079169	500	0.04159272	0.00264086	0.4122732	0.33356427	0.41586088	-0.53130467	1.77930549	-0.07037338
3L	26079239	26101727	500	0.05470504	0.00412438	0.89727313	0.91571538	0.6749097	-0.71038498	2.38900694	-0.01996572
3L	26101733	26127325	500	0.04550545	0.00304385	0.1201963	0.11502082	0.46017939	-1.13460965	1.35081412	-0.10566997
3L	26127334	26151639	500	0.04953752	0.00323418	-0.01280716	-0.02451031	0.47294485	-1.33771029	1.54711006	0.00170347
3L	26151642	26180383	500	0.0359713	0.00253747	0.52513748	0.52867654	0.67114786	-0.99774046	2.26086592	-0.02679812
3L	26180395	26205229	500	0.03642518	0.00295314	-0.0126897	-0.08599748	0.48821443	-1.00605957	1.42922201	-0.03203463
3L	26205231	26247953	500	0.02851145	0.00165112	-0.371003	-0.41397017	0.36510594	-1.27392693	1.01373745	-0.04132321
3L	26247971	26276536	500	0.03629019	0.00244115	-0.1602495	-0.15547016	0.34980802	-1.10376957	0.86996787	-0.05112297
3L	26276541	26312094	500	0.03929111	0.0022242	0.37223177	0.30884843	0.5923325	-1.1145704	2.54120909	-0.00039114
3L	26312107	26352246	500	0.01667106	0.0018729	-0.12102967	-0.18329035	0.42321796	-1.02772079	1.28496374	-0.06721901
3L	26352266	26372024	500	0.02559411	0.00368165	-0.49639713	-0.53247229	0.3623338	-1.39299245	0.63832854	-0.14267465
3L	26372030	26397022	500	0.00654441	0.00304695	-0.43126871	-0.42652794	0.26146732	-1.08022691	0.53728561	-0.04924031
3L	26397037	26420081	500	0.02851056	0.00354025	-0.1821096	-0.23792222	0.38768915	-1.04922099	1.38323871	0.00588021
3L	26420082	26451199	500	0.02275819	0.00249574	-0.18758389	-0.29325455	0.4553964	-1.36306751	0.98553774	-0.01921765
3L	26451221	26476597	500	0.04877039	0.00279094	0.25445216	0.21412788	0.6551123	-0.9210295	1.82255882	0.03667589
3L	26476599	26519945	500	0.04390289	0.00178931	0.14112195	0.01663032	0.63356577	-1.0908298	2.30323426	0.04712398
3L	26519958	26542918	500	0.03741316	0.0035695	0.03315074	-0.02647504	0.42166766	-0.9459358	1.73548751	0.02700081
3L	26542919	26572397	500	0.03130003	0.0025223	-0.03539288	-0.19074316	0.62984458	-1.23591515	2.13836875	-0.01932986
3L	26572444	26629283	500	0.02124919	0.00116993	-0.28758924	-0.32101049	0.43469961	-1.07164074	1.59186632	-0.0742883
3L	26629293	26658823	500	0.03725439	0.00235344	0.30780207	0.30054038	0.52760874	-0.68224907	1.53806831	-0.03889197
3L	26658824	26692065	500	0.02471908	0.0024046	1.30032071	1.32905198	0.52006143	-0.03989747	2.91592112	-0.03159826
3L	26692356	26720885	500	0.0339543	0.00298037	0.71254078	0.56251667	0.627598	-0.58044442	2.78845116	-0.06775513
3L	26720909	26748296	500	0.04445323	0.00330752	0.15489919	0.13719436	0.44294276	-0.81439423	1.39057729	-0.00834565
3L	26748302	26786074	500	0.04032792	0.00224469	0.38892634	0.20935203	0.70969537	-0.84940171	2.19930545	0.0228116
3L	26786082	26837624	500	0.03314508	0.00170372	0.55718208	0.59029469	0.65318146	-1.32133058	1.91556441	0.08653496
3L	26837651	26865359	500	0.03109853	0.00349483	0.38155845	0.35001439	0.42898423	-0.69734674	1.65596304	0.0487448
3L	26865379	26947857	500	0.03046441	0.00125843	0.55308794	0.45771805	0.65786404	-0.77487811	2.36666081	0.0466876
3L	26948011	26988105	500	0.05079503	0.00235667	0.76842569	0.60380255	0.6273949	-0.3725249	2.489873	0.05217347
3L	26988116	27052528	500	0.04233162	0.00142433	-0.0386084	-0.04161932	0.42677024	-1.37040208	1.05523555	0.04183759
3L	27052775	27089972	500	0.04572139	0.0021155	0.07527127	0.05814916	0.55638311	-0.99693447	1.7631543	0.08573702
3L	27090239	27118943	500	0.04696592	0.00266987	0.9743915	0.90772052	0.53788078	-0.27766135	2.1354871	0.04352076
3L	27119282	27141122	500	0.04870965	0.00359736	0.79010702	0.74465932	0.45070134	-0.33041682	1.91598328	0.09841686
3L	27141137	27161851	500	0.04294459	0.00385946	0.79655131	0.78896356	0.372228	-0.04083261	1.80054944	0.16359897
3L	27161857	27193893	500	0.05978571	0.00271887	0.47105746	0.32578068	0.69478231	-0.7404919	2.4180383	0.14961
3L	27193894	27236524	500	0.0522874	0.00192958	0.56225406	0.51391013	0.52056038	-0.58063607	2.49755414	-0.01095144
3L	27236535	27279871	500	0.03365696	0.00189822	0.31608412	0.22718015	0.49470541	-0.74024893	1.86753767	-0.04948967
3L	27279884	27326868	500	0.02277617	0.00154677	-0.31846441	-0.33249706	0.45647378	-1.41823777	0.78415976	-0.03758284
3L	27326881	27344227	500	0.03044849	0.00386587	-0.24479082	-0.23113448	0.36768566	-1.24137803	0.83306293	-0.05563634
3L	27344361	27362687	500	0.01763889	0.00379437	-0.44475557	-0.44646011	0.27398561	-1.18493803	0.27578116	-0.03886703
3L	27362715	27378683	500	0.02019842	0.00406788	-0.45963089	-0.47595014	0.26592277	-1.13907564	0.43294864	-0.10811367
3L	27378686	27400040	500	0.03770422	0.00348941	-0.36875424	-0.33731893	0.35102052	-1.4498228	0.55735433	-0.0115873
3L	27400048	27423395	500	0.01918612	0.00296771	-0.37407865	-0.39776368	0.24028213	-1.03080557	0.41176273	-0.07542288
3L	27423415	27443619	500	0.02229148	0.00355537	-0.33871673	-0.34541417	0.25563086	-0.9523124	0.48473893	-0.05231988
3L	27443626	27464225	500	0.02071675	0.0033537	-0.7347554	-0.71375318	0.36681314	-2.16728535	0.28972976	-0.11502088
3L	27464264	27484410	500	0.03106376	0.0034905	-0.66239899	-0.65065577	0.29295159	-1.46142622	0.51270528	-0.12166626
3L	27484544	27513797	500	0.03868608	0.00267647	-0.56733986	-0.52605632	0.41290654	-2.06196192	0.48460143	-0.04542514
3L	27513815	27532768	500	0.02780783	0.00368969	-0.43249772	-0.45714383	0.45466836	-1.55013384	0.77247876	-0.06807929
3L	27532816	27545943	500	0.01915621	0.00569775	-0.46965132	-0.46888175	0.25404609	-1.11884101	0.40541122	-0.06163339
3L	27545958	27563818	500	0.02332841	0.00419283	-0.73657205	-0.78010258	0.32853789	-1.74800805	0.18177338	-0.07233084
3L	27563832	27578389	500	0.0409132	0.00541927	-0.5196455	-0.52482721	0.23948583	-1.23635199	0.3403773	-0.07724319
3L	27578407	27593916	500	0.04190078	0.00465426	-0.28108571	-0.29427938	0.25274259	-0.98589648	0.67553655	-0.09761571
3L	27593929	27623107	500	0.03254945	0.00273836	-0.52617739	-0.53277167	0.36524038	-1.28489284	0.45781707	-0.08186877
3L	27623174	27663330	500	0.03317209	0.00197722	-0.1434332	-0.18066846	0.35545625	-1.56045051	0.97038774	-0.05162168
3L	27663366	27707584	500	0.02590901	0.00177979	-0.34876582	-0.34782347	0.30890067	-1.40708021	0.34580901	-0.08747932
3L	27707604	27739424	500	0.02920554	0.0025011	-0.25632998	-0.25892071	0.46865896	-1.7113685	1.52173984	-0.11376162
3L	27739465	27761271	500	0.02956296	0.00419584	0.50511187	0.46311089	0.4407538	-0.73979105	1.74463375	-0.05559894
3L	27761277	27794623	500	0.04013461	0.00229063	0.45276302	0.46798984	0.4788394	-0.88482624	1.85060726	-0.01823268
3L	27794626	27813983	500	0.03167206	0.00484151	0.11496519	0.06977956	0.39321101	-0.6816082	1.13736811	0.00573059
3L	27814011	27843020	500	0.04615669	0.00281457	0.6389843	0.58649914	0.47302375	-0.64570005	1.80010936	0.042648
3L	27843027	27887194	500	0.04208183	0.00182963	0.2313423	0.25411367	0.55203774	-1.06091317	1.63829769	0.06403043
3L	27887199	27922322	500	0.04320842	0.0022514	0.39186344	0.31707654	0.55165297	-0.72379123	2.10439542	-0.0453628
3L	27922325	27938644	500	0.05726017	0.00488381	0.39616206	0.38353235	0.5295581	-1.00127022	1.93047029	0.04461793
3L	27938655	27961181	500	0.04960475	0.00364815	-0.04756291	-0.08871599	0.34008898	-0.8817612	0.90457891	0.06723468
3L	27961203	27993478	500	0.04649233	0.00263301	-0.3004424	-0.28135214	0.38563496	-1.4454374	0.81850381	0.0694789
3L	27993483	28035436	500	0.05812089	0.00212095	-0.72909845	-0.77402763	0.26939964	-1.50506614	0.16107162	0.08704615
3L	28035441	28063994	500	0.03697507	0.00269146	-1.04140727	-1.0310351	0.50904892	-2.4125642	0.04236067	-0.04028837
3L	28064096	28093048	500	0.0492988	0.00237804	-0.09371511	-0.14365426	0.4793751	-1.03951284	1.120014	-0.02893013
3L	28093070	28125547	500	0.03699954	0.00224793	-0.79608313	-0.79523034	0.46871114	-1.94795595	0.53947655	-0.01782124
3L	28125556	28165721	500	0.05911687	0.00214049	-0.23294331	-0.26407234	0.45766797	-1.34337334	1.06941492	0.0443187
3L	28165739	28191274	500	0.03099263	0.00315951	-0.24623915	-0.28239233	0.49578079	-2.14373569	1.05135933	0.01170271
3L	28191321	28213475	500	0.05669909	0.00399427	0.38080869	0.23040058	0.58003691	-0.63663972	2.37075176	0.03449401
3L	28213481	28236311	500	0.03418706	0.00349785	-0.32194829	-0.32894474	0.38345676	-1.20607571	0.77534583	-0.01181172
3L	28236322	28262564	500	0.02539382	0.00265285	-0.26315368	-0.27996684	0.42214232	-1.36661666	0.7425785	-0.08476132
3L	28262674	28288955	500	0.03669827	0.00320017	-0.55027315	-0.53887637	0.38445526	-1.89676358	0.48836923	-0.0296408
3L	28289016	28328671	500	0.03147615	0.00202257	-0.47006171	-0.4976415	0.34003511	-1.27715439	0.44391969	-0.07951234
3L	28328673	28361006	500	0.0344114	0.00263705	-0.30114928	-0.33757926	0.35606303	-1.20191175	0.7304314	-0.04461473
3L	28361170	28381688	500	0.03092743	0.00377988	-0.54856923	-0.52233909	0.24822754	-1.25016487	0.1276986	-0.06612183
3L	28381694	28415827	500	0.03308127	0.00237055	-0.10311883	-0.13210275	0.49991967	-1.41699225	1.92675013	-0.0119364
3L	28415841	28444271	500	0.02875925	0.00315054	-0.34181352	-0.38072286	0.4019508	-1.38424132	1.6305349	-0.07968689
3L	28444285	28502899	500	0.03158746	0.00162783	-0.14633557	-0.16863068	0.38909938	-1.10182914	1.20132607	-0.00021659
3L	28502901	28542670	500	0.0335109	0.00204018	-0.20060846	-0.24726517	0.4572189	-1.28456043	0.99022298	0.0037856
3L	28542674	28588853	500	0.02208006	0.00189544	-0.4507854	-0.46449364	0.26498292	-1.08518741	0.62678712	-0.01409334
3L	28588906	28658418	500	0.03741937	0.00115447	-0.11938353	-0.10378059	0.43983727	-1.49119455	0.9666598	0.00662828
3L	28658432	28715366	500	0.01284889	0.00155979	-0.2080604	-0.21982047	0.35835759	-1.18005314	1.11761098	-0.04717065
3L	28715409	28765559	500	0.02879658	0.00173585	-0.0369595	-0.11973441	0.48957953	-0.95947925	2.34570636	0.02439502
3L	28765668	28822605	500	0.03238037	0.00132836	0.25330354	0.04511401	0.73549447	-1.03990334	2.17286594	0.05529044
3L	28826052	28887672	500	0.02272886	0.00133089	-0.35701331	-0.39313735	0.31425883	-1.17241225	0.94710641	-0.02547652
3L	28887869	28933109	500	0.03320946	0.00180601	-0.647801	-0.65103492	0.39169011	-1.81134922	0.60418184	-0.0102283
3L	28933610	28971530	500	0.03435728	0.00213572	-0.59274621	-0.52978945	0.47208244	-2.7484083	0.33928308	-0.10580711
3L	28971585	29005846	500	0.03265549	0.00228382	-0.49321208	-0.42914369	0.39926358	-1.43633116	0.63690543	-0.07718085
3L	29005925	29051800	500	0.02490187	0.00154305	-0.57898572	-0.59253962	0.29001462	-1.38051733	0.20443665	-0.06159599
3L	29051952	29133451	500	0.03664427	0.00097699	-0.43734069	-0.42363389	0.3326901	-1.47186403	0.57316281	0.01745041
3L	29133470	29207244	500	0.03086615	0.00124535	-0.7680384	-0.74566054	0.47924592	-1.97149861	0.60748205	0.01251312
3L	29207264	29281236	500	0.03426469	0.00113569	-0.50963066	-0.55026528	0.41100293	-1.69982943	0.69839027	0.04893182
3L	29281239	29311100	500	0.03165256	0.00249688	-0.37184947	-0.40022272	0.4100925	-1.33439203	0.71650417	-0.01913037
3L	29311101	29338841	500	0.02639772	0.00294048	-0.37220612	-0.38124354	0.31423933	-1.28321594	0.5350613	-0.01578898
3L	29338904	29367576	500	0.03860318	0.00261751	-0.27385992	-0.3223048	0.49273003	-1.60260413	1.10589779	-0.08370155
3L	29367586	29407322	500	0.02726501	0.0021052	-0.40458084	-0.39996134	0.34996709	-1.18411216	0.61882932	-0.01105118
3L	29408197	29436400	500	0.03194497	0.00319698	-0.20749956	-0.19237762	0.41518465	-1.1393273	0.86416624	0.04044119
3L	29436401	29469343	500	0.02038551	0.00236219	-0.29127918	-0.31306109	0.36181639	-1.50062255	0.77384136	-0.01925505
3L	29469348	29498018	500	0.05399176	0.00284671	-0.06166783	-0.1567371	0.53773665	-1.07608117	1.3954904	0.02256224
3L	29498024	29520195	500	0.04112738	0.00365935	-0.24126135	-0.24178021	0.36224203	-1.37720797	0.66379699	0.05854456
3L	29520197	29545452	500	0.02286499	0.00298652	-0.36449326	-0.37486928	0.28545442	-1.04503157	0.89846447	-0.02683552
3L	29545459	29565355	500	0.02010593	0.00396055	-0.40661169	-0.45290225	0.38581138	-1.27627313	0.68681212	-0.08634474
3L	29565372	29591266	500	0.01948068	0.00282547	-0.48099715	-0.48306405	0.21875608	-1.28447955	0.27384822	-0.05927696
3L	29591279	29631119	500	0.03260664	0.00207059	-0.56736057	-0.53416442	0.37288366	-1.78103336	0.32088379	-0.0136819
3L	29631235	29665045	500	0.02342911	0.00232371	-0.67930957	-0.63342096	0.39341062	-1.70654781	0.23216	-0.07942507
3L	29665048	29701744	500	0.03014585	0.00238231	-0.70195841	-0.67282535	0.34909413	-1.81784866	0.298112	-0.13099224
3L	29701755	29724237	500	0.04302141	0.00412022	-1.1099373	-1.1432854	0.35312421	-1.83769415	0.10830478	0.03071624
3L	29724246	29745155	500	0.04204642	0.00375559	-1.136181	-1.130036	0.35700431	-2.05943318	-0.37077148	-0.10274001
3L	29745158	29768549	500	0.03461614	0.00307319	-0.8299834	-0.84076531	0.49277142	-1.97170876	0.64793333	-0.04616075
3L	29768573	29786736	500	0.04170523	0.00417825	-0.52430712	-0.60267171	0.41785134	-1.6163493	0.49004918	-0.0385304
3L	29787108	29808737	500	0.02997749	0.00331929	-0.78295977	-0.76227442	0.37640548	-1.96302918	0.10209107	-0.04074968
3L	29808740	29842859	500	0.04184707	0.00221631	-0.84941757	-0.77330156	0.47032278	-2.35471005	0.11199673	-0.02868077
3L	29842873	29870172	500	0.02812634	0.00255705	-0.30093598	-0.31359593	0.36912659	-1.23620484	0.60770789	-0.05192091
3L	29870217	29885111	500	0.03000642	0.00573087	-0.1470646	-0.09894087	0.38998719	-1.5133915	0.85634136	-0.01863165
3L	29885328	29911705	500	0.03527816	0.00261266	-0.44564148	-0.55006854	0.5779348	-1.55526469	1.29540098	-0.052856
3L	29911714	29942584	500	0.03362432	0.00243337	-0.53775165	-0.48328911	0.48684384	-2.03730416	1.30475904	-0.10286469
3L	29942588	29970250	500	0.01969724	0.00283962	-0.39643225	-0.36872221	0.33708524	-1.27842141	0.67730094	-0.05981308
3L	29970388	30010343	500	0.03608332	0.00216235	-0.13680544	-0.24161537	0.45900768	-1.058561	1.21937518	-0.1322889
3L	30010376	30044495	500	0.03287894	0.00245941	-0.27694735	-0.3495713	0.34387839	-1.10960092	0.9048784	0.01357289
3L	30044514	30081923	500	0.02517672	0.00195272	-0.45610972	-0.51653139	0.38285371	-1.29091674	1.03904972	-0.04429056
3L	30081942	30104333	500	0.02615266	0.00345333	-0.4096119	-0.42261702	0.32886381	-1.28589938	0.86276492	-0.03036394
3L	30104778	30135791	500	0.018167	0.00230384	-0.47236293	-0.45523686	0.29334354	-1.27392798	0.45816552	-0.11871138
3L	30135861	30175386	500	0.03836694	0.0018991	-0.22538489	-0.31782437	0.48446226	-1.30048062	0.98202547	0.03102794
3L	30175412	30205533	500	0.03263445	0.00256387	-0.26718925	-0.31854799	0.3090842	-1.2511162	0.62155156	-0.03565032
3L	30205610	30231695	500	0.02787854	0.00286737	-0.14818931	-0.14385856	0.37480298	-1.12968627	0.75744218	-0.12242681
3L	30231727	30257667	500	0.03164545	0.00284969	-0.52603801	-0.52203304	0.32671141	-1.40672034	0.37967413	-0.05875331
3L	30257690	30280660	500	0.04010151	0.00281708	-0.649105	-0.63462954	0.30762076	-1.39339524	0.20755405	-0.07951234
3L	30280677	30302072	500	0.03855395	0.00327789	-0.87553863	-0.90629198	0.5616905	-2.13660284	0.57901698	-0.05330485
3L	30302073	30338130	500	0.03099332	0.00220152	-0.64684274	-0.62716309	0.33566017	-1.55147341	0.44698032	-0.00997894
3L	30342544	30371489	500	0.01729406	0.002465	-0.49457338	-0.50363951	0.31515568	-1.28738967	0.43129048	-0.05640935
3L	30371490	30394827	500	0.03502739	0.00340844	-0.83958994	-0.80861726	0.43468221	-2.37882983	0.55321199	-0.07115886
3L	30394950	30421649	500	0.02732766	0.00307296	-0.38173295	-0.40840002	0.36007569	-1.50832851	0.43975086	0.00770052
3L	30421653	30450969	500	0.03808085	0.00282364	-0.3214505	-0.3410978	0.35714565	-1.46713848	0.59015882	0.10849091
3L	30451017	30481194	500	0.01958045	0.00356816	-0.61031366	-0.58615161	0.31533064	-1.55939595	0.18862169	-0.06197003
3L	30481348	30521350	500	0.03143667	0.00200846	-0.68318599	-0.63961497	0.40607209	-2.1612404	0.26075099	0.00263856
3L	30521361	30558810	500	0.0273544	0.00236809	-0.69069306	-0.65907798	0.28825382	-1.46891869	-0.02712689	-0.02265878
3L	30558811	30612707	500	0.03464272	0.00159616	-0.63903598	-0.55788723	0.63318915	-2.12983025	1.07588161	-0.08665644
3L	30612727	30653259	500	0.04693259	0.00204224	-0.39275725	-0.43636986	0.43077371	-1.62040115	0.80906754	0.09667135
3L	30653271	30684576	500	0.02574347	0.00271398	-0.54277253	-0.4950382	0.4155211	-2.17739251	0.32373949	-0.07942507
3L	30684594	30705951	500	0.04750789	0.00335357	-0.66870557	-0.67208823	0.26242338	-1.49317143	0.19026613	-0.07438804
3L	30705952	30739488	500	0.0384059	0.00207167	-0.77518948	-0.78839195	0.36791862	-1.66360109	0.07627526	-0.07574704
3L	30739509	30771094	500	0.04666348	0.00262628	-0.65469092	-0.59515118	0.42143659	-1.74698762	0.37215027	-0.04160997
3L	30771100	30814712	500	0.03179489	0.00185017	-1.15899439	-1.08622538	0.47986246	-2.25400931	-0.28003077	-0.15490565
3L	30814719	30834629	500	0.03639322	0.00431894	-1.05705625	-1.03765588	0.41332711	-2.15451994	0.08176035	-0.00042854
3L	30834634	30865359	500	0.03989838	0.0025658	-1.07490929	-1.07033688	0.50421571	-2.69283344	0.03133815	-0.04468954
3L	30865511	30891063	500	0.02617887	0.0030502	-2.20886936	-2.20136635	0.58583426	-4.07586829	-1.05447643	-0.12574326
3L	30891088	30919824	500	0.03408462	0.00301984	-1.65207251	-1.84706083	0.75396139	-2.94220889	-0.04602715	-0.10320132
3L	30919836	30953863	500	0.02679767	0.00227065	-0.91267922	-0.94064736	0.30957935	-1.76810208	0.11789447	-0.13675241
3L	30954017	31002124	500	0.04552805	0.00192115	0.35369814	0.24108018	0.69170813	-1.37969685	2.41775914	-0.00718614
3L	31002362	31056808	500	0.06669076	0.00165236	0.19528219	-0.00467251	0.72407245	-1.05042389	2.52002863	0.06365639
3L	31056820	31099820	500	0.03085087	0.00189312	-0.06254528	-0.03961597	0.47643355	-1.1877933	1.11395986	-0.00027893
3L	31099823	31157506	500	0.04243447	0.00144889	-0.10604393	-0.2177602	0.47986871	-1.0759329	1.53295242	-0.04146035
3L	31157513	31218504	500	0.03969766	0.00137478	-0.10921295	-0.17603003	0.54628127	-1.10991147	1.87733823	-0.08055964
3L	31218524	31245461	500	0.04371283	0.00283851	-0.28434251	-0.28494067	0.41284937	-1.2501913	1.79888019	-0.00665002
3L	31245466	31271618	500	0.0391278	0.00338011	-0.00328537	-0.13376025	0.75912325	-1.66451082	2.32198331	0.04267294
3L	31271632	31298211	500	0.03489658	0.00331043	-0.99257278	-1.00725312	0.46811659	-2.42284754	0.27942277	-0.05005073
3L	31298213	31318346	500	0.05776819	0.00457593	0.5455836	0.57740162	0.41172352	-0.35532108	1.60468629	0.01677714
3L	31318370	31335812	500	0.03709899	0.00432369	-0.38850279	-0.46421784	0.44653207	-1.42986317	0.81050808	-0.13031898
3L	31335820	31354722	500	0.04579633	0.00407521	-0.71691832	-0.70529681	0.29155076	-2.13006553	0.18683299	-0.03649814
3L	31354723	31371883	500	0.04191884	0.00492101	-0.51220638	-0.43775957	0.29061614	-1.30309868	0.06894078	0.05890613
3L	31371923	31401886	500	0.06538311	0.00334303	0.97829243	0.96970264	0.94077928	-1.17142191	3.0968943	-0.02199798
3L	31401888	31426115	500	0.0458952	0.00352209	0.54937427	0.42147721	0.56978044	-0.64565837	2.23559701	-0.04704597
3L	31426118	31443741	500	0.04023228	0.00440319	-0.47881063	-0.51393475	0.69361653	-1.82525677	0.84218294	-0.03252088
3L	31443766	31469455	500	0.02598305	0.00294679	-0.71890066	-0.70363102	0.3669979	-1.78482251	0.13824268	-0.11427281
3L	31469460	31503788	500	0.04881271	0.00249425	-0.70166272	-0.6399576	0.50037494	-2.47483434	0.7191395	-0.06743096
3L	31503800	31532714	500	0.05063379	0.00308274	-2.26808241	-2.53591932	0.82059919	-3.61463472	-0.43954715	-0.18012818
3L	31532724	31566484	500	0.05272081	0.00244222	-0.76769354	-0.72827095	0.4044991	-1.76252811	0.42407944	-0.00828331
3L	31566582	31590411	500	0.04444455	0.00325498	-0.77053171	-0.83704489	0.35808393	-1.52894792	0.11466759	-0.04778157
3L	31590414	31612257	500	0.04994948	0.00380814	-0.76741541	-0.67596744	0.51160563	-2.52254451	0.19796878	0.01056813
3L	31612263	31646975	500	0.0624136	0.00261487	-1.14814383	-1.15129499	0.4238804	-2.47857693	-0.15500583	0.1169192
3L	31647004	31680628	500	0.04924518	0.00269435	-1.28472121	-1.17277096	0.52667642	-2.73063355	-0.23478936	0.03339683
3L	31680634	31717144	500	0.04868548	0.0023349	-1.19293081	-1.05279339	0.78252755	-3.13854406	0.26487595	0.089627
3L	31717224	31753882	500	0.04146438	0.00240696	-0.77056075	-0.65937873	0.6754975	-2.71988997	1.40627127	0.08799371
3L	31753907	31798534	500	0.07119052	0.00198284	-0.45673812	-0.43351776	0.31257322	-1.38937559	0.53611208	0.12211831
3L	31798587	31851998	500	0.06266924	0.00167784	-0.21274956	-0.17558718	0.60239392	-1.94137813	1.01234645	0.14887439
3L	31852009	31892447	500	0.0612535	0.00182811	-0.23603552	-0.28220285	0.33431512	-1.12014072	0.80321042	0.08771941
3L	31892998	31926446	500	0.04251367	0.00238985	-0.33871405	-0.3724912	0.40673654	-1.26804155	0.68798348	-0.03248348
3L	31926492	31962336	500	0.06678801	0.00194234	0.16787025	0.16443866	0.40399088	-1.1209757	1.22579354	0.10153383
3L	31962670	32016154	500	0.04676525	0.00152128	0.0355489	-0.03172029	0.41297296	-0.91362985	1.03193876	-0.05604778
3L	32016198	32069461	500	0.05461693	0.00149479	-0.02681455	-0.07757275	0.41519476	-1.05792006	1.44112527	0.02311083
3L	32069489	32120270	500	0.04686067	0.00183616	-0.1567308	-0.20148676	0.40344816	-1.24378037	1.05006215	0.00998214
3L	32120302	32164415	500	0.02961936	0.00190111	0.12205142	0.01413571	0.83092742	-1.2647194	1.91380956	-0.0126346
3L	32164450	32197794	500	0.03370919	0.00242193	0.00716613	-0.02310968	0.40869915	-0.86661025	1.46645018	-0.02598771
3L	32197803	32231725	500	0.03203683	0.00255892	0.26196321	0.26766546	0.44362801	-0.87557278	1.69336705	-0.00278497
3L	32231728	32253466	500	0.02953985	0.00379635	-0.02015761	-0.06573938	0.32148589	-0.77703728	1.10647853	-0.0334435
3L	32253490	32288555	500	0.04066672	0.0021606	-0.39213768	-0.41514556	0.30033511	-1.24155763	0.88088917	-0.1366776
3L	32288588	32305652	500	0.04101616	0.00480142	-0.18727273	-0.18094489	0.34025292	-1.21227863	0.94534786	-0.01562689
3L	32305657	32333320	500	0.04644131	0.00287061	0.22706243	0.17002329	0.52545881	-0.71286838	1.75164319	-0.0508362
3L	32333335	32359580	500	0.03053327	0.00316391	0.31675141	0.27378012	0.51562195	-0.61196747	1.56155353	0.00836132
3L	32359648	32378583	500	0.04262461	0.00400372	0.81811267	0.79471965	0.35989165	0.09353952	2.01625922	0.10930132
3L	32378586	32404074	500	0.04405936	0.00317463	0.21359001	0.23212011	0.3726228	-0.70092067	1.24698353	0.00373573
3L	32404075	32426997	500	0.03332503	0.0034705	0.23186132	0.14595843	0.43344323	-0.6170119	1.57290217	-0.0681915
3L	32427000	32459217	500	0.0371092	0.00245759	0.14390727	-0.05961083	0.56945321	-0.77859796	1.65954363	-0.0207886
3L	32459220	32476563	500	0.0331044	0.00462887	0.75152524	0.95699799	0.80147697	-0.98000769	2.48708414	-0.01878127
3L	32476607	32507853	500	0.07093895	0.0026935	0.7411585	0.8107643	0.78780471	-1.65591393	2.35204914	0.19413282
3L	32507916	32532233	500	0.04631295	0.00305437	0.76527591	0.79488715	0.47392946	-0.52601752	1.95729118	-0.02575082
3L	32532243	32567584	500	0.05215916	0.00224462	0.01387815	-0.06549961	0.51736525	-1.27284959	1.3793002	-0.00047841
3L	32567608	32590927	500	0.04072402	0.00329315	-0.47396526	-0.48197439	0.3439435	-1.4002047	0.70680162	0.0449421
3L	32590967	32623132	500	0.03406601	0.00239212	-0.42819692	-0.39453469	0.49740232	-1.89017847	1.84232117	-0.00888177
3L	32623139	32646414	500	0.0354669	0.00334116	-0.83091572	-0.81568566	0.3482038	-2.1243291	0.24318381	-0.08009833
3L	32646449	32665771	500	0.03075601	0.00360911	-0.51541105	-0.57667653	0.39771468	-1.35491102	0.82336927	-0.04967669
3L	32665798	32690896	500	0.02304678	0.00286909	-0.39522403	-0.41228732	0.27342505	-1.06959803	0.61340387	-0.06875256
3L	32690898	32703438	500	0.01614434	0.00646843	-0.43319858	-0.40280239	0.3018103	-1.65924599	0.47970985	-0.04406614
3L	32703448	32723451	500	0.02649146	0.00416364	-0.38995492	-0.42499101	0.26457233	-0.96518179	0.4692739	-0.08910015
3L	32723464	32746486	500	0.03142205	0.00337947	-0.21648487	-0.22498925	0.32448111	-1.1348592	0.5937508	0.05413093
3L	32746500	32768066	500	0.03541376	0.00345525	-0.13016205	-0.16057301	0.38988282	-1.12087504	1.48519647	-0.03993927
3L	32768538	32796723	500	0.02796495	0.00271638	-0.21386985	-0.25794259	0.39582395	-1.37974718	0.90562507	-0.03422898
3L	32796729	32833432	500	0.04250128	0.00212049	0.2485716	0.28421689	0.58153325	-1.32473961	1.88855494	0.05183684
3L	32833855	32870624	500	0.03235832	0.00243716	0.35885958	0.32608217	0.51785062	-0.79766999	2.20033133	0.06580087
3L	32870630	32893152	500	0.04307291	0.00383661	0.30518632	0.33102235	0.58552302	-0.86774808	1.64921448	0.14269032
3L	32893162	32918226	500	0.03037484	0.00303219	-0.23606115	-0.3131273	0.43705247	-1.277943	1.33320028	-0.04612334
3L	32918238	32939838	500	0.03756662	0.00427793	-0.09222775	-0.10238272	0.49970778	-1.43076205	1.30178825	-0.02979041
3L	32939848	32979233	500	0.04280187	0.00230583	0.4761263	0.40842519	0.54463991	-0.66388464	2.29113678	0.04096484
3L	32979380	33015026	500	0.03380243	0.00238435	0.06952398	-0.01843818	0.57174573	-1.17344856	1.57583231	0.04062821
3L	33015047	33063290	500	0.03500782	0.00183674	-0.42039353	-0.39407466	0.32799064	-1.62919817	0.6897964	-0.00358292
3L	33063997	33102401	500	0.03688559	0.0023095	-0.16476002	-0.19563753	0.42731455	-1.33583401	1.23736778	0.02307342
3L	33103494	33162960	500	0.02786286	0.00144367	-0.27570954	-0.30801962	0.41491068	-1.46947069	1.16456403	-0.06913906
3L	33162972	33188321	500	0.03249431	0.00318055	-0.3605985	-0.38516171	0.51909685	-1.45586341	1.08004913	-0.04678414
3L	33188337	33211793	500	0.02153992	0.00329936	-0.4773768	-0.47282539	0.2416055	-1.27830863	0.28126049	-0.10598166
3L	33211825	33252784	500	0.03058848	0.00214093	-0.566496	-0.540771	0.40240049	-1.84680403	0.63779961	-0.02632434
3L	33252793	33290169	500	0.04369098	0.00269106	-0.7470847	-0.78437082	0.44042463	-2.57669736	0.52018326	0.03453141
3L	33290394	33335888	500	0.06304616	0.00199308	-1.48377638	-1.48781082	0.77555015	-3.30093688	0.56071691	0.02813539
3L	33335898	33362362	500	0.06568943	0.0033711	-0.70606183	-0.60949439	0.55741792	-2.56036273	0.26307176	-0.02041456
3L	33362363	33407552	500	0.04094028	0.00219801	-1.02306111	-0.86912714	0.58535179	-2.57640065	0.31579742	0.02660184
3L	33407615	33444087	500	0.04252368	0.0025201	0.05172084	0.09343562	0.34224061	-0.91758613	0.92544903	0.09895298
3L	33444101	33475274	500	0.03129118	0.00233841	-0.27974303	-0.2755385	0.45519132	-1.39504742	1.00018074	-0.05253184
3L	33475281	33508658	500	0.04013802	0.00230539	-0.01661979	-0.10210524	0.58043827	-1.25550864	1.7002278	-0.00223638
3L	33508659	33535560	500	0.04234928	0.00328219	-0.28752509	-0.30859745	0.34711869	-1.26684589	0.62902269	-0.03093746
3L	33535671	33584331	500	0.04597638	0.00165756	0.08842872	0.02130236	0.67691771	-1.23391308	1.8257378	-0.05160921
3L	33584401	33619297	500	0.04564442	0.00234782	0.8226682	0.84436215	0.53885716	-0.5951946	1.94829853	-0.05309289
3L	33619299	33652293	500	0.02204007	0.00244971	-0.04576196	-0.12028376	0.70104792	-1.46448393	2.07222138	0.00237673
3L	33652298	33683773	500	0.03020473	0.00218168	-0.42360877	-0.4597843	0.45695665	-1.41654753	0.82810827	-0.09702972
3L	33683798	33718528	500	0.04531593	0.0023718	-0.04011244	-0.00157432	0.49639607	-1.11459695	1.73062897	-0.01552715
3L	33718531	33756734	500	0.04974939	0.00222326	0.75777403	0.82717106	0.59660207	-0.55577874	2.1226153	-0.01734746
3L	33756754	33778857	500	0.05657754	0.00349838	0.68568834	0.69431186	0.44043177	-0.49209231	2.04869219	-0.05492567
3L	33778858	33804999	500	0.04335952	0.00297273	0.2349575	0.26735912	0.50513799	-1.14965775	1.615109	0.01203934
3L	33805013	33828484	500	0.0332364	0.00336481	-0.25975491	-0.29807849	0.34082692	-0.98250299	0.74017893	-0.07477454
3L	33828487	33848158	500	0.03995484	0.00421945	0.20072003	0.10477074	0.49604428	-0.68763967	1.92098943	0.07041399
3L	33848185	33874445	500	0.03703984	0.00318557	-0.03709076	-0.04008741	0.36462018	-0.95842493	1.22589925	0.07470294
3L	33874449	33916778	500	0.02884505	0.0018957	-0.44175435	-0.42532609	0.37738488	-1.70107281	0.74449804	-0.14799844
3L	33916819	33949118	500	0.02627299	0.0025805	0.00584132	-0.10452754	0.49016582	-0.79875917	1.94998143	0.05914302
3L	33949130	33973589	500	0.03390478	0.00314968	-0.2484812	-0.29786003	0.37119716	-1.33324362	1.18411028	-0.02118757
3L	33973595	34005493	500	0.03323986	0.00270743	-0.5510048	-0.56730347	0.33761314	-1.96017663	0.46444732	0.00313727
3L	34005523	34030694	500	0.02871382	0.00303256	-0.60337175	-0.54212921	0.3490983	-1.73151587	0.16701048	-0.0532051
3L	34030729	34050128	500	0.03661806	0.00376695	-0.76338015	-0.71860374	0.37102826	-2.06530315	-0.03360691	-0.10606894
3L	34050140	34082086	500	0.01369799	0.00196484	-0.73466709	-0.72466021	0.28908742	-1.82003371	0.10939223	-0.09510967
3L	34082093	34133177	500	0.03060378	0.00141295	-0.51855723	-0.47130005	0.41140458	-1.66478704	0.56695484	-0.0320471
3L	34133179	34156417	500	0.01823254	0.00293881	-0.76058597	-0.74670317	0.30937966	-1.86560444	-0.02070082	-0.12023246
3L	34156427	34179056	500	0.03672174	0.00294532	-0.71044476	-0.69344032	0.33129913	-1.68755743	0.25516245	-0.09080825
3L	34179061	34206438	500	0.02994739	0.0026432	-0.30790548	-0.34493318	0.28516157	-1.02167992	0.49434178	-0.00354551
3L	34206441	34242891	500	0.04182801	0.00208844	-0.63006921	-0.5940942	0.44646638	-2.36500731	0.47196538	-0.01997819
3L	34242909	34280566	500	0.03230327	0.002157	-0.80909903	-0.75962915	0.4075844	-2.10896395	0.28941989	-0.06349111
3L	34280577	34303480	500	0.03292386	0.00363315	-0.35973699	-0.34872619	0.30833613	-1.24754912	0.53352808	0.09248214
3L	34303491	34326942	500	0.03862102	0.00305965	-1.58756382	-1.67177704	0.63096656	-3.03671559	-0.00129048	-0.04073722
3L	34326967	34353082	500	0.04506688	0.00258422	-1.48037536	-1.48078806	0.69374442	-2.76699579	0.22348195	-0.04902836
3L	34353122	34391425	500	0.03255211	0.00192367	-0.44879094	-0.42100797	0.41928878	-1.45674086	0.56457745	-0.06225679
3L	34391429	34420391	500	0.03647564	0.00265241	-0.50453928	-0.51198168	0.31535276	-1.46640492	0.1835544	-0.06389008
3L	34420393	34452887	500	0.03399109	0.00239635	-0.20760408	-0.26025957	0.39849387	-1.05996818	1.17971672	-0.00554037
3L	34453211	34475551	500	0.03607858	0.00353859	-0.4847296	-0.50576248	0.35892068	-1.37274735	0.49057152	-0.07016143
3L	34475574	34498423	500	0.03758518	0.00302229	-0.20744971	-0.15059896	0.53152404	-1.55276133	1.20219028	-0.0166742
3L	34498427	34516802	500	0.03636914	0.0039891	-0.3635102	-0.39039292	0.37231254	-1.22960826	0.86389321	-0.06269316
3L	34516816	34541295	500	0.03654974	0.00351026	-0.16207825	-0.17028234	0.44235168	-1.38790272	1.20966001	-0.00881943
3L	34541307	34566906	500	0.03917222	0.00332212	-0.29645268	-0.28268334	0.49666916	-1.43473979	0.97188906	0.03363372
3L	34566951	34594509	500	0.05340968	0.00289318	-1.06107699	-1.07337751	0.46214055	-2.46377902	-0.20341304	0.02321057
3L	34594534	34608826	500	0.06865439	0.00572575	-0.49163571	-0.52853612	0.33270707	-1.40718784	0.59038403	-0.05016294
3L	34608871	34634312	500	0.03111725	0.00297031	-0.32143818	-0.34773316	0.38166061	-1.23993405	0.61161136	-0.02517729
3L	34634313	34669995	500	0.03968952	0.00255552	-0.66616764	-0.62064635	0.33942123	-1.56213324	0.09412114	-0.09277817
3L	34669999	34685826	500	0.02675041	0.00478527	-0.5902529	-0.59764347	0.31339772	-1.66230915	0.8417423	-0.10677961
3L	34685860	34715271	500	0.02084462	0.00261717	-0.6181683	-0.60601742	0.28937212	-1.42539611	0.33821715	-0.06125936
3L	34715307	34740019	500	0.03374536	0.00304996	-0.44536445	-0.40564069	0.4105415	-1.60261331	0.51701699	0.01990658
3L	34740021	34768945	500	0.01639754	0.00207751	-0.61165635	-0.64096159	0.35895846	-1.5398023	0.21451016	-0.09453614
3L	34768950	34793137	500	0.02564091	0.00321376	-0.66657086	-0.65103006	0.29016085	-2.10491937	0.07371664	-0.05467631
3L	34793173	34819076	500	0.03117886	0.00288628	-0.66563788	-0.61646862	0.35823069	-2.16399179	0.19967614	-0.03117435
3L	34819166	34847994	500	0.03604038	0.00259782	-0.60257527	-0.59470345	0.3643955	-1.69739612	0.47581337	-0.04300637
3L	34848002	34882299	500	0.02909042	0.00210559	-0.82360963	-0.78142119	0.33516021	-1.81156904	-0.06528268	-0.09414964
3L	34882318	34913981	500	0.03577389	0.00259145	-0.9948808	-0.99203214	0.4697344	-2.11998993	-0.00231622	-0.05692053
3L	34913996	34943146	500	0.0390843	0.0023223	-0.75564633	-0.79876161	0.38854514	-1.6430954	0.16424164	-0.07639537
3L	34943160	34966367	500	0.05172486	0.0034379	-0.5383728	-0.58285879	0.50412915	-2.15821859	0.67899561	-0.02495287
3L	34966368	34996990	500	0.06589988	0.00248149	-0.85193179	-0.59706487	0.71973688	-2.60269608	0.40312051	0.08803111
3L	34997017	35024457	500	0.03601147	0.00267392	-1.00139191	-0.73131373	0.63660858	-2.51935096	0.12739248	-0.04992605
3L	35024489	35052816	500	0.05938754	0.00280831	-0.41323049	-0.45519926	0.65771734	-1.71140001	1.22967094	0.02424541
3L	35052844	35075479	500	0.06510853	0.00368661	0.80814145	0.75773731	0.41635434	-0.16202244	2.20943486	0.04212435
3L	35075480	35104262	500	0.04375104	0.00293448	0.08109993	0.06046041	0.38410401	-0.86509221	1.23459791	-0.02121251
3L	35104265	35127650	500	0.0464371	0.00342753	0.20832539	0.20878761	0.41947538	-0.76763467	1.21974063	0.02949439
3L	35127667	35157060	500	0.0363576	0.00268567	-0.12656865	-0.16637791	0.40899226	-0.92913797	0.77861564	0.00186555
3L	35157079	35208506	500	0.03346196	0.00152665	0.48085729	0.37370163	0.61408985	-0.63656008	2.77451813	0.05415586
3L	35208627	35232056	500	0.04753241	0.00365445	0.36667035	0.29318142	0.59071235	-0.86848149	2.10102722	-0.03931588
3L	35232101	35274639	500	0.05875232	0.00197445	0.27243201	0.27888227	0.65790083	-1.03401288	1.7327888	0.08557494
3L	35274640	35307072	500	0.04386624	0.00237996	-0.94965654	-0.90696602	0.59544385	-2.13872558	0.41504113	-0.02351907
3L	35307086	35325524	500	0.04582451	0.00405408	-0.36056755	-0.34409836	0.54394595	-1.23347323	0.58552297	0.00733895
3L	35325584	35361493	500	0.0341383	0.00224617	-0.71830766	-0.68103306	0.73587094	-2.61716601	1.21685426	0.03847126
3L	35361520	35388862	500	0.02101707	0.00289816	-1.28825821	-1.26914829	0.55003787	-3.04210161	-0.3213532	-0.09555851
3L	35388871	35415580	500	0.0297098	0.00304991	0.18269131	-0.10941664	0.79945906	-1.38275098	2.00698163	-0.00081505
3L	35415585	35454231	500	0.05509345	0.00211323	0.22140181	0.0883243	0.71758077	-1.17176019	2.12447639	0.1091143
3L	35454260	35481109	500	0.06516974	0.00346683	-0.56222789	-0.50479056	0.36633571	-1.34886304	0.37660351	-0.02268372
3L	35481120	35509791	500	0.05058418	0.00290043	-0.36179574	-0.36166031	0.47375218	-1.39071792	0.86296983	-0.01541494
3L	35509813	35530828	500	0.01949454	0.00387746	-0.53529446	-0.51604369	0.31769376	-1.7912416	0.29702906	-0.01361956
3L	35530867	35551796	500	0.03432721	0.00352909	-0.4407281	-0.46745038	0.42453608	-1.4471308	1.34158513	-0.05723223
3L	35551802	35573753	500	0.02686121	0.00346537	-0.46684049	-0.48278284	0.30045933	-1.26568592	0.6052431	-0.05330485
3L	35573838	35618844	500	0.02662216	0.00172906	-0.49079247	-0.46496709	0.36436538	-1.49802346	0.55903681	-0.07660732
3L	35618873	35667732	500	0.03584965	0.00175389	-0.52724897	-0.5454871	0.41222834	-1.63465135	0.89822894	-0.13102965
3L	35667750	35699512	500	0.03952961	0.00292733	-0.22558273	-0.19960154	0.62773418	-1.95142479	1.50765624	-0.01568923
3L	35699521	35722068	500	0.0553109	0.0039478	0.16387128	0.12430907	0.37010142	-0.9758351	1.04648732	0.00631659
3L	35722079	35750635	500	0.05224503	0.00271866	-0.13773089	-0.14669969	0.32536206	-0.98032056	0.70714638	0.13401267
3L	35750671	35774144	500	0.02533161	0.00303762	-0.31020665	-0.26354292	0.42757848	-1.32908066	0.58045623	-0.03214684
3L	35774155	35794194	500	0.02545756	0.003565	-0.28093497	-0.28507518	0.28713083	-0.99300727	0.57914859	-0.06448854
3L	35794199	35816624	500	0.03909401	0.00348521	-0.07738905	-0.10057936	0.39126449	-1.13841926	0.84331485	0.0115531
3L	35816685	35868265	500	0.02472567	0.00189515	0.09218706	-0.09298262	0.927109	-2.10767112	2.89542973	-0.03496459
3L	35868281	35886520	500	0.03249239	0.00443318	0.03765132	-0.02819626	0.44268814	-1.07676611	1.32206019	0.04873233
3L	35886545	35913837	500	0.0472114	0.00301707	0.05879406	0.05683986	0.38167387	-0.9536554	1.07144036	0.1322547
3L	35913847	35934038	500	0.05032486	0.0039334	0.08796659	0.00639652	0.53778357	-1.09775713	1.37680909	0.01827329
3L	35934043	35947767	500	0.0246559	0.00592878	0.08976474	0.10790648	0.40641926	-0.90916197	0.95225351	-0.07426336
3L	35947768	35969490	500	0.0335513	0.00337053	0.33211328	0.32598676	0.41377257	-0.69366497	1.49454521	0.02203859
3L	35969667	35993990	500	0.05883652	0.00335602	0.76772554	0.75074419	0.53722165	-0.55521901	2.31999768	0.10442638
3L	35994020	36027736	500	0.02974819	0.00241297	-0.05171607	-0.0880307	0.30668391	-0.80700716	0.93951595	-0.04123593
3L	36027738	36059760	500	0.02883294	0.00237886	-0.27545461	-0.38876544	0.47477308	-1.22747647	2.20081796	-0.06840346
3L	36059772	36077167	500	0.03209582	0.00426941	-0.2615957	-0.25021497	0.46036418	-1.44688642	1.02179147	-0.05698287
3L	36077183	36111766	500	0.04947655	0.0027221	-0.1101621	-0.09201685	0.36945587	-1.02020469	1.06712277	0.08639782
3L	36111778	36129012	500	0.03671487	0.0044843	0.09857003	0.15492384	0.40205893	-0.8815461	1.18618355	-0.06599715
3L	36129045	36151721	500	0.03227111	0.0032789	-0.17981972	-0.20928095	0.38780193	-1.14968441	1.04179164	-0.06531142
3L	36151930	36169132	500	0.03598237	0.00485885	0.01921064	-0.03033948	0.61711709	-1.33656687	1.56049551	0.01096711
3L	36169137	36206656	500	0.02467548	0.00204504	-0.56372589	-0.52218991	0.51388867	-2.0000746	0.89247461	-0.01770903
3L	36206667	36224861	500	0.04973159	0.00446857	0.73081987	0.71300819	0.53163485	-0.51141972	2.05401883	-0.00688691
3L	36224863	36248268	500	0.02872265	0.00412186	1.37207027	1.51192265	1.00801502	-0.53261465	3.35003815	-0.06251861
3L	36248298	36318046	500	0.07587429	0.00136528	1.36629371	1.23743014	0.85409217	-0.86430049	3.93773335	0.14539585
3L	36318049	36396826	500	0.07932679	0.00107364	2.42009794	2.74861575	1.03114214	-0.68559654	4.35227191	0.02296121
3L	36396829	36530882	500	0.06531915	0.00070891	1.25689229	1.02090138	1.00288117	-0.60921747	3.46592906	0.0600033
3L	36530912	36588686	500	0.05780085	0.00139077	-0.48299437	-0.54726997	0.82027552	-2.2822472	1.54866273	0.11790416
3L	36588705	36609057	500	0.06960438	0.0039337	0.03935578	0.06339088	0.43123413	-0.93204368	1.12805196	0.01859745
3L	36609058	36631223	500	0.07006292	0.00365769	0.498945	0.42111176	0.53067523	-0.80039664	1.87101335	-0.00181248
3L	36631273	36652509	500	0.05325583	0.0035849	0.72347746	0.7141033	0.49868447	-0.21846165	2.09830802	0.04209942
3L	36652626	36702157	500	0.03747795	0.00132803	0.8396804	0.86296616	0.75302999	-0.85579816	2.6001129	-0.02922936
3L	36702160	36727242	500	0.0400515	0.00290515	0.27732645	0.1607983	0.82018744	-1.56439186	2.20382895	-0.07724319
3L	36727243	36750465	500	0.04119117	0.00353087	-0.07782952	-0.18733276	0.51858175	-1.12874036	1.25304483	-0.0695879
3L	36750476	36768944	500	0.02653608	0.00397321	-0.16160197	-0.12919123	0.33712773	-0.95186815	0.80641451	-0.01117586
3L	36768948	36794557	500	0.03329122	0.0030808	-0.24657181	-0.24956419	0.29247095	-1.11544357	0.52932164	-0.10255299
3L	36794688	36838559	500	0.02753126	0.00190504	-0.72271659	-0.73520085	0.59702426	-3.30779787	2.24190106	-0.08734217
3L	36838877	36863912	500	0.02864461	0.00358614	-1.04318623	-1.00885027	0.42678361	-2.08518767	0.0730624	-0.09239167
3L	36863925	36890811	500	0.02840514	0.00308755	-0.65003406	-0.65853128	0.37283731	-1.73919491	0.13982808	-0.06496232
3L	36891019	36909000	500	0.03349723	0.00404373	-0.5759848	-0.54044245	0.30418204	-1.48130662	0.18457967	-0.0426448
3L	36909015	36928128	500	0.02403393	0.00374993	-0.43941579	-0.48161614	0.41089974	-1.42152182	0.55845995	-0.0521204
3L	36928154	36950769	500	0.02356079	0.00381555	-0.14167203	-0.2144118	0.47379756	-1.23676145	1.37600567	-0.00945529
3L	36950906	36976024	500	0.03029322	0.00296877	-0.46606748	-0.41413426	0.39881238	-1.60880552	0.62932902	0.00420951
3L	36976039	36999950	500	0.0389099	0.00314615	-0.06145088	-0.03841035	0.34046608	-0.94471883	0.76359563	-0.01545234
3L	36999981	37032996	500	0.04198445	0.00247367	-0.67993533	-0.8240906	0.56150785	-1.84194342	0.50007599	0.00246401
3L	37033011	37057023	500	0.07216391	0.00336151	-1.27079812	-1.36683698	0.53534406	-2.49813697	0.10981255	0.04324646
3L	37057117	37072238	500	0.05782905	0.00558404	-0.60251713	-0.58050327	0.30214321	-1.57692618	0.10082672	-0.04506357
3L	37072257	37094847	500	0.05588523	0.0036039	-0.44223749	-0.29050152	0.66398758	-2.04906391	0.63003679	0.01065541
3L	37094877	37115321	500	0.04835901	0.00435045	-1.277868	-1.33363661	0.39925496	-2.28375173	-0.34106779	-0.03070057
3L	37115564	37133649	500	0.05019187	0.00480969	-0.75873067	-0.86108933	0.47901166	-1.62725243	0.88231401	0.10011249
3L	37133651	37183496	500	0.07075454	0.001626	-0.33134618	-0.3031608	0.62954512	-1.76798732	1.26208573	0.11883926
3L	37183504	37229978	500	0.0362051	0.00197704	-0.69043008	-0.63654755	0.58869108	-1.92424717	0.88861947	0.1046508
3L	37230003	37249349	500	0.02839352	0.00390878	-0.64972384	-0.66847158	0.3790749	-1.73390628	0.71368659	-0.07863959
3L	37249363	37347083	500	0.04027906	0.0008487	-0.58806601	-0.42210494	0.79294143	-4.61941405	0.63004979	-0.00854513
3L	37347085	37374800	500	0.0362082	0.00322972	-0.50806014	-0.43662728	0.44553413	-1.82685185	0.65443795	-0.03179774
3L	37374803	37415007	500	0.01797021	0.0020649	-0.3721239	-0.43877328	0.48945552	-1.29061936	2.25713917	-0.06425165
3L	37415021	37431764	500	0.01352559	0.00482087	-0.41661979	-0.41433181	0.28421128	-1.05902967	0.63587119	-0.08992303
3L	37431785	37451009	500	0.01742051	0.00411089	-0.34971953	-0.42542122	0.48618477	-1.40283696	0.99906686	-0.00323382
3L	37451017	37503018	500	0.03037589	0.00152414	-0.4358969	-0.34199028	0.48627148	-2.2086266	0.65195068	-0.07784164
3L	37503026	37556629	500	0.02695134	0.00173037	-0.08823986	-0.13981445	0.38993123	-1.61874944	0.88387087	0.04623876
3L	37556759	37579468	500	0.03114941	0.00374898	-0.18010997	-0.28884129	0.49789582	-1.00928881	1.56659171	0.00059383
3L	37579478	37638031	500	0.03934223	0.00161791	0.06400109	0.05662288	0.50223117	-1.05571412	1.3305675	0.01268767
3L	37638114	37674366	500	0.01971242	0.00228679	-0.48124415	-0.47454293	0.32237003	-1.71096436	0.41117628	-0.03879223
3L	37674367	37700419	500	0.01901294	0.00295496	-0.40440745	-0.38811748	0.27868832	-1.15602998	0.65271007	-0.04710831
3L	37700441	37720034	500	0.0216573	0.00399609	-0.56373139	-0.56985888	0.27971337	-1.3285179	0.09997176	-0.10444811
3L	37720042	37745663	500	0.0302751	0.0032709	-0.26313129	-0.34203383	0.52198554	-1.21207088	1.90263861	-0.04037565
3L	37745665	37774537	500	0.03734662	0.0032438	-0.50568622	-0.58230088	0.60486311	-1.65534316	0.98287819	-0.04977643
3L	37774582	37801625	500	0.03576559	0.00314448	-1.08105208	-1.06746494	0.50326275	-2.41944366	0.03258117	-0.02845635
3L	37801629	37819770	500	0.02519496	0.00466969	-0.54947298	-0.50167359	0.46378576	-1.8393429	0.66165025	-0.04407861
3L	37819796	37843148	500	0.03163453	0.00380974	-0.87323552	-0.73252293	0.65429614	-2.59216575	0.82289225	0.03394542
3L	37843205	37864486	500	0.03517296	0.0041825	-0.71200458	-0.60533421	0.83046932	-2.61728049	0.91975713	-0.041984
3L	37864502	37922954	500	0.04393264	0.00143594	-0.09009343	-0.0863733	0.51691112	-1.44874969	1.73118856	0.00089305
3L	37922985	37946136	500	0.0422396	0.00382189	-0.60040017	-0.68818164	0.61323315	-2.34490912	0.93185789	0.00535656
3L	37946149	37964143	500	0.03174043	0.00412795	-0.78216172	-0.78093331	0.44554637	-2.01053684	0.33407891	-0.09914926
3L	37964145	37993154	500	0.02268306	0.00303507	-0.72519672	-0.70622475	0.35645362	-1.86152473	0.24475392	-0.04382925
3L	37993182	38020131	500	0.03350709	0.00336331	-0.629586	-0.58602656	0.39593737	-1.68381711	0.32717639	-0.03470276
3L	38020200	38045497	500	0.03631156	0.00357849	-0.30428727	-0.32849721	0.39094582	-1.33638823	0.59438714	0.00035694
3L	38045498	38071083	500	0.03844294	0.00319088	-0.67961482	-0.64735779	0.42830452	-1.91416918	0.24014012	0.08356761
3L	38071089	38102078	500	0.04196825	0.00276008	-0.33525641	-0.44687457	0.56524117	-1.59133405	1.33579305	-0.0180706
3L	38102087	38122299	500	0.03113442	0.00450957	0.47815597	0.47323166	0.35562177	-0.62651992	1.43504112	0.00185308
3L	38122347	38147997	500	0.052268	0.003075	1.3226821	1.33817348	0.55683333	-0.00159628	2.82167449	-0.0368223
3L	38148145	38173138	500	0.05490906	0.00372654	1.04776268	1.08814176	0.43729853	-0.46614674	1.75523943	0.00902212
3L	38173153	38203156	500	0.05158066	0.00256826	-0.07464945	-0.20305732	0.45595931	-0.9734859	1.14324357	0.00217725
3L	38203173	38235650	500	0.06306055	0.00268403	0.28997446	0.24574849	0.48865016	-0.75062249	1.4450659	0.02026815
3L	38235653	38261956	500	0.0568113	0.00340535	-0.3557481	-0.38998154	0.34819196	-1.09877903	0.51151177	0.08739525
3L	38261986	38285844	500	0.04748735	0.00412646	0.3222263	0.39480639	0.62894941	-1.07164187	1.86185077	0.12018579
3L	38285845	38331178	500	0.05205947	0.00218695	0.01215638	0.02049698	0.4928216	-0.91005727	1.45072017	0.07527646
3L	38331190	38355914	500	0.04193726	0.00376524	0.08728566	0.02814865	0.40712338	-0.74537399	1.18658707	0.0831437
3L	38355920	38374729	500	0.04487828	0.00441564	-0.16815647	-0.29177535	0.46521118	-1.44663827	1.00695094	0.0139968
3L	38374731	38387648	500	0.04174482	0.00616548	-0.21051125	-0.43594846	0.6598414	-1.41293827	1.18183508	-0.0252521
3L	38387680	38408577	500	0.04951597	0.00416086	0.26718518	0.24080385	0.41496531	-0.70984221	1.32277536	0.08789396
3L	38408599	38427793	500	0.02852239	0.00388412	-0.01629943	0.04692825	0.43191817	-0.98554073	0.88230683	-0.08012327
3L	38427831	38457993	500	0.03611911	0.00241266	-0.41296689	-0.4384657	0.38313837	-1.49030568	0.76033377	-0.14695114
3L	38458011	38495134	500	0.05234491	0.00227674	-0.85460571	-0.85266929	0.52015486	-2.74436427	0.22278191	-0.0006405
3L	38495241	38511288	500	0.03369498	0.00496086	-0.55260289	-0.60296463	0.37584114	-1.3342096	0.50903789	-0.08522263
3L	38511323	38541700	500	0.03603673	0.00287949	-0.34343634	-0.3374984	0.26149001	-1.05668284	0.53092564	0.04064068
3L	38541745	38573268	500	0.03497177	0.00267179	-0.14962528	-0.17476575	0.31522435	-1.03001745	0.83206693	0.03859594
3L	38573352	38590373	500	0.03450276	0.0042658	0.01669074	-0.03706892	0.41544359	-0.80496154	1.2744695	-0.0016878
3L	38590397	38605848	500	0.02172878	0.00464588	-0.04012066	-0.05899871	0.31013389	-1.24360046	0.81709575	-0.01602587
3L	38605862	38714793	500	0.02858377	0.00079503	0.05246528	-0.15630501	0.83138022	-2.0943887	2.58467874	0.00962057
3L	38714823	38737896	500	0.02104704	0.00379364	-0.4672931	-0.4412738	0.51071775	-2.12130106	1.099955	-0.02355647
3L	38737901	38757285	500	0.04482088	0.00383805	-0.40853121	-0.38153849	0.72280642	-2.14172872	1.02042929	-0.02320737
3L	38757299	38770333	500	0.02349493	0.00551975	-0.4164636	-0.44943747	0.32047651	-1.16199124	0.44378879	-0.05447683
3L	38770338	38799214	500	0.03608497	0.00270055	0.00813604	-0.0498937	0.72850587	-1.31598906	1.70117818	-0.0736275
3L	38799215	38823756	500	0.0471491	0.00328615	0.10998242	-0.0430504	0.58811465	-1.10799167	1.75061568	-0.01663679
3L	38823763	38843990	500	0.04089498	0.00354555	-0.39378483	-0.39265693	0.30073523	-1.20023548	0.60819518	0.02066712
3L	38844037	38864690	500	0.03570912	0.00368076	-0.20957716	-0.19915942	0.30122696	-0.84710109	0.97220231	-0.03788207
3L	38864694	38886627	500	0.04103376	0.00366301	-0.43739938	-0.49044793	0.43247961	-1.32349925	0.84866132	0.00583034
3L	38886649	38902481	500	0.04563439	0.00464212	-0.49713142	-0.52094009	0.29693995	-1.18880288	0.49094395	-0.01565183
3L	38902497	38927661	500	0.05015138	0.00294168	-0.27506296	-0.27001899	0.41996512	-1.19163786	0.83100063	0.00018239
3L	38927664	38953253	500	0.04960566	0.00293982	-0.59620901	-0.6265324	0.28403443	-1.24834166	0.17850071	-0.02794517
3L	38953256	38980366	500	0.05511544	0.00334262	0.97927796	1.21399211	1.01362119	-0.85149799	2.74446187	0.07553829
3L	38980384	39003826	500	0.05502369	0.00337054	0.52601592	0.54860034	0.59672437	-0.75603208	2.28667246	0.14899907
3L	39003863	39035155	500	0.04337845	0.00260208	0.04137149	-0.03771358	0.46883607	-0.93460921	1.54922879	-0.00299693
3L	39035203	39064608	500	0.05333644	0.00291994	1.00326892	0.99416087	0.8570371	-0.71168602	2.82075565	-0.03106214
3L	39064636	39120281	500	0.04117992	0.00137963	0.2944589	0.26065293	0.45604421	-0.8409818	2.0456533	0.03161393
3L	39120321	39148853	500	0.04281311	0.00299165	0.05229876	0.01645163	0.37123091	-0.72089053	1.10765001	0.18727548
3L	39149331	39168979	500	0.05683262	0.00423962	-0.20986309	-0.25164407	0.42524716	-1.1201076	1.56182382	0.18309874
3L	39168993	39197800	500	0.03645697	0.0025586	-0.48975379	-0.50036567	0.33810814	-1.50387957	0.32373852	-0.07807853
3L	39197837	39225734	500	0.03999262	0.00304332	-0.34413429	-0.33283061	0.31626911	-1.21269589	0.69119333	0.02581636
3L	39225738	39255362	500	0.0315736	0.00279055	-0.58367534	-0.56391969	0.33128898	-1.68946937	0.3541482	-0.02578822
3L	39255392	39275417	500	0.03664844	0.00407689	-0.77060472	-0.72382701	0.38586248	-1.90105004	0.03374979	-0.06657068
3L	39275437	39290518	500	0.03515166	0.00469914	-0.28122291	-0.2708042	0.34591128	-1.29980884	0.65478684	0.0177247
3L	39290520	39309957	500	0.04101764	0.00423606	-0.62727402	-0.672088	0.37450185	-1.36978118	0.22147044	-0.05962606
3L	39309971	39327667	500	0.03017917	0.00459576	-0.39868393	-0.41621306	0.30936062	-1.36754105	0.3671428	-0.00578973
3L	39327760	39350766	500	0.03889415	0.00341268	-0.8175808	-0.77161836	0.41990167	-2.03919112	0.17273637	-0.01029064
3L	39350775	39374138	500	0.0426635	0.00354405	-0.99244427	-0.94716316	0.47496207	-2.55832573	-0.01296658	-0.0020743
3L	39374154	39395339	500	0.05039778	0.00370029	-1.55027985	-1.61727955	0.54604392	-2.60174403	-0.33982872	-0.07830296
3L	39395375	39408268	500	0.05716598	0.00780174	-2.36031239	-2.44815002	0.57485695	-3.90757473	-0.81896787	0.03874556
3L	39408277	39420983	500	0.07382966	0.00757639	-3.35730351	-3.38705363	0.37928189	-4.19181558	-2.27032002	0.02274926
3L	39421148	39442378	500	0.09580235	0.00412631	-3.78580662	-3.8431348	0.72517417	-5.29571121	-1.38563037	-0.10301431
3L	39442398	39460312	500	0.08881064	0.0053719	-3.59542048	-3.62533047	0.57769416	-5.0685139	-2.00904512	0.01848524
3L	39460330	39476605	500	0.0792887	0.00499704	-2.69136953	-2.80059384	0.5817814	-3.9096371	-0.97628117	-0.06847826
3L	39476687	39502459	500	0.09236501	0.00357365	-1.50143899	-1.5281578	0.34552884	-2.45006961	-0.39430481	0.11805378
3L	39502468	39522318	500	0.07841554	0.00477835	-1.01608656	-1.10785135	0.54976332	-1.96134792	0.3340427	0.10640877
3L	39522337	39540160	500	0.07775818	0.00524987	-1.69615042	-1.70464668	0.2992272	-2.17772507	-0.96408265	-0.09104514
3L	39540169	39555689	500	0.08568685	0.0053252	-1.13556858	-1.10372293	0.59875332	-2.36302905	0.13176551	0.00853587
3L	39555720	39588842	500	0.05210321	0.00238131	-1.13074981	-1.0839928	0.8553125	-2.9832621	1.07370139	-0.0211003
3L	39588844	39603033	500	0.05985199	0.00651885	-2.15307277	-2.31238875	0.48415352	-3.48077386	-1.09794544	0.00897224
3L	39603043	39627405	500	0.06781544	0.00376567	-1.37389853	-1.42547129	0.38502666	-2.27783583	-0.45695843	0.1799319
3L	39627409	39654639	500	0.05569721	0.00335459	-1.41509396	-1.27288664	0.6220631	-3.58640278	0.01888363	-0.09833885
3L	39654680	39682781	500	0.04742827	0.00320462	-1.25357022	-1.2831807	0.38423602	-2.50555722	0.0327509	-0.10999632
3L	39682784	39721396	500	0.04058422	0.00279469	-1.05475644	-1.04351518	0.44083415	-2.19349734	-0.07722405	-0.07741774
3L	39721410	39735080	500	0.04671078	0.00503932	-0.73480845	-0.71455432	0.35071781	-1.76903213	0.45669454	-0.14357234
3L	39735154	39757735	500	0.05465075	0.00358441	-0.60182729	-0.55154772	0.43962198	-2.59744744	0.22150776	0.05123838
3L	39757739	39785319	500	0.04164458	0.00317395	0.19039514	0.10691958	0.89821253	-1.31931531	2.382675	-0.04033824
3L	39785331	39815403	500	0.0865387	0.00330465	0.7034302	0.69665477	0.78075253	-0.91128673	2.17920307	0.11542305
3L	39815440	39836481	500	0.0792378	0.00459596	1.7989757	1.81974851	0.6472344	0.0206434	3.43962346	0.28368964
3L	39836503	39869295	500	0.03954163	0.002528	0.8073971	0.90507708	0.64807994	-1.01033616	2.26018966	0.0531335
3L	39869298	39900096	500	0.03798726	0.00223394	0.12912263	0.12135993	0.44265883	-1.04225401	1.12343744	-0.01635003
3L	39900149	39921097	500	0.0339907	0.00336353	-0.70645326	-0.68717229	0.26653805	-1.79904797	0.07897359	-0.09709206
3L	39921208	39937024	500	0.07365312	0.00540423	-0.08796812	-0.10780118	0.37239578	-0.90954972	0.89182028	-0.02314503
3L	39937038	39952629	500	0.05860777	0.00477152	1.54471471	1.41134863	0.60579281	0.29010839	3.8690004	0.00669062
3L	39952755	39974598	500	0.05583266	0.00364262	1.24579808	1.3302042	0.72613925	-0.63218909	2.77069719	0.00508226
3L	39974599	40006081	500	0.04743505	0.00272603	0.40885521	0.36681417	0.58123023	-1.0460316	2.22231784	-0.10888668
3L	40006139	40023751	500	0.07780921	0.00420737	-0.11910057	-0.11614666	0.36056396	-1.11327704	0.99593593	0.04997912
3L	40023768	40044446	500	0.05223747	0.00367828	0.21667146	0.22186202	0.3795175	-0.61323335	1.24257855	0.06981553
3L	40044449	40061070	500	0.08137623	0.00488848	0.56069865	0.59074908	0.38897362	-0.53959385	1.50785665	0.12281651
3L	40061078	40079145	500	0.05849617	0.00484233	1.00667487	0.90715147	0.56043269	-0.16523946	2.5640968	0.06144958
3L	40079146	40101230	500	0.04711555	0.00371825	0.94472607	1.01548779	0.67164737	-0.62831144	2.62264803	-0.04104891
3L	40101534	40144562	500	0.04301458	0.00193946	0.09376153	-0.13910028	0.71807936	-1.13584038	1.93013169	-0.01359463
3L	40144600	40163922	500	0.02717231	0.0045374	-0.3098288	-0.29484747	0.27762216	-1.11007386	0.52495169	-0.08072173
3L	40163945	40182262	500	0.02299442	0.004265	-0.4683393	-0.45497777	0.39049273	-1.59532491	0.53124341	-0.0347651
3L	40182275	40206326	500	0.02778521	0.00335461	-0.53306081	-0.43455991	0.44136196	-1.90996049	0.41335823	-0.05375369
3L	40206327	40225768	500	0.02790094	0.00433983	-0.98403595	-0.84366749	0.60275179	-2.48929705	0.03809585	-0.06589741
3L	40225803	40245216	500	0.03363336	0.00409569	-0.7130084	-0.70558172	0.37070094	-1.62669026	0.40003228	-0.12438426
3L	40245246	40263293	500	0.03616458	0.00379973	0.12476745	0.14498685	0.35443386	-0.71133124	0.96382338	-0.00752277
3L	40263303	40283111	500	0.04185414	0.00344654	0.08661487	0.06066671	0.52189111	-1.10537921	1.48037478	0.02919516
3L	40283112	40304062	500	0.02706638	0.00352498	-0.5572439	-0.54450131	0.41777275	-1.56900177	0.48250513	-0.0402385
3L	40304078	40323478	500	0.0365782	0.00348262	-0.32727068	-0.31275696	0.28345172	-1.22769138	0.4571913	-0.09574553
3L	40323502	40342778	500	0.02585323	0.00355038	-0.24435054	-0.26193951	0.36618577	-1.23698682	0.9260566	-0.04006395
3L	40342790	40361478	500	0.0323542	0.0041402	0.24832476	0.26255475	0.55012953	-1.10433749	1.58413565	-0.09304
3L	40361538	40402257	500	0.03613735	0.00194497	0.32312916	0.0175479	0.85011619	-0.90397571	2.46376441	-0.05511269
3L	40402266	40425031	500	0.0393615	0.00363549	-0.16402119	-0.16108971	0.36694539	-1.04166189	0.89433259	0.0617114
3L	40425113	40448958	500	0.0290902	0.00311129	-0.14734604	-0.10440047	0.39033758	-1.25004665	1.01411892	-0.02334452
3L	40448968	40471517	500	0.02129377	0.003239	-0.43239733	-0.41572761	0.24432686	-1.29693203	0.20977791	-0.03816883
3L	40471537	40490581	500	0.02740277	0.00355067	-0.19481166	-0.18026404	0.32918878	-0.96410537	0.85561566	-0.02510249
3L	40490585	40507582	500	0.01843536	0.00455142	-0.43938863	-0.44728965	0.40618203	-1.50758353	0.95250807	-0.10371251
3L	40507625	40526341	500	0.03219068	0.00337407	-0.33340873	-0.38194817	0.29545207	-1.0443591	0.77323528	-0.04820548
3L	40526343	40549056	500	0.02645495	0.00303541	-0.29978519	-0.32194716	0.33881542	-1.11430293	0.67589073	-0.08715516
3L	40549068	40570697	500	0.05199138	0.00352942	-0.79517185	-0.76322862	0.35756013	-1.88970321	0.18079901	-0.04188426
3L	40570759	40591658	500	0.03679113	0.00403068	-0.38878741	-0.33980542	0.46114641	-1.5999526	0.87503595	-0.08235502
3L	40591664	40611798	500	0.04510647	0.00421685	-0.06717125	-0.0305897	0.29188597	-0.91171003	0.7618392	-0.00570246
3L	40611801	40633094	500	0.03129945	0.00384724	-0.26312669	-0.29417085	0.24676333	-0.8338006	0.51511683	-0.08151967
3L	40633162	40650558	500	0.03269607	0.00410031	0.05179843	0.06286748	0.35946181	-0.95044513	0.90528713	-0.04655972
3L	40650561	40665078	500	0.02354605	0.00512777	-0.33177778	-0.35017597	0.3143339	-1.09530404	0.48148794	-0.01995325
3L	40665148	40680161	500	0.02030778	0.00450946	-0.27753913	-0.29931299	0.26845445	-0.9258177	0.59590842	-0.05380356
3L	40680186	40699829	500	0.03955725	0.00392979	-0.21720124	-0.21990391	0.34777346	-1.13560104	1.089546	-0.00734822
3L	40699832	40720172	500	0.02807186	0.00410867	-0.22918659	-0.23435796	0.38188962	-1.12482306	0.78121588	-0.05245703
3L	40720173	40746286	500	0.03860494	0.00296996	-0.22329133	-0.19662694	0.30153907	-1.11808374	0.48313952	0.03293552
3L	40746310	40772139	500	0.03429503	0.00310216	-0.3260421	-0.27703791	0.28776	-1.16508321	0.56345604	0.04537847
3L	40772160	40804036	500	0.03472594	0.00226735	-0.30267095	-0.27111673	0.30166634	-1.38808795	0.3660032	-0.00015425
3L	40804054	40832733	500	0.03491281	0.0026201	-0.31125353	-0.28335349	0.33017006	-1.28320663	0.39382572	0.02922009
3L	40832743	40875516	500	0.02525909	0.00178549	0.04369311	-0.17807526	0.81431875	-1.28285154	2.73003936	-0.02910468
3L	40875539	40912074	500	0.0411175	0.00215866	0.44117157	0.41543533	0.62132031	-1.09857988	1.98942105	-0.03331882
3L	40912077	40934061	500	0.0647968	0.00380916	0.80650972	0.91756823	0.74806693	-0.96542763	2.36953056	0.00361105
3L	40934099	40956715	500	0.03081546	0.00347452	-0.24746504	-0.2167273	0.3122801	-1.11647724	0.4801376	-0.07963702
3L	40956737	40972242	500	0.03099297	0.00460257	-0.48228693	-0.4857725	0.31257751	-1.25598382	0.33721662	-0.09717934
3L	40972247	40988840	500	0.02955223	0.00427557	-0.25801677	-0.33869342	0.5523469	-1.21306098	1.22976965	-0.11834981
3L	40989082	41028451	500	0.04640338	0.00204007	-0.43546085	-0.42885422	0.32333713	-1.33588255	0.5772652	-0.05859123
3L	41028459	41100688	500	0.04846214	0.00125222	-0.16929129	-0.27342326	0.70705539	-1.91158067	1.42590596	0.07001501
3L	41100695	41133043	500	0.04823157	0.00262904	1.84761466	2.03069657	1.10889367	-0.28569161	3.83607144	0.07515178
3L	41133046	41152831	500	0.0592772	0.00401183	2.61774417	2.62725251	0.54133589	1.15496577	4.18228037	0.04883208
3L	41152836	41168609	500	0.09381297	0.00631062	2.21531718	2.26578776	0.47725938	1.15320711	3.27726081	0.20170083
3L	41168638	41188212	500	0.07049935	0.00428202	2.07336199	2.01560161	0.68332086	0.25156683	3.67961407	0.07481515
3L	41188220	41204181	500	0.09315567	0.00589948	2.35100611	2.37616697	0.2792987	1.54180429	3.1020727	-0.06470049
3L	41204225	41226435	500	0.09878303	0.00441178	2.52031915	2.43596069	0.46348704	1.70988904	4.0142816	0.31215383
3L	41226470	41249157	500	0.10470635	0.00382631	2.3283101	2.23336955	0.62706426	1.19904094	3.90943998	0.23850602
3L	41249165	41267281	500	0.11825134	0.00446114	2.6424668	2.62564164	0.44968423	1.68769056	3.74138641	0.22472901
3L	41267333	41288039	500	0.16121219	0.00359718	2.69917164	2.65318031	0.55488165	1.38607169	4.01763808	0.58174692
3L	41288054	41309151	500	0.09463853	0.00408617	2.70054626	2.69124436	0.36176975	1.85264395	3.61989515	0.01253806
3L	41309205	41329241	500	0.12325652	0.00440326	2.32791978	2.35943125	0.27853135	1.38879147	3.00962925	0.18914566
3L	41329245	41346344	500	0.0960422	0.00520303	2.484019	2.51132183	0.5051038	1.39610481	3.9795882	0.23729664
3L	41346488	41367787	500	0.08164023	0.00487192	3.27266749	3.3671879	0.4303023	1.69383549	4.2010903	0.23102529
3L	41368708	41400220	500	0.08102696	0.00243887	2.75655731	2.75892812	0.57601074	1.5206442	4.65659226	0.08409126
3L	41400225	41421702	500	0.08659002	0.0039541	2.81208194	2.7623273	0.41098907	1.92727891	3.79650201	0.09719501
3L	41421723	41448700	500	0.08139685	0.0028773	2.48174192	2.41437329	0.51484726	1.13638899	3.70738879	-0.00423125
3L	41448789	41471795	500	0.07168554	0.00390558	1.87368049	1.87360517	0.62383902	0.7517027	3.25235747	0.02875878
3L	41471831	41490835	500	0.0604646	0.00400934	2.43274843	2.37761198	0.44315297	1.5328234	3.94161689	-0.02496534
3L	41490838	41516185	500	0.05366584	0.00320166	2.09092587	2.07419111	0.52119323	0.65894539	3.74736419	-0.01060234
3L	41516187	41536782	500	0.0433841	0.00409661	1.89668304	1.93404038	0.3264244	0.23687696	2.57734149	-0.00314654
3L	41536866	41562727	500	0.06370835	0.00343419	2.6564642	2.53914154	0.61292702	1.61333228	3.97010186	0.11064785
3L	41562732	41583646	500	0.0677418	0.00399295	2.5021102	2.48269949	0.58721409	1.17803185	4.19532112	0.11259284
3L	41583812	41607178	500	0.04442042	0.00325558	1.19365775	1.26280983	0.51473487	-0.20535952	2.23761653	-0.08250463
3L	41607191	41641124	500	0.05600491	0.00228167	1.81171681	1.75991463	0.59382134	0.6559723	3.45270923	0.01782444
3L	41641127	41670757	500	0.07182873	0.00283767	2.45221647	2.41689413	0.53379447	0.89619096	3.60575035	-0.05462644
3L	41670810	41698632	500	0.08066554	0.0033584	2.65097912	2.5906417	0.43610905	1.50755877	3.77365182	0.18422085
3L	41698696	41749598	500	0.05449159	0.00184316	nan	nan	nan	nan	nan	0.03547897
3L	41749627	41811478	500	0.08835981	0.0015467	nan	nan	nan	nan	nan	0.13174352
3R	14639	163503	500	0.03668523	0.00085009	nan	nan	nan	nan	nan	0.00833958
3R	163782	240265	500	0.07106986	0.00144393	nan	nan	nan	nan	nan	0.48701752
3R	240273	289139	500	0.06871104	0.00257919	-1.75483487	-1.82254937	0.19682634	-2.13708975	-1.24584937	0.17215667
3R	289366	340808	500	0.04102421	0.00216654	-1.37825644	-1.43466537	0.26644694	-1.97311692	-0.73437411	-0.08689528
3R	340827	386588	500	0.0531232	0.00182493	-1.04947478	-1.10726275	0.27822977	-1.6224509	-0.50136233	-0.31555132
3R	386605	428405	500	0.06455947	0.00223248	-1.05845757	-1.10379794	0.2014031	-1.53302083	-0.64930173	-0.03514566
3R	428418	466015	500	0.07126051	0.00251564	-1.0495101	-1.05648959	0.09504179	-1.29192915	-0.67270229	0.27085528
3R	466034	510126	500	0.03194138	0.00206398	-0.98796327	-0.91862584	0.2254094	-1.71128529	-0.673617	-0.10767777
3R	510202	540887	500	0.07576095	0.00318916	-1.47722139	-1.4016567	0.36933587	-2.49400546	-0.79745608	0.001643
3R	540934	562697	500	0.06246211	0.00400952	-1.8943613	-1.93832146	0.34133216	-2.76266332	-1.09824261	0.05265126
3R	562737	588104	500	0.06227694	0.00351513	-1.42442537	-1.41465995	0.1514204	-1.85571722	-1.11746597	0.07486787
3R	588121	612919	500	0.04150105	0.00382672	-1.23219154	-1.24526037	0.35961957	-2.2235864	-0.27009208	-0.02598192
3R	612923	636802	500	0.02590934	0.00354695	-0.87597333	-0.77713115	0.32780156	-2.12844958	-0.18812149	-0.09356756
3R	636833	665851	500	0.03200921	0.00262746	-0.86003426	-0.86338832	0.29532215	-1.89402507	-0.26959764	-0.16679242
3R	665857	689506	500	0.04610598	0.00425859	-0.28160986	-0.50588312	0.56140468	-1.25274941	0.98214814	0.12947356
3R	689510	709023	500	0.05121879	0.00465211	-0.0622335	-0.05556185	0.19662063	-0.81657811	0.34828035	-0.00182075
3R	709093	729908	500	0.02272537	0.00424508	-0.10096708	-0.10908415	0.21685277	-0.75125965	0.60602132	-0.04607166
3R	729911	749022	500	0.03357172	0.00511233	-0.23455544	-0.31199476	0.46709122	-1.01733313	1.28323135	0.00155793
3R	749037	774491	500	0.03246414	0.00347071	-0.18894452	-0.28618177	0.69437561	-1.32440273	2.11682138	-0.07132664
3R	774530	794320	500	0.03926031	0.00442761	1.49152801	1.52745158	0.44833966	0.48989045	2.96602224	-0.06323241
3R	794408	812545	500	0.04271589	0.00472409	1.23870204	1.34000146	0.68126517	-0.4635249	2.83343899	-0.04088211
3R	812766	829752	500	0.0721762	0.00552301	-0.29421839	-0.1692391	0.35941043	-1.40164599	0.21632043	-0.05961066
3R	829754	846264	500	0.04269918	0.00591382	0.58142395	0.8331699	0.69176175	-1.56752152	1.65319532	-0.02583607
3R	846267	859971	500	0.04250616	0.00627613	0.42267545	0.54736044	0.39407947	-0.87833367	1.01506366	-0.09294773
3R	859975	882158	500	0.05840904	0.00413147	-0.22817109	-0.32134237	0.36067509	-0.94230293	1.16035054	0.10077914
3R	882249	908756	500	0.05892773	0.00377914	0.20543162	0.29609821	0.3776351	-0.69772129	0.97631171	0.08777489
3R	908773	929209	500	0.04994105	0.00456439	0.91123817	0.94694382	0.38365053	-0.0294133	1.76227336	-0.02570239
3R	929210	945222	500	0.03473709	0.00478049	0.12777253	0.07480898	0.47208885	-0.76572601	1.21091189	-0.00897916
3R	945228	973369	500	0.04945733	0.00266546	-0.6564555	-0.60159711	0.3444711	-1.79723305	0.22184311	0.00375771
3R	973592	989846	500	0.03121069	0.00491883	-0.55657444	-0.51932374	0.26093301	-1.39961846	0.14050486	-0.07289444
3R	989869	1008023	500	0.03665222	0.00447446	-1.08699495	-1.05316707	0.40625886	-2.65817653	-0.19992808	-0.11561401
3R	1008039	1027902	500	0.04022261	0.00395433	-0.78533775	-0.87869731	0.64058589	-2.03601156	0.38209717	-0.04965694
3R	1027904	1048214	500	0.04159622	0.00402174	-0.78825251	-0.79272533	0.24854161	-1.81746485	-0.0658715	-0.00538173
3R	1048226	1072059	500	0.03156094	0.00352729	-0.65229128	-0.63692285	0.43862725	-2.0016165	0.24102686	-0.03943585
3R	1072062	1092501	500	0.03218295	0.004111	-0.64217177	-0.64383879	0.40923831	-1.37288144	0.32887691	-0.01523822
3R	1092531	1111855	500	0.03780617	0.00473457	-0.55144941	-0.60081332	0.39705974	-1.66753619	0.56605488	-0.05200257
3R	1111859	1145478	500	0.03354244	0.00277257	-0.44990216	-0.46840299	0.30389377	-1.11885617	1.05039121	-0.02610345
3R	1145479	1173556	500	0.0244368	0.00260851	-0.55588565	-0.52584123	0.36022434	-1.49074981	0.32374354	-0.09924324
3R	1173603	1206966	500	0.0269625	0.00231099	-0.19119581	-0.24603404	0.40299465	-1.07119542	0.94035701	-0.05865054
3R	1206981	1239737	500	0.03220361	0.00266334	-0.55315806	-0.50040881	0.30731968	-1.56325434	0.13724051	0.01519416
3R	1239853	1269408	500	0.02940863	0.00273123	-0.48205483	-0.5030028	0.28935507	-1.32777269	0.53449413	-0.01771753
3R	1269409	1302299	500	0.03078819	0.00254327	-0.12345785	-0.17770203	0.42033654	-0.89658969	1.09315977	-0.03694438
3R	1302302	1328630	500	0.02311279	0.0036169	0.11826677	0.08111847	0.35183182	-0.75791237	1.20921149	-0.01296551
3R	1328639	1347087	500	0.02682565	0.00430792	-0.30334106	-0.36803446	0.28127921	-0.98233404	0.68537517	-0.06323241
3R	1347089	1360973	500	0.03938276	0.00572637	-0.0421381	-0.08509037	0.4207408	-0.91752556	0.97182508	-0.02132712
3R	1361063	1386949	500	0.03075746	0.00338775	0.18767321	0.20169563	0.42348677	-0.68755151	1.29522178	-0.03972753
3R	1387083	1410569	500	0.02960995	0.00332093	-0.27601519	-0.27617571	0.36972379	-1.16477282	0.75683381	-0.07792599
3R	1410594	1431553	500	0.02527093	0.00412118	-0.08778035	-0.20571495	0.51441852	-1.95054343	1.69578415	-0.06738891
3R	1431623	1447513	500	0.0896183	0.00615301	-1.08896813	-0.97152696	0.30360508	-1.92889089	-0.45038095	0.11358893
3R	1447556	1470545	500	0.09196961	0.00388944	-1.06519519	-1.18555912	0.31085202	-1.51627144	-0.39683029	-0.02622499
3R	1470596	1493383	500	0.08584633	0.0043555	-1.9726089	-2.07998573	0.25853435	-2.33395541	-1.25802794	-0.01903011
3R	1493432	1513251	500	0.09078434	0.00507902	-3.13337187	-3.31478865	0.73140183	-4.50520219	-1.24123325	-0.03851218
3R	1513271	1529487	500	0.08212831	0.0061022	-3.12881246	-3.03340508	0.42545189	-4.27524923	-2.20198584	0.01823253
3R	1529522	1547655	500	0.09291527	0.0052962	-2.95418356	-2.84398196	0.52544543	-4.18209227	-1.74533366	-0.02730665
3R	1547671	1566093	500	0.11048276	0.00478159	-2.18574297	-2.27528212	0.29313332	-2.68965215	-1.48417916	0.01485386
3R	1566106	1599296	500	0.10126369	0.00256116	-2.328749	-2.25153715	0.50494967	-3.83625257	-1.41040325	0.06488984
3R	1599324	1623780	500	0.06883325	0.00341689	-3.14591461	-3.1062061	0.49060149	-4.31486051	-2.12465985	-0.0567789
3R	1623797	1644930	500	0.08271674	0.00404606	-3.01587144	-2.97611676	0.35636664	-4.15596657	-2.25081513	0.04484871
3R	1644938	1667071	500	0.09824857	0.00373854	-2.57690599	-2.50048189	0.41806598	-4.08997358	-1.59380295	0.0163852
3R	1667079	1693800	500	0.08396848	0.00297742	-1.73209257	-1.72548491	0.30065437	-3.21666691	-1.19353034	-0.03689576
3R	1693980	1723767	500	0.08058791	0.0026407	-2.36305446	-2.37083021	0.3322394	-3.42995641	-1.59292578	-0.01110603
3R	1723780	1767559	500	0.07976057	0.00190898	-1.19795981	-1.39562791	0.59441337	-2.21664413	0.40281894	0.07879345
3R	1767612	1798632	500	0.0483889	0.00268542	0.07641586	0.05191123	0.28665432	-0.66629698	1.20492354	0.11806142
3R	1798634	1837387	500	0.04729121	0.00214625	0.26248276	0.2484563	0.42382102	-0.79163736	1.56309959	0.02185428
3R	1837414	1868890	500	0.05720562	0.00292108	-0.15359147	-0.0830705	0.56675048	-1.59092151	1.18862477	0.02610801
3R	1868915	1885363	500	0.04795281	0.00482442	0.17451831	0.18346744	0.25762034	-0.52359259	0.80513601	0.01458648
3R	1885375	1900692	500	0.04652467	0.00537517	-0.24665903	-0.358461	0.5198211	-1.23836234	1.21859725	-0.08870615
3R	1900710	1918946	500	0.02724341	0.00453816	-0.64442206	-0.67208484	0.39518795	-1.64485139	0.46263877	-0.11234472
3R	1918948	1939446	500	0.04722282	0.00444141	0.10936088	0.10272997	0.25196684	-0.46203179	0.84913524	0.09963671
3R	1939487	1959056	500	0.03176192	0.00390595	0.88318545	0.83716174	0.49592537	-0.23080788	2.37273236	-0.04111303
3R	1959057	1979833	500	0.06010358	0.00364189	0.54494991	0.63656351	0.47298091	-0.69970414	1.62066593	-0.00257427
3R	1979899	1996691	500	0.04171375	0.00455074	1.35815622	1.35419077	0.37856547	0.33691965	2.68896106	-0.0772454
3R	1996704	2017307	500	0.04174487	0.00355225	1.1800207	1.19413726	0.52085268	-0.21522192	2.34837288	-0.12543404
3R	2017329	2039734	500	0.05749253	0.00376088	1.24582719	1.25465188	0.52298532	-0.04657082	2.52140639	0.10736634
3R	2039737	2054606	500	0.05972356	0.00537164	0.97995122	0.91354684	0.41714042	0.28614689	2.45122235	-0.02228725
3R	2054620	2071959	500	0.05379926	0.00485272	0.55763974	0.54835618	0.32367976	-0.11011043	1.44524714	0.03338795
3R	2072007	2088229	500	0.04964191	0.00520661	0.91954807	0.97563208	0.39628229	-0.04331851	1.82474696	0.04752248
3R	2088242	2104397	500	0.04281525	0.00517288	0.76707494	0.73408288	0.52016433	-0.96404571	2.10476788	0.00781698
3R	2104401	2118347	500	0.04272683	0.00614232	0.57711252	0.79559662	0.71258133	-0.82712715	2.06494555	-0.00534526
3R	2118352	2142755	500	0.03191553	0.00344321	0.34850717	0.37208808	0.48920012	-0.83103195	1.63106832	-0.0564386
3R	2142849	2192967	500	0.04588277	0.00177259	0.76799253	0.62487157	0.80693554	-1.28560721	2.74924534	-0.02347829
3R	2192991	2221418	500	0.05162869	0.00317051	1.33907369	1.44510144	0.64511732	-0.66008922	2.59745073	0.04646513
3R	2221494	2263869	500	0.05314603	0.00255923	0.3127562	0.24249443	0.43423583	-0.37675023	1.9071885	-0.0049442
3R	2263925	2288541	500	0.04932159	0.00377681	1.16483414	1.2665878	0.64756957	-0.38928689	2.26108507	-0.03608148
3R	2288549	2335211	500	0.05505961	0.00213587	-0.0079943	-0.27536362	0.70311268	-1.3833263	1.6034589	0.02605939
3R	2335214	2362621	500	0.07363105	0.00322821	0.00626448	-0.0201665	0.4005194	-0.90975314	1.66541685	0.2157756
3R	2362648	2397304	500	0.04730137	0.0027236	0.38229171	0.4037745	0.40778424	-0.53368076	1.57221636	0.0642457
3R	2397319	2415877	500	0.04758916	0.00447105	0.35394624	0.36676095	0.31439038	-0.62735148	1.62728538	-0.01647788
3R	2415909	2434280	500	0.06372149	0.00501388	0.61463578	0.61141345	0.4599395	-0.22960048	1.65855717	0.07321499
3R	2434286	2455453	500	0.03152428	0.00365345	0.52422166	0.72645081	0.62801408	-0.92430586	1.62617581	-0.10792084
3R	2455461	2475770	500	0.02875077	0.00430093	0.3195281	0.38084689	0.54713976	-0.79998977	2.21659306	-0.04743285
3R	2475797	2496450	500	0.02724397	0.00374797	0.35286905	0.35309326	0.39361897	-0.55750651	1.97416263	-0.10005753
3R	2496524	2515979	500	0.03859801	0.00419472	-0.18309411	-0.23148606	0.36131112	-1.00540581	0.9011688	-0.04650919
3R	2516049	2548024	500	0.03186345	0.00273525	-0.28906228	-0.29742941	0.26835087	-0.96038014	0.51564101	-0.01097234
3R	2548051	2577123	500	0.0424532	0.00344119	0.11002388	0.11144572	0.42115426	-0.72147595	1.21893118	-0.00325486
3R	2577130	2597189	500	0.04696246	0.00481752	0.68842721	0.6712176	0.63893565	-0.73751192	2.28724823	-0.0049442
3R	2597192	2625846	500	0.01745611	0.00360644	-0.3505376	-0.36482104	0.22820992	-1.1568782	0.29288046	-0.03311602
3R	2625898	2653975	500	0.02671645	0.00268193	-0.33799298	-0.30644247	0.36299701	-1.60140068	0.56608743	-0.04223115
3R	2653981	2682183	500	0.02312126	0.00246534	-0.46268908	-0.4414878	0.28782113	-1.29262391	0.34311263	-0.06347548
3R	2682192	2715547	500	0.02627225	0.00214261	-0.26281271	-0.26889372	0.26085064	-1.0715936	0.37178256	-0.02921475
3R	2715583	2744554	500	0.02387503	0.00301517	-0.21237007	-0.24373563	0.34403836	-0.86450209	0.89940724	0.03310842
3R	2744565	2766058	500	0.0411665	0.00348629	-0.26678408	-0.29521047	0.36565445	-1.16229437	1.14417941	0.01011399
3R	2766088	2788948	500	0.06975787	0.00400622	0.75860954	0.76369102	0.67969685	-0.53050556	2.37596262	0.19995174
3R	2788990	2811502	500	0.05290368	0.00432783	0.54672616	0.66696625	0.48299201	-0.86989618	1.54270851	0.02727474
3R	2811544	2832065	500	0.03792872	0.00466917	-1.01960879	-1.13606353	0.51183754	-1.92964148	-0.00202408	-0.07462024
3R	2832074	2852989	500	0.04420361	0.00480972	-0.34611741	-0.32774158	0.305276	-1.4752749	0.38923079	0.07027384
3R	2853049	2871716	500	0.04472932	0.00481295	0.29702554	0.36422387	0.38846709	-0.90118681	1.05724785	-0.01258875
3R	2871726	2902809	500	0.03581623	0.00237455	0.29798614	0.17774883	0.59196704	-0.99665018	1.93568454	-0.01375549
3R	2902815	2922742	500	0.05845391	0.00424509	1.09530587	1.03344649	0.56804419	-0.1926114	2.99025846	0.00854619
3R	2923209	2959202	500	0.04899653	0.00237508	0.37900551	0.44252279	0.73029105	-1.11493139	2.20535118	0.05974891
3R	2959211	2993832	500	0.03395874	0.00233793	0.0512306	0.02071746	0.44807581	-0.94517468	1.40540582	0.03745938
3R	2993839	3018722	500	0.02887099	0.00312432	0.33006792	0.22761515	0.5557957	-0.79783306	2.03495151	-0.05267101
3R	3018725	3080897	500	0.05542675	0.00141946	0.53265867	0.37962376	0.63962914	-0.70852943	2.63660693	0.10286954
3R	3080935	3124615	500	0.03112432	0.00174173	0.12607216	0.13477522	0.4034317	-0.92185913	1.56176619	-0.00084847
3R	3124619	3159121	500	0.02327608	0.00232224	-0.30123468	-0.30740128	0.32390477	-1.03290326	0.63821656	0.01478094
3R	3159158	3199571	500	0.02700308	0.00188963	-0.42286858	-0.4266743	0.24300953	-1.03855305	0.44240079	-0.04306974
3R	3199581	3239996	500	0.02470429	0.00219992	-0.05146125	-0.11661335	0.54034695	-1.13752614	2.00420545	-0.01622265
3R	3239998	3277404	500	0.03477828	0.00309411	0.88591243	0.94071807	0.43317295	-0.22484706	1.9011772	0.13708166
3R	3277436	3308146	500	0.02667697	0.00289115	-0.10522933	-0.13474011	0.2911215	-0.93728431	0.84844738	-0.09061425
3R	3308155	3327804	500	0.03919952	0.00445248	-0.08656731	-0.09388045	0.3511005	-0.95986716	0.88581225	-0.00453098
3R	3327810	3342062	500	0.04343492	0.00597589	-0.08139607	-0.19962283	0.40492671	-0.80755956	1.08516812	-0.02012393
3R	3342096	3362578	500	0.04390828	0.00410319	-0.23470497	-0.25374639	0.35496216	-1.28103332	0.68397633	-0.0706582
3R	3362605	3389103	500	0.02850779	0.00308245	-0.42222302	-0.42540657	0.33094064	-1.18219806	0.46268347	-0.00839579
3R	3389115	3440453	500	0.03290117	0.0014207	-0.2126135	-0.28751159	0.38333573	-1.01365188	0.9893051	-0.07039082
3R	3440462	3459611	500	0.03425467	0.00476485	0.23157136	0.24134266	0.41567208	-0.61951957	1.59349266	-0.04610812
3R	3459752	3487625	500	0.0336126	0.00261494	-0.08763763	-0.16612479	0.53577613	-1.24612493	1.31131683	-0.07054882
3R	3487635	3505746	500	0.03213139	0.00388468	-0.10115634	-0.20442255	0.4596976	-0.99566495	1.09685512	-0.04021367
3R	3505788	3526107	500	0.02787886	0.00335867	-0.47222593	-0.50307375	0.29028793	-1.44535096	0.26411125	-0.09462491
3R	3526125	3546818	500	0.02861254	0.00354931	-0.29849601	-0.30522685	0.26985379	-1.19910839	0.29977449	0.01557092
3R	3546819	3568447	500	0.03657976	0.00340399	-0.4806168	-0.47406559	0.22320696	-1.09466462	0.05078657	-0.0299318
3R	3568552	3583601	500	0.02169525	0.00522209	-0.60121705	-0.6092667	0.2228194	-1.31998567	-0.02846177	-0.02878938
3R	3583648	3604037	500	0.01605955	0.00386369	-0.45063972	-0.46691059	0.25889587	-1.18290663	0.35879595	-0.04841729
3R	3604038	3623422	500	0.02668958	0.00391698	-0.71025158	-0.72571758	0.38509588	-1.53700298	0.8860645	-0.03241112
3R	3623423	3646207	500	0.03845969	0.00350752	-0.39927322	-0.41862524	0.25731969	-1.06114154	0.43277669	0.01386943
3R	3646209	3672190	500	0.03341937	0.00352566	-0.77321486	-0.77880665	0.3135074	-1.82356329	0.01056942	-0.02256678
3R	3672248	3690498	500	0.03521688	0.0043449	-1.01095196	-1.01483787	0.2298093	-1.81501747	-0.27954599	-0.14264341
3R	3690623	3708057	500	0.03610918	0.00427276	-0.5306122	-0.41817057	0.49056731	-1.78679987	0.62917692	-0.05047123
3R	3708128	3724671	500	0.02415398	0.00436284	-0.24712871	-0.27413766	0.32516749	-0.90301355	0.62812258	-0.06049787
3R	3724875	3742908	500	0.02320837	0.00360427	-0.59550881	-0.60441791	0.21078212	-1.19312192	0.16636307	-0.06958869
3R	3742953	3763344	500	0.01653232	0.003431	-0.55565971	-0.55955528	0.21876497	-1.09756071	0.22263392	-0.10496754
3R	3763410	3786886	500	0.0316575	0.00310282	-0.32586647	-0.32284621	0.29454887	-1.27753226	0.61965884	-0.01371903
3R	3786901	3814960	500	0.03096204	0.00260596	-0.19245834	-0.21462076	0.31948279	-0.90914482	0.72359052	-0.01281967
3R	3815165	3836353	500	0.02120549	0.00398208	-0.33565083	-0.34049957	0.39097948	-1.2650122	0.81562271	-0.05866269
3R	3836358	3852522	500	0.01863337	0.0050382	-0.59290209	-0.56161131	0.21414283	-1.16336188	-0.11004645	-0.01506807
3R	3852639	3872214	500	0.02781398	0.00405777	-0.39546772	-0.40474834	0.24536172	-0.94864492	0.32575723	-0.06625863
3R	3872259	3899237	500	0.02216864	0.00294379	-0.6266104	-0.65325997	0.29046538	-1.39030183	0.16955935	-0.04963264
3R	3899246	3934042	500	0.03676803	0.00232062	0.11136901	0.01570365	0.46509236	-0.74048116	1.61903845	0.06221607
3R	3934839	3956194	500	0.05414211	0.003662	0.6585491	0.63120781	0.43910899	-0.38791057	1.86091736	0.03015512
3R	3956208	3983347	500	0.04554416	0.00260259	0.31350174	0.2808161	0.38179255	-0.73677732	1.68860136	-0.01582159
3R	3983397	4009740	500	0.02770507	0.00302403	0.45696335	0.34917084	0.51316005	-0.58606032	1.80212161	0.03522313
3R	4009746	4035544	500	0.03585182	0.00307546	0.72215461	0.66806702	0.30517309	-0.02454068	1.59701235	0.02609585
3R	4035548	4051613	500	0.03985488	0.00507893	1.01105168	0.99362369	0.38155629	0.04644116	2.07594857	-0.03718745
3R	4051616	4065659	500	0.05955852	0.00545767	1.47512303	1.49692371	0.29006592	0.77827247	2.4419569	-0.07916565
3R	4065844	4083657	500	0.0349134	0.00434465	1.61902955	1.62961825	0.33458017	0.73396122	2.4145176	-0.03040579
3R	4083692	4098472	500	0.03652371	0.00488118	1.7052804	1.72418587	0.45148097	0.70997589	3.03323519	0.00651656
3R	4098480	4114346	500	0.05208842	0.00464655	1.00512825	1.00571152	0.32874957	0.02763365	1.85687429	-0.01238214
3R	4114376	4129939	500	0.04708964	0.00445824	0.53045959	0.51702419	0.36812178	-0.177775	1.58114135	0.0009624
3R	4129950	4144819	500	0.05213976	0.00492174	0.10009086	0.05547649	0.36087924	-0.6707629	1.18057012	-0.04895204
3R	4144851	4168302	500	0.04493449	0.0037572	0.79377966	0.70427732	0.73299047	-0.58211713	2.76902797	-0.01255229
3R	4168316	4184613	500	0.05031219	0.00520919	1.25762117	1.22862172	0.42318036	0.3950002	2.46614162	0.0135899
3R	4184663	4203309	500	0.03925213	0.00520255	1.41132646	1.41191581	0.54357813	-0.08963113	2.50202303	0.0165432
3R	4203319	4246449	500	0.03667541	0.0020287	0.41600019	0.42192425	0.58565096	-0.94013135	1.97745792	0.0321726
3R	4246464	4270352	500	0.03769116	0.00356574	-0.12661643	-0.09343939	0.37755124	-0.96232549	0.71597724	0.05681991
3R	4270367	4284156	500	0.0409623	0.00517272	-0.59076262	-0.57423648	0.29265349	-1.36299475	0.23907221	-0.04608381
3R	4284173	4309136	500	0.0425741	0.00331758	-0.04939883	-0.19220519	0.69522718	-1.60968591	1.91109698	-0.03779512
3R	4309910	4333990	500	0.04297676	0.00396973	1.23056246	1.20079025	0.74788274	-0.3525485	2.73192425	0.02768796
3R	4333991	4361278	500	0.05191059	0.0031731	-0.01712523	-0.05244733	0.36006879	-0.85721926	0.94258782	0.01112273
3R	4361279	4380252	500	0.05458785	0.00465097	0.98672164	1.06289904	0.54324576	-0.82050929	2.3295243	0.1268241
3R	4380283	4414431	500	0.04941722	0.00238539	0.20194319	0.23093398	0.38398504	-0.70875919	1.1620923	0.09136017
3R	4414471	4432830	500	0.02481704	0.00450041	-0.60167095	-0.60603555	0.29946583	-1.36476328	0.07463144	-0.12655217
3R	4432832	4453613	500	0.02504322	0.00374383	-0.50447206	-0.54384239	0.25410129	-1.12559561	0.34493907	-0.07205585
3R	4453616	4471916	500	0.03782653	0.00410456	-0.23747736	-0.27362495	0.30102579	-0.94325084	0.62696824	0.01510908
3R	4471945	4502991	500	0.03830215	0.00236154	-0.26708609	-0.25104634	0.261326	-0.97073738	0.4744266	-0.03418553
3R	4502993	4527089	500	0.0433029	0.00300971	0.13747045	0.05899582	0.49748777	-0.88942848	1.44851912	0.00550781
3R	4527104	4549116	500	0.03973728	0.00293582	-0.08042445	-0.04920118	0.33002562	-1.01915041	0.64979428	-0.028364
3R	4549124	4567721	500	0.03756321	0.00383207	-0.21615648	-0.20313053	0.35067493	-1.10471174	1.09845701	0.05472951
3R	4567793	4582083	500	0.0285542	0.00492102	-0.28819368	-0.34539114	0.33267356	-1.2071916	0.74562235	-0.06413177
3R	4582690	4595855	500	0.0267659	0.00512974	-0.76666258	-0.76015641	0.23898405	-1.31073549	-0.10939329	-0.13960503
3R	4595908	4614141	500	0.02273439	0.00391556	-0.65313715	-0.68024087	0.30767796	-1.70200003	0.14733161	-0.07226246
3R	4614144	4640731	500	0.02860826	0.00282428	-0.59311873	-0.59426179	0.30523492	-1.9742067	0.14725667	0.01716303
3R	4640779	4666974	500	0.03491024	0.00300105	-0.56306409	-0.47762153	0.38150166	-1.62440803	0.25717991	-0.04351942
3R	4666979	4693235	500	0.04250582	0.00266388	-0.55245832	-0.55262227	0.25834051	-1.24911651	0.18073522	-0.00903993
3R	4693238	4733901	500	0.02536554	0.00204722	-0.62180848	-0.59300318	0.30102652	-1.63812704	0.2386557	-0.06678123
3R	4733903	4765682	500	0.02405487	0.00244788	-0.71506319	-0.67703284	0.37300187	-1.60774946	0.25827892	-0.04006783
3R	4765736	4788481	500	0.01968875	0.00387917	-0.72721592	-0.70122004	0.25729136	-1.42083367	-0.17188894	-0.06204136
3R	4788748	4810730	500	0.02343759	0.00401873	-0.28244642	-0.28967196	0.34266122	-1.54256347	0.69021269	0.00085302
3R	4810745	4832942	500	0.00894825	0.00336294	-0.39144856	-0.40950752	0.26262457	-1.20217108	0.36105298	-0.05996312
3R	4832984	4848407	500	0.0177077	0.0053313	-0.45481043	-0.44528633	0.39811254	-1.56257924	0.69184403	-0.05767826
3R	4848414	4868122	500	0.01854159	0.00406293	-0.6140371	-0.61480455	0.21541287	-1.23956808	-0.09100878	-0.10355774
3R	4868132	4882827	500	0.02435412	0.00490482	-0.51400414	-0.52219581	0.25282196	-1.11710885	0.37540227	-0.06132431
3R	4882830	4900963	500	0.02661161	0.0042442	-0.2719574	-0.32935759	0.35233714	-0.97300778	0.58321997	-0.05849254
3R	4900968	4916209	500	0.03151888	0.00472846	-0.44566008	-0.4304331	0.36355092	-1.2529073	0.5841446	-0.1341238
3R	4916291	4939178	500	0.02552907	0.00332404	-0.62013371	-0.62343228	0.25932819	-1.41403428	0.03157641	-0.09704346
3R	4939190	4962196	500	0.02678031	0.00301878	-0.81573918	-0.78496783	0.31202759	-1.78451808	0.05517885	-0.13988456
3R	4962200	4983103	500	0.02361784	0.00376271	-0.21969526	-0.20175106	0.27332866	-0.92545857	0.45391187	-0.00211243
3R	4983131	5005190	500	0.02447376	0.00363421	0.10589986	0.11351627	0.35300525	-1.06766091	1.00646731	-0.06105693
3R	5005220	5025373	500	0.04316879	0.00377512	0.20556273	0.04953368	0.56542309	-0.71653921	2.05822316	-0.08292109
3R	5025389	5042210	500	0.01949503	0.00404675	-0.2716721	-0.2807969	0.22265046	-0.88861501	0.3257578	-0.08024731
3R	5042279	5069355	500	0.02122905	0.00314446	0.26174151	0.32165623	0.43090588	-0.70406302	1.14285153	-0.01957702
3R	5069443	5093490	500	0.0256543	0.00326002	-0.33723217	-0.41232029	0.37976319	-0.99792905	1.44470071	-0.02449919
3R	5093536	5113232	500	0.02778412	0.00378655	0.05197711	0.08102191	0.33631044	-1.06049291	0.94284132	-0.05564862
3R	5113425	5132598	500	0.02943988	0.00437063	-0.37721779	-0.41372975	0.24023255	-1.00117647	0.4292868	-0.00635401
3R	5132638	5150184	500	0.02461005	0.00429749	-0.33715286	-0.39320529	0.26463529	-1.07875281	0.581994	-0.05759318
3R	5150261	5166833	500	0.02710729	0.0047583	-0.37186508	-0.38344549	0.25778332	-0.92253303	0.40799948	-0.06809381
3R	5166903	5180244	500	0.02407645	0.00575668	-0.52746311	-0.54484771	0.23943369	-1.21238849	0.0666	-0.1551129
3R	5180252	5207280	500	0.03200015	0.00297074	-0.57688365	-0.58936727	0.29663833	-1.61825343	0.31227053	-0.08225264
3R	5207282	5224263	500	0.03582809	0.00500821	-0.82729572	-0.78084405	0.3737148	-2.02184115	-0.03911988	-0.06565096
3R	5224268	5245002	500	0.05826191	0.00428717	-0.77876295	-0.80838464	0.38969916	-1.81377001	0.03059535	-0.06726737
3R	5245004	5274648	500	0.03186343	0.00302764	-0.30715927	-0.40322464	0.42485838	-1.00812012	0.86694446	0.01882806
3R	5274682	5301188	500	0.0399969	0.00355665	0.2273504	0.19046782	0.36939767	-0.58095149	1.29871326	-0.02376998
3R	5301200	5328775	500	0.03020012	0.00303042	-0.16390244	-0.24816328	0.37618713	-0.80109537	1.13227797	0.05336832
3R	5328785	5347543	500	0.01702009	0.00408857	-0.07392772	-0.08467236	0.25644505	-0.63073682	0.63808198	-0.00645123
3R	5347549	5362782	500	0.01991625	0.00488147	0.02058425	0.00059364	0.33181214	-0.69416013	1.05120785	-0.0581887
3R	5362800	5378759	500	0.02262999	0.00503881	0.11059558	0.04081532	0.38922697	-0.72475452	1.40340298	-0.12489929
3R	5378783	5397624	500	0.02670682	0.00393008	-0.40751834	-0.42976724	0.27052766	-1.0685237	0.39486912	-0.0351335
3R	5397648	5416857	500	0.04939813	0.0038232	-0.22333294	-0.22853094	0.30827462	-1.21048688	0.87991773	-0.06828827
3R	5416864	5439252	500	0.03135761	0.00323655	-0.17901175	-0.17702136	0.3265218	-1.01298098	0.68787582	-0.00942884
3R	5439255	5459135	500	0.04149368	0.0038411	-0.24363881	-0.2929505	0.40091922	-1.10172995	0.78305078	0.00976154
3R	5459174	5482494	500	0.04278155	0.00347297	0.13655838	0.13810193	0.35620577	-0.93664799	1.24319756	-0.03532796
3R	5482553	5503552	500	0.06583105	0.00366673	0.10041585	0.0910499	0.3435799	-0.824608	0.91405081	0.12961941
3R	5503589	5529789	500	0.02822008	0.00296861	-0.21884099	-0.19273626	0.24633352	-0.80890294	0.47047924	-0.06567526
3R	5529832	5549821	500	0.04073646	0.00359545	-0.26042586	-0.25611202	0.29927539	-1.19040289	0.62620099	-0.05833455
3R	5549883	5578581	500	0.02813516	0.00255142	-0.57897289	-0.56452353	0.45113156	-1.62061287	0.81121405	0.01919266
3R	5578586	5602176	500	0.02563526	0.00326827	-0.21200083	-0.23078766	0.31072501	-0.974195	0.74242067	-0.10860144
3R	5602184	5623436	500	0.03372541	0.0037168	-0.40181127	-0.41841284	0.31333677	-1.22297334	0.5028557	-0.04743285
3R	5623439	5644963	500	0.03203432	0.00406211	0.22843234	0.23851408	0.54436291	-1.20328848	1.48263215	-0.06960084
3R	5644978	5669548	500	0.04853788	0.00364703	0.28663468	0.28998473	0.40813978	-0.7054366	1.27426577	0.06583781
3R	5669867	5690044	500	0.04309914	0.00426036	0.12246383	0.10189412	0.38748052	-0.73815339	1.04656044	-0.04368957
3R	5690066	5705415	500	0.03706648	0.00442109	-0.26946516	-0.28930329	0.33316168	-1.2007361	0.63213387	-0.02232371
3R	5705435	5720573	500	0.03622851	0.00522281	-0.31952883	-0.31619064	0.29539571	-1.0235338	0.53491784	-0.04607166
3R	5720585	5734799	500	0.04251238	0.00532206	0.10288401	0.12493484	0.47844837	-1.27007341	1.0605727	0.03551482
3R	5734803	5751326	500	0.02237894	0.0044528	-0.52900332	-0.50242364	0.28209589	-1.39187693	0.14652586	-0.11324408
3R	5751449	5766828	500	0.04639115	0.00505592	-0.32689438	-0.38919183	0.29927295	-0.96260726	0.57159452	-0.03182775
3R	5766879	5780767	500	0.04447114	0.0051669	0.21618907	0.25822739	0.39977447	-1.04759533	0.99828344	-0.01966209
3R	5780792	5805395	500	0.0522729	0.00319872	0.12458505	0.1007977	0.36804835	-0.87648198	1.23469788	0.08473651
3R	5805404	5835880	500	0.05088853	0.00310281	-0.03699189	-0.16050468	0.62706795	-1.59746474	1.35419806	0.09685356
3R	5835993	5873364	500	0.04703392	0.00234121	-0.6469554	-0.59852238	0.42174622	-1.91690809	0.25825872	-0.04421217
3R	5873408	5887139	500	0.04435539	0.0071606	-0.08452437	-0.08025372	0.22895731	-0.69701709	0.58746762	0.0032108
3R	5887148	5928540	500	0.04490283	0.00213987	0.05584544	0.03022039	0.53051058	-1.06930076	1.52659965	-0.00556403
3R	5928855	5961598	500	0.03128021	0.00234793	-0.02393842	0.08015141	0.52002519	-1.15639509	1.28150283	-0.08710189
3R	5961612	5995568	500	0.03111942	0.00232334	-0.30807849	-0.3489531	0.30416712	-0.97511739	0.51524777	-0.02363629
3R	5995592	6033355	500	0.03060244	0.00215553	-0.39372048	-0.46388034	0.36450873	-1.2271993	0.67883663	0.05155744
3R	6033357	6058179	500	0.03613613	0.0030473	-0.47898775	-0.49847937	0.22998572	-1.04996543	0.12502093	-0.03334694
3R	6058181	6081214	500	0.04760618	0.0036585	-0.92791347	-1.10109433	0.40269469	-1.86620566	0.37078693	-0.00015572
3R	6081304	6102187	500	0.05744464	0.00427555	-1.28914142	-1.19483903	0.41769586	-2.38732223	-0.27187653	0.0689005
3R	6102203	6140144	500	0.04684632	0.0023801	-1.02086924	-1.02567722	0.26429648	-1.84700201	-0.39378585	0.02710459
3R	6140147	6159743	500	0.0513177	0.00397395	-0.40635823	-0.5515377	0.46181501	-1.43017862	0.67935593	0.03653571
3R	6159746	6175838	500	0.04742572	0.00489386	-0.01332789	0.02267744	0.40709541	-1.11027477	0.79302138	-0.0212299
3R	6175880	6202272	500	0.04038326	0.00298917	-0.42982603	-0.39152204	0.47623534	-1.48620935	1.19459923	-0.04009213
3R	6202301	6225064	500	0.0567444	0.00415752	0.16880578	0.19356791	0.49546349	-0.92902942	1.30403076	0.05872801
3R	6225073	6254862	500	0.06293001	0.00304666	-0.04517732	-0.06228645	0.47308482	-0.96759056	1.11896523	0.16961659
3R	6254868	6274458	500	0.04731417	0.00474851	-0.12394168	-0.15434127	0.40704748	-1.05613058	1.18308561	0.05448644
3R	6274528	6296638	500	0.04214143	0.00378369	-0.04012933	-0.07637597	0.33937126	-0.68355843	1.10848619	0.00141208
3R	6296660	6330954	500	0.05136645	0.00248826	0.85461212	0.71691845	0.7331482	-0.67346546	2.61486391	0.01801377
3R	6331149	6347632	500	0.03776939	0.00491242	0.20501547	0.15047491	0.40041778	-0.65950293	1.26050466	0.0123867
3R	6347704	6363988	500	0.03643508	0.0051514	0.15110461	0.13225115	0.29524138	-0.51846	1.05162513	-0.04343435
3R	6364047	6392360	500	0.03533383	0.00326192	-0.19531412	-0.30613349	0.43118061	-1.12927447	1.33653295	-0.01024313
3R	6392387	6422555	500	0.03674262	0.00320834	-0.32581099	-0.2973443	0.32166423	-1.04388487	0.67834664	0.07463695
3R	6422636	6455519	500	0.01978471	0.00267687	-0.48445876	-0.56238087	0.47555255	-1.4341042	0.74511962	-0.00855379
3R	6455540	6515759	500	0.02822455	0.00152935	-0.49794249	-0.49075834	0.31662428	-1.66983912	0.24250273	-0.07103496
3R	6515775	6549060	500	0.02413448	0.0024847	-0.62963269	-0.65376177	0.28471955	-1.36323915	0.25070746	-0.03367508
3R	6549061	6575460	500	0.02167422	0.00321364	-0.37628425	-0.40333137	0.31560724	-1.21837878	0.48525089	-0.06086247
3R	6576333	6595465	500	0.02971995	0.00444317	-0.47428522	-0.50630414	0.30203133	-1.11878971	0.42333104	-0.01877489
3R	6595466	6609879	500	0.01273158	0.00517058	-0.26668639	-0.31575745	0.27410536	-0.81124049	0.4807885	-0.07104711
3R	6609890	6627531	500	0.01601548	0.0040388	-0.44842576	-0.43479651	0.21189148	-1.04672347	0.07060635	-0.10308375
3R	6627546	6649965	500	0.01979948	0.00352091	-0.26461759	-0.31336597	0.33538677	-1.05999105	0.62295664	0.01813531
3R	6649993	6673038	500	0.02840148	0.00354381	-0.3491598	-0.35729764	0.28896446	-1.00755243	0.35655179	0.09932072
3R	6673044	6698494	500	0.03077283	0.00312564	-0.37549056	-0.43405903	0.40169605	-1.42779779	0.94659282	-0.00646339
3R	6698499	6715198	500	0.05298375	0.00460666	-0.57951122	-0.60782795	0.24845873	-1.29381612	0.10281451	-0.0772454
3R	6715232	6730437	500	0.0314491	0.00501254	-0.32893735	-0.33612522	0.30023284	-1.0509775	0.62021765	0.04667174
3R	6730475	6746206	500	0.02433187	0.00476219	-0.47574017	-0.48176657	0.28075815	-1.19654686	0.36709634	-0.04756654
3R	6746238	6763075	500	0.02133128	0.00374046	-0.62129593	-0.64961792	0.3301144	-1.61155288	0.27422866	-0.10806669
3R	6763082	6776289	500	0.01313503	0.00476728	-0.48908445	-0.47276112	0.22208442	-1.25160321	0.14368269	-0.12307627
3R	6776307	6792491	500	0.02698448	0.00484129	-0.44304828	-0.48401854	0.26828823	-1.11746192	0.42961742	-0.07051236
3R	6792493	6809047	500	0.04251632	0.00414761	-0.75046183	-0.7680987	0.28887891	-1.49737038	0.37103605	-0.00615955
3R	6809062	6827806	500	0.05544833	0.00392998	-0.74204402	-0.80682632	0.33747001	-1.60185351	0.22041306	0.06704101
3R	6827885	6852843	500	0.05306353	0.00309851	-0.96672839	-0.94764345	0.27591659	-1.64776802	-0.07973557	-0.07110788
3R	6852845	6867686	500	0.05913292	0.00517303	-0.83401136	-0.85034955	0.23602556	-1.35708412	-0.06975413	0.00809651
3R	6867705	6885174	500	0.0891505	0.0046226	-0.6571071	-0.66855279	0.2776486	-1.3467641	0.02231862	-0.02877722
3R	6885183	6906515	500	0.06140006	0.00362373	-0.46813266	-0.36768652	0.51965873	-1.66250299	0.62886156	0.02861163
3R	6906527	6940400	500	0.12584615	0.00307799	-0.09440795	-0.09340226	0.32565643	-1.06583651	0.76589711	0.52756161
3R	6940422	6961346	500	0.07660671	0.00393211	0.16866574	0.05246634	0.30410779	-0.38299325	0.93928178	0.0888444
3R	6961603	6992903	500	0.07543561	0.00286173	0.46427522	0.48250262	0.38822713	-0.25954566	1.36750316	-0.0554177
3R	6992970	7012168	500	0.06176994	0.00402625	0.39912662	0.27283684	0.6770943	-0.96064172	2.00043656	-0.04461324
3R	7012169	7027840	500	0.04954464	0.00453169	-0.17989743	-0.15998219	0.29116889	-0.96777526	0.75678418	-0.0288866
3R	7027848	7080155	500	0.04574719	0.00157094	-0.13795779	-0.19853974	0.48086713	-1.25000064	1.23854368	-0.03608148
3R	7080351	7101970	500	0.04252647	0.0040163	-0.06159739	-0.09965004	0.4644852	-1.00397321	1.41089923	0.02167198
3R	7101979	7118275	500	0.03490105	0.00443682	-0.23218393	-0.23857278	0.3428887	-0.9117876	0.76637505	0.0406436
3R	7118284	7137724	500	0.05907899	0.0039825	-0.18178315	-0.23768359	0.32685832	-0.99766254	0.7540449	0.14684092
3R	7137829	7159127	500	0.03778414	0.00368852	-0.43090174	-0.45009266	0.35819499	-1.22367777	0.59403391	-0.00264719
3R	7159130	7180905	500	0.03704675	0.00412249	-0.40677127	-0.39849503	0.31631321	-1.08535728	0.4593099	-0.01379195
3R	7180906	7211117	500	0.03115823	0.00274514	-0.60212114	-0.58105137	0.30295191	-1.65048538	0.51399546	0.0052769
3R	7211122	7231306	500	0.02286361	0.00329155	-0.54430734	-0.56812231	0.24319329	-1.3208207	0.16145627	-0.08702897
3R	7231326	7251071	500	0.02276281	0.00344351	-0.72784061	-0.72109411	0.22922386	-1.40767065	-0.03805544	-0.10953726
3R	7251081	7269497	500	0.02867248	0.00393342	-0.51070693	-0.53616042	0.26196237	-1.20190602	0.11844017	0.00513106
3R	7269501	7287608	500	0.03387005	0.00386014	-0.48328232	-0.52414175	0.28121504	-1.10894115	0.39404997	-0.08509656
3R	7287788	7306546	500	0.03978638	0.00379934	-0.68112327	-0.64115249	0.33417289	-1.71293373	0.11269824	-0.01570005
3R	7306574	7331985	500	0.02956134	0.00282807	-0.5539253	-0.47421012	0.37794772	-1.38430985	0.38032003	-0.04305759
3R	7331986	7354791	500	0.02772597	0.00337244	-0.48157887	-0.50023425	0.39530338	-1.58437559	0.66642342	0.00829097
3R	7354799	7375981	500	0.02993591	0.00319395	-0.3580602	-0.39791338	0.34172358	-1.27946362	0.46008915	-0.06004819
3R	7376053	7397657	500	0.02513112	0.00348889	-0.27177133	-0.2883769	0.27762577	-0.92218239	0.42539949	-0.07094988
3R	7397749	7438414	500	0.02780748	0.00184136	-0.16009043	-0.07477912	0.33547354	-1.30295428	0.60080295	0.0351016
3R	7438476	7465662	500	0.04263326	0.00261485	-0.42186056	-0.4453807	0.33436181	-1.25089325	0.67365579	-0.0269542
3R	7465720	7482528	500	0.01911049	0.00465629	-0.34986546	-0.39680323	0.29855212	-1.19380928	0.34281041	0.0443018
3R	7482533	7505315	500	0.03086052	0.00353169	-0.36519873	-0.39079569	0.28659585	-1.22333668	0.5063555	-0.04035951
3R	7505343	7529879	500	0.03681123	0.0036367	-0.28946222	-0.3114454	0.32917009	-0.93741149	0.79208687	-0.00072693
3R	7529884	7554337	500	0.02325655	0.00342306	-0.50655231	-0.51897187	0.25134083	-1.21255959	0.21819413	-0.04620535
3R	7554376	7583361	500	0.02978978	0.00302489	-0.41110379	-0.41697041	0.31487937	-1.41401277	0.71258549	-0.04319128
3R	7583772	7619227	500	0.04693202	0.00230983	-0.41938535	-0.50419478	0.43943827	-1.60054593	0.97248595	0.00767114
3R	7619969	7639416	500	0.0417762	0.00365555	-0.21236409	-0.21101141	0.30049676	-1.11553045	0.73671828	0.02356792
3R	7639604	7659452	500	0.02417406	0.00368668	-0.41218654	-0.39260338	0.26673237	-1.20636239	0.54351656	-0.02180111
3R	7659453	7676476	500	0.02193393	0.00399473	-0.31645408	-0.31985373	0.28918922	-1.22698171	0.54675478	-0.02434119
3R	7676491	7695109	500	0.00926251	0.00347008	-0.507533	-0.54363747	0.27155881	-1.14651148	0.43331033	-0.10941573
3R	7695120	7710209	500	0.02028929	0.00424081	-0.85571452	-0.89246893	0.27458221	-1.46583112	-0.13412198	-0.12655217
3R	7710214	7725616	500	0.00423644	0.0042514	-1.00500549	-1.02196425	0.23459258	-1.60714191	-0.21103645	-0.11845793
3R	7725621	7740828	500	0.02203882	0.00428405	-0.6665545	-0.60713085	0.32009086	-1.70696694	0.12527991	-0.07007483
3R	7740835	7758060	500	0.03714847	0.00413793	-0.13730726	-0.19338076	0.27866345	-0.73044415	0.71687882	0.03613465
3R	7758062	7836767	500	0.0267394	0.00094072	-0.70068593	-0.74290529	0.4046959	-1.65566334	0.8401506	-0.12297904
3R	7836774	7912306	500	0.04076466	0.00108286	-0.3872282	-0.42570351	0.48632758	-1.68366796	1.72792953	-0.02735526
3R	7912334	7932702	500	0.03997871	0.00385454	-0.01431189	-0.11017306	0.47137378	-1.18766338	1.06577852	0.01399096
3R	7932709	7955349	500	0.04373065	0.00350357	-0.52307277	-0.50569389	0.38870738	-1.35421423	0.49901188	-0.08322492
3R	7955356	8021003	500	0.03383304	0.00105322	-0.37244244	-0.48573857	0.53523737	-2.25482264	1.56855509	-0.06743752
3R	8021012	8036551	500	0.03515562	0.00545439	-0.58406852	-0.57798196	0.33483298	-1.63310176	0.3723023	-0.07870382
3R	8036601	8055071	500	0.02721226	0.0046328	-0.3859256	-0.34748155	0.30880267	-1.43019832	0.28761945	-0.05911237
3R	8055077	8086135	500	0.03840207	0.00308512	-0.44621675	-0.47094522	0.28446178	-1.35369672	0.41935458	0.01403958
3R	8086171	8101222	500	0.02094078	0.0060367	-0.51345839	-0.54344505	0.2754166	-1.1558161	0.35756904	-0.04232838
3R	8101260	8123051	500	0.04035923	0.00395968	-0.54487314	-0.54127977	0.37335308	-1.53067431	0.45323176	-0.03990983
3R	8123109	8142037	500	0.05477581	0.0043958	-0.57604097	-0.45371363	0.56519285	-1.95116655	0.60902146	0.0066624
3R	8142045	8164796	500	0.06120331	0.00391806	-0.54950277	-0.58180335	0.50874156	-1.50019978	0.90752257	-0.13960503
3R	8164845	8184128	500	0.04241081	0.00466271	-1.40962429	-1.45832959	0.32251067	-2.1732017	-0.59189658	-0.09974154
3R	8184139	8203733	500	0.04740363	0.00410634	-1.42642454	-1.41775964	0.3848387	-2.62121173	-0.40577175	0.00621272
3R	8203768	8225048	500	0.03788022	0.0040708	-1.50673322	-1.44586151	0.30732794	-2.55790447	-0.74162978	0.01307945
3R	8225059	8248082	500	0.04066764	0.00335606	-0.60876359	-0.634309	0.28017554	-1.19226444	0.24987565	-0.05344884
3R	8248107	8264551	500	0.04133999	0.00500486	-0.6161421	-0.61443368	0.25772856	-1.4537326	0.06732348	-0.02744034
3R	8264556	8288886	500	0.03476728	0.00291269	-1.02955296	-1.08919364	0.44356487	-2.07725263	-0.07056956	-0.04475908
3R	8288895	8309039	500	0.03287631	0.00366332	-0.18560431	-0.18034346	0.2539623	-0.96855532	0.60126508	-0.09073579
3R	8309231	8330411	500	0.02452756	0.00327245	-0.46121173	-0.43805177	0.33186607	-1.61878437	0.55857732	-0.13722294
3R	8330433	8350676	500	0.04055516	0.0033229	-0.39568611	-0.39085793	0.31658472	-1.20850474	0.40091677	-0.00798258
3R	8350680	8367075	500	0.04431601	0.0044661	-0.26834475	-0.28818169	0.24411263	-0.8292249	0.44919784	0.00126624
3R	8367076	8386145	500	0.02555398	0.00367495	-0.48533374	-0.47220587	0.29648494	-1.24274852	0.22213277	-0.07701448
3R	8388909	8412017	500	0.02158458	0.00335497	-0.29557661	-0.3245599	0.27892568	-1.2418553	0.82234607	-0.06048572
3R	8412027	8428374	500	0.03363438	0.00460049	-0.40605136	-0.41499018	0.2849909	-1.14200601	0.32823266	-0.0893989
3R	8428482	8455443	500	0.02441956	0.00266454	-0.3543137	-0.39900708	0.35719777	-1.13626593	0.53398139	-0.10308375
3R	8455452	8469748	500	0.03325148	0.00492752	-0.11750369	-0.18678831	0.31863028	-0.75136209	0.89026246	-0.07662557
3R	8469888	8492046	500	0.03825345	0.00326391	-0.06507551	-0.05962916	0.38006925	-0.94931107	0.83054379	-0.06476375
3R	8492069	8515332	500	0.03298618	0.00319942	-0.02222561	-0.06067731	0.33705761	-0.64224593	1.1936868	0.01441633
3R	8515400	8537698	500	0.03577127	0.00319975	-0.27594598	-0.2868717	0.28059624	-1.03859388	0.52879167	-0.01125187
3R	8537732	8553855	500	0.02992526	0.00517113	0.13622206	0.19262697	0.42821105	-0.83242291	1.28631071	-0.03575333
3R	8553892	8571067	500	0.03542342	0.00475689	0.090371	0.10447987	0.38699947	-0.74164563	1.10736404	-0.04069981
3R	8571078	8597181	500	0.04931578	0.00327301	-0.34109423	-0.36414219	0.31992473	-1.17288808	0.47217408	0.05588409
3R	8597205	8621164	500	0.05612537	0.00340354	-0.29726987	-0.338467	0.40316099	-1.27378159	1.03385459	-0.00820134
3R	8621167	8639395	500	0.03101635	0.00531756	-0.81836832	-0.84706117	0.31326614	-1.60514573	-0.01296492	-0.09934047
3R	8639425	8660413	500	0.03815083	0.00353602	-0.4329084	-0.42513737	0.29492463	-1.12143616	0.35436774	-0.00801904
3R	8660425	8678808	500	0.02759085	0.0035159	-0.60075544	-0.5904463	0.3263788	-1.40839127	0.37781439	-0.09181745
3R	8678847	8691373	500	0.03633625	0.00586847	-0.6902041	-0.63235551	0.36340468	-1.45161443	0.2046834	-0.0290446
3R	8691438	8705287	500	0.03455598	0.0054079	-0.69545774	-0.70879453	0.29566905	-1.36203002	0.11355917	-0.0581644
3R	8705294	8726442	500	0.02958288	0.00374329	-0.67629708	-0.68270207	0.4052936	-1.76920323	0.25265342	-0.08941106
3R	8726444	8769305	500	0.01917427	0.00198347	-0.55878996	-0.5686706	0.31604467	-1.45944208	0.25049003	-0.06394946
3R	8769306	8790014	500	0.03282094	0.00418598	-0.61444049	-0.66035205	0.30566196	-1.5038535	0.3985318	-0.09709207
3R	8790057	8809396	500	0.02634698	0.00425704	-0.39729758	-0.41562061	0.27028495	-1.06705816	0.26373816	-0.03154822
3R	8809427	8829027	500	0.02770474	0.00392716	-0.13673231	-0.18769288	0.39382848	-1.25199971	0.82034705	-0.01385272
3R	8829115	8848124	500	0.03706585	0.00389667	0.13163173	0.14471507	0.38741342	-0.75261363	1.17927376	-0.07617589
3R	8848141	8863063	500	0.03944733	0.00528727	0.18860988	0.2149968	0.3481759	-0.73002005	1.06892007	-0.08900999
3R	8863108	8886923	500	0.04136702	0.00307708	0.10380008	0.01028846	0.49869292	-0.87894172	1.5329643	0.04120266
3R	8886926	8902520	500	0.03643727	0.00460071	-0.31508191	-0.30603772	0.30832304	-0.95089447	0.65301545	-0.1713986
3R	8902521	8919560	500	0.05169113	0.00465192	0.0854383	0.04208755	0.30564813	-0.68185263	0.91766932	0.05226235
3R	8919600	8938455	500	0.02812232	0.00388006	-0.69910411	-0.6937814	0.35309751	-1.74852475	0.03697869	-0.11927222
3R	8938475	8961847	500	0.0409525	0.00341532	-0.49185538	-0.4693407	0.41362465	-1.51548984	0.69943899	-0.13473148
3R	8961877	8988742	500	0.04169381	0.00317202	-0.64629143	-0.6374494	0.31661647	-1.60641303	0.4174324	-0.08975136
3R	8988748	9018417	500	0.04080624	0.0022978	-0.88275672	-0.77082822	0.47217265	-2.71866483	-0.12306208	-0.05903945
3R	9018439	9050864	500	0.03734835	0.00252421	-0.49519857	-0.54344651	0.42173612	-1.20675633	1.05366254	-0.02053715
3R	9050906	9076470	500	0.04485729	0.00320651	-1.07826009	-1.06515579	0.33077654	-2.21118329	-0.32537094	0.08064078
3R	9076471	9104880	500	0.04755407	0.00283936	-0.67264111	-0.55238637	0.52553196	-2.40035384	0.42386514	-0.01566359
3R	9104903	9121318	500	0.0272702	0.00474469	-0.61073942	-0.63743994	0.26785809	-1.31894866	0.38616546	-0.16977003
3R	9121321	9144716	500	0.02978621	0.00395377	-0.46984791	-0.50994229	0.33519231	-1.38907882	0.26681559	-0.01765677
3R	9144724	9183900	500	0.0228124	0.00227436	-0.80756773	-0.79855403	0.43261599	-2.22440218	0.12301398	-0.08649422
3R	9183916	9224670	500	0.02861027	0.0019852	-0.99523609	-0.96420066	0.41548979	-2.06099535	-0.1593104	-0.13761186
3R	9224789	9243581	500	0.03017926	0.0043626	-1.18252115	-1.16508508	0.33334992	-2.08538689	-0.42923949	-0.09017673
3R	9243583	9265775	500	0.04097886	0.00360899	-0.89842985	-0.9118961	0.38039764	-1.75714399	0.1938197	0.03290181
3R	9265786	9283524	500	0.03654967	0.00444931	-0.84164561	-0.88631813	0.47205111	-1.79255297	0.29975728	-0.04754223
3R	9283537	9303878	500	0.05923572	0.00403104	-1.65905846	-1.59618771	0.42368437	-2.80039641	-0.9471679	-0.04567059
3R	9303894	9325842	500	0.03156875	0.00322495	-1.24279985	-1.25685513	0.37927034	-2.20182706	-0.04085199	-0.0125766
3R	9325846	9345812	500	0.05310258	0.00405006	-1.58731991	-1.72547128	0.61259352	-2.6422212	-0.20960977	-0.02146081
3R	9345907	9366787	500	0.06360006	0.00379397	-2.1096533	-2.10229539	0.37641121	-3.0363268	-1.35281865	-0.09411446
3R	9366803	9385242	500	0.05110876	0.00438025	-1.98353026	-1.97960093	0.30488729	-2.85864607	-0.87052908	-0.04170855
3R	9385245	9407290	500	0.04596228	0.00370464	-1.20374685	-1.06574524	0.47476928	-2.67872142	-0.37911596	0.04023038
3R	9407292	9427155	500	0.05073167	0.00547448	-0.65562284	-0.61884338	0.46390113	-1.70590314	0.31505138	0.16423259
3R	9427185	9452957	500	0.03106761	0.00268998	-0.64009765	-0.66818752	0.26588009	-1.40586315	0.27428649	-0.07139956
3R	9452963	9474589	500	0.03535135	0.00342763	-0.3795823	-0.34426015	0.32391089	-1.20849548	0.55252629	0.00110825
3R	9474605	9501969	500	0.02226901	0.00250288	-0.56738572	-0.58123332	0.20145651	-1.04701226	0.1115564	-0.00279303
3R	9502046	9523022	500	0.02480782	0.00345718	-0.51352096	-0.53425834	0.30707729	-1.23613694	0.69686836	-0.09573088
3R	9523040	9542789	500	0.02492945	0.00373478	-0.65335237	-0.62779082	0.2722862	-1.57284536	0.02959379	-0.07695371
3R	9542795	9561240	500	0.02784759	0.00400717	-0.53452982	-0.56898975	0.22539014	-1.16299592	0.22301302	-0.03534011
3R	9561241	9579561	500	0.03188843	0.00404277	-0.54793277	-0.5165271	0.23240543	-1.16940781	0.28910861	0.02354362
3R	9579624	9594972	500	0.03456837	0.00431779	-0.54760818	-0.52530156	0.25692599	-1.41547076	0.09818605	0.00846112
3R	9594974	9617006	500	0.03807007	0.00324275	-0.47789302	-0.47898752	0.29016482	-1.32680107	0.41209599	-0.04799191
3R	9617015	9635132	500	0.04454684	0.0042404	-0.52259957	-0.51521842	0.32599742	-1.48555521	0.28976714	-0.04138041
3R	9635146	9661133	500	0.036252	0.00278775	-0.5060784	-0.53963803	0.29551623	-1.15887104	0.39615683	-0.12835089
3R	9661143	9702058	500	0.04266103	0.0019755	-0.52053787	-0.53404512	0.31309504	-1.65023457	0.54258792	-0.05231856
3R	9702138	9721161	500	0.03619854	0.00419592	-0.64047013	-0.65952232	0.26625242	-1.29183292	0.16358478	-0.0633661
3R	9721173	9748596	500	0.06505942	0.00321194	-0.41961884	-0.44344092	0.31820753	-1.13884783	0.44398169	0.05673484
3R	9748614	9792013	500	0.04323485	0.00208177	-0.70569717	-0.69211687	0.34372589	-1.77320576	0.36569188	0.01891313
3R	9792028	9874553	500	0.04248467	0.00098531	-0.29496306	-0.30158515	0.43996069	-1.32660697	1.44805455	-0.00886978
3R	9874565	9903440	500	0.03098125	0.00301762	-0.14815651	-0.22465744	0.35729553	-0.92596169	1.03083768	-0.08123175
3R	9903468	9916334	500	0.02579941	0.0065632	-0.08431036	-0.15877046	0.32731578	-0.82531399	0.76748689	-0.11514003
3R	9916336	9932903	500	0.03067527	0.00495236	-0.44882618	-0.43535844	0.21308465	-0.96509361	0.36863672	-0.01749877
3R	9932914	9966528	500	0.04864855	0.00238749	0.06136444	0.05837055	0.49412791	-1.2077791	1.22037221	0.04455703
3R	9966545	9980370	500	0.03708136	0.00523692	-0.42312886	-0.40434086	0.43820558	-1.46545129	0.71320181	-0.10446925
3R	9980421	10001469	500	0.04789412	0.00362235	-0.02268277	-0.03500539	0.31095096	-1.08011932	0.94597455	-0.00347363
3R	10001471	10022815	500	0.06478596	0.0035602	-0.18520066	-0.19965316	0.35849879	-1.05148359	0.84469313	-0.0789955
3R	10022831	10038657	500	0.0418712	0.00499119	-0.30791707	-0.25660577	0.33776205	-1.17316058	0.29831493	-0.01296551
3R	10038660	10055223	500	0.03738392	0.0042286	-0.42417783	-0.3980325	0.55498552	-1.76817427	0.62993159	-0.07271214
3R	10055234	10074029	500	0.02950867	0.00595103	-0.35920276	-0.19045295	0.54087992	-1.28063016	0.63053467	-0.03474459
3R	10074037	10090321	500	0.04847495	0.00601209	0.63378428	0.70069468	0.37628379	-0.89510941	1.27878117	0.4146434
3R	10090369	10104890	500	0.03458852	0.0069999	0.25533791	0.31665842	0.39783133	-0.52130587	1.06589045	0.143997
3R	10104896	10129203	500	0.05911003	0.00352322	0.38951237	0.32607039	0.54944381	-0.82705645	2.42586103	0.06927725
3R	10129224	10154264	500	0.05779706	0.00324248	0.92025623	0.89810856	0.56764646	-0.33765204	2.22739263	-0.08040531
3R	10154267	10179670	500	0.06372998	0.00292114	0.05759901	0.0126762	0.46113786	-0.73010306	1.62161583	0.02943807
3R	10179671	10194277	500	0.0754877	0.00576141	0.01256645	-0.07778965	0.43188871	-0.87606324	1.33992695	0.0505487
3R	10194303	10213004	500	0.05509997	0.00447589	0.166927	0.2702445	0.48400176	-1.06995498	1.09710508	0.00200761
3R	10213033	10225921	500	0.05503666	0.0063865	-0.08500462	-0.22130725	0.4442212	-1.09888846	1.02047131	-0.08436735
3R	10225928	10244259	500	0.04964953	0.00469302	-0.20573541	-0.24861004	0.34775986	-1.01977596	0.70488412	-0.04421217
3R	10244261	10262048	500	0.03506317	0.00460574	-0.30131372	-0.32183735	0.24994184	-0.91170431	0.50293917	-0.07516715
3R	10262061	10297568	500	0.07488292	0.00209013	0.1734581	0.13592143	0.5750681	-1.3666249	1.87202772	0.11759959
3R	10297569	10327919	500	0.06137125	0.00297338	0.94531972	1.01686863	0.57543255	-0.71178926	2.46369718	0.01965449
3R	10327932	10342816	500	0.06844378	0.00597787	0.9918685	1.06090554	0.41093427	-0.04321617	1.83807724	-0.0829697
3R	10342822	10364802	500	0.04743678	0.00430832	1.08641891	1.0757418	0.42399938	0.0227511	2.37806853	0.08488235
3R	10364818	10387314	500	0.06606301	0.00387204	0.66562107	0.71042806	0.38588777	-0.30122879	1.37149354	-0.00440944
3R	10387318	10426253	500	0.03472398	0.00212374	-0.27047145	-0.2569068	0.31637123	-1.0162822	0.51061632	-0.07156971
3R	10426264	10464995	500	0.04019384	0.00207653	-0.63311383	-0.62106122	0.28197893	-1.52678417	0.79691486	-0.01889642
3R	10465032	10499361	500	0.0304054	0.00256967	-0.67608797	-0.70551468	0.24172355	-1.21865695	0.14638611	-0.11826348
3R	10499365	10525503	500	0.04425861	0.00368138	-0.66648063	-0.66879992	0.3820188	-1.48483946	0.16950264	-0.04919511
3R	10525506	10554013	500	0.04352442	0.00328204	-0.64624092	-0.60872728	0.30643062	-1.43937286	0.0394653	-0.04293605
3R	10554066	10578002	500	0.03112214	0.004067	-0.53748325	-0.53384411	0.2461043	-1.21463421	0.17417408	0.01611782
3R	10578009	10609428	500	0.03598743	0.00396523	-0.45838846	-0.44190191	0.38125676	-1.34193431	0.6556931	0.05121715
3R	10609447	10633013	500	0.02568919	0.00379522	-0.39664935	-0.34035736	0.39511906	-1.54789252	0.54084556	-0.03688361
3R	10633038	10661787	500	0.03462617	0.00253346	-0.12392143	-0.15098775	0.39547595	-1.13297619	0.88086589	-0.06803304
3R	10661798	10682224	500	0.03970159	0.00383182	-0.12325216	-0.2192254	0.45988125	-0.99192507	1.26156681	0.00677178
3R	10682247	10700971	500	0.03380541	0.00376078	-0.23325154	-0.26419284	0.3412445	-1.02788355	0.88240454	-0.05606184
3R	10700974	10720114	500	0.03388383	0.00460918	-0.13010811	-0.16821117	0.47310821	-0.94884527	1.24765191	-0.01200539
3R	10720119	10742269	500	0.02493112	0.00462945	-0.11014989	-0.19541615	0.36948689	-0.98989641	0.77624119	-0.01612542
3R	10742394	10775086	500	0.02750475	0.00225094	-0.18885873	-0.30058558	0.47864538	-1.15747451	1.42608215	-0.04500215
3R	10775088	10811993	500	0.04643702	0.00235868	0.74940265	0.87096998	0.63934645	-0.61177401	2.26886205	-0.01515314
3R	10811995	10828122	500	0.03336758	0.00550669	1.19166548	1.10688923	0.51618856	-0.0515665	2.85720795	0.03140693
3R	10828137	10844990	500	0.05565361	0.0040651	0.7793192	0.79778267	0.3998559	-0.20511941	1.77370563	0.03493145
3R	10845005	10880757	500	0.04718787	0.00237473	0.86807103	1.01052565	0.55364461	-0.98164045	1.82169266	0.06078195
3R	10880780	10926057	500	0.12783966	0.00220837	1.0483431	1.06167653	0.5705293	-0.27565633	2.23128463	0.49344672
3R	10926093	10961893	500	0.04789357	0.00224405	0.97062421	1.03147247	0.45698543	-0.22958183	2.05445154	0.03886919
3R	10961927	10987117	500	0.06880095	0.00358615	1.41877397	1.53877146	0.71629994	-0.38251213	2.80653633	0.19060569
3R	10987120	11003330	500	0.05011589	0.00455717	1.50546673	1.49561423	0.44407316	0.20553155	2.57721394	0.0598826
3R	11003334	11114195	500	0.05116899	0.00076112	0.47967451	0.48811385	0.88259617	-1.22196735	2.98665803	-0.03317679
3R	11114198	11132949	500	0.04215399	0.00432787	-0.09901243	-0.13127955	0.41144374	-0.95531759	1.17762134	0.05511842
3R	11132966	11162461	500	0.03134896	0.00266576	-0.31732522	-0.31421461	0.29033589	-1.00534466	0.41710439	-0.03613009
3R	11162536	11180233	500	0.02832512	0.00435431	-0.2777122	-0.29013888	0.24807891	-0.82956878	0.46165728	0.03145555
3R	11180309	11200628	500	0.03369856	0.00412042	-0.15219555	-0.12904056	0.32487367	-0.9250837	0.73616979	-0.00256211
3R	11200671	11222916	500	0.0388353	0.0038349	-0.45107289	-0.47332498	0.33886323	-1.2605957	0.4706631	0.02529372
3R	11222925	11240188	500	0.03363578	0.00443285	-0.38672608	-0.40477847	0.25672456	-1.03888586	0.38985232	-0.01230922
3R	11240225	11254043	500	0.04887501	0.00518928	-0.7670285	-0.7968196	0.30848031	-1.59169499	0.03415768	-0.0796761
3R	11254045	11271483	500	0.03286234	0.003852	-0.72871918	-0.71838952	0.27759423	-1.41201881	0.20259678	-0.13938627
3R	11271495	11288327	500	0.0361001	0.00424649	-0.53843387	-0.53115202	0.42863356	-1.61814193	0.8893021	-0.06040064
3R	11288336	11308440	500	0.04625096	0.00378438	-0.58869939	-0.60654816	0.27243978	-1.3804126	0.0851142	-0.02149727
3R	11308446	11328188	500	0.04250542	0.0042566	-0.45340361	-0.49872867	0.41709699	-1.37114739	0.50714264	0.04190756
3R	11328191	11352653	500	0.04537058	0.00321199	-0.76926124	-0.69515603	0.42306312	-1.82230804	0.14822623	-0.11752211
3R	11352755	11396501	500	0.04179216	0.00176191	-0.73475902	-0.76735374	0.3256292	-1.94466989	0.2742902	-0.00053248
3R	11396507	11440798	500	0.02547443	0.00152732	-0.60990362	-0.60753825	0.29869253	-1.56151313	0.27558268	-0.09690977
3R	11440831	11479607	500	0.03832415	0.00192047	-0.3104423	-0.40126467	0.45691129	-1.43404592	1.53605516	-0.03211944
3R	11479616	11532515	500	0.0355815	0.0016524	-0.49465958	-0.52178732	0.40702559	-2.01473097	1.74956058	0.02489265
3R	11532521	11558976	500	0.02653951	0.00260054	-0.65466956	-0.6464842	0.27531293	-1.44004155	0.06965134	-0.10919696
3R	11559004	11580050	500	0.0385799	0.00359448	-0.43318205	-0.41333332	0.32520411	-1.47451048	0.26791954	0.02545172
3R	11580083	11598799	500	0.04194921	0.00381254	-0.55123066	-0.54420874	0.26392241	-1.18353489	0.22652629	-0.03914416
3R	11598814	11628114	500	0.03361841	0.00245184	-0.36677078	-0.36996974	0.31734811	-1.21688923	0.57895348	-0.05823732
3R	11629461	11664588	500	0.03157666	0.00215316	-0.35701844	-0.41601629	0.3724443	-1.22653353	0.75176472	0.01253254
3R	11664598	11703436	500	0.04387356	0.00198756	-0.21255053	-0.23223492	0.35257758	-1.05163247	0.93889852	0.05199497
3R	11703439	11752512	500	0.06488502	0.00168387	0.36621506	0.36622583	0.57305665	-1.03636852	1.98509251	0.10019577
3R	11752537	11801093	500	0.06371802	0.00192692	0.00564069	-0.00078135	0.60961996	-1.47775111	1.8613365	0.15882428
3R	11801120	11841564	500	0.06675276	0.00200678	0.56587607	0.42508175	0.54088657	-0.52399014	1.76801287	0.09409471
3R	11841569	11911060	500	0.05461673	0.00119373	-0.13106333	-0.15241249	0.47192123	-0.9008261	1.03784135	-0.00595294
3R	11911233	11970564	500	0.05392557	0.00160516	-0.27123521	-0.33100806	0.37268705	-1.07353694	0.77244091	0.00993169
3R	11970594	12024345	500	0.0833135	0.00156714	0.28491844	0.37959707	0.46966343	-0.92087533	2.07677666	0.09588128
3R	12024347	12063444	500	0.05051646	0.00205543	1.16791803	1.10140759	0.6727874	-0.47456012	3.09685333	0.02012848
3R	12063565	12105570	500	0.04360289	0.00185508	0.32084904	0.31663538	0.46258852	-0.85511302	1.51502935	0.02396899
3R	12105596	12149868	500	0.04266686	0.00191127	0.08985568	-0.06369015	0.55842262	-0.85349482	1.27657022	0.06535167
3R	12149912	12255056	500	0.04224694	0.00077646	-0.14375634	-0.25999016	0.6474967	-1.47919136	2.3830742	-0.07624881
3R	12255057	12309999	500	0.03778913	0.00156116	-0.37651149	-0.4156866	0.35228423	-1.2626801	1.33646704	-0.10839483
3R	12310005	12338404	500	0.03561009	0.00296122	-0.20047624	-0.21754366	0.47252966	-1.0874709	0.95825966	-0.01301413
3R	12338467	12387010	500	0.02277767	0.00157773	-0.41352885	-0.53168881	0.41861295	-1.18153471	1.19806953	-0.02538639
3R	12387033	12464431	500	0.04005395	0.00106782	-0.40070785	-0.46780296	0.41447417	-1.65349406	1.77994069	-0.08357737
3R	12464523	12514739	500	0.0370804	0.0016814	-0.13813122	-0.20430468	0.53156997	-1.28379162	1.36447026	0.03207538
3R	12514765	12565802	500	0.02659638	0.00154782	-0.38600289	-0.43433638	0.40513477	-1.23583808	0.93387355	0.00652871
3R	12565841	12596119	500	0.02965391	0.00255272	-0.45902783	-0.4333898	0.31754333	-1.40649689	0.29655936	0.01428265
3R	12596173	12633008	500	0.03170695	0.00184706	-0.49607311	-0.50115005	0.37085125	-1.38956265	0.73545698	-0.16634274
3R	12633010	12652057	500	0.03374762	0.00373917	-0.37794243	-0.40952615	0.29465325	-1.18206547	0.4380706	-0.04946249
3R	12652067	12678482	500	0.038154	0.00292659	-0.18621778	-0.18985316	0.27797584	-1.01099517	0.53698181	-0.04181793
3R	12678490	12694274	500	0.04189754	0.00486712	-0.19433837	-0.17690952	0.30279325	-0.87367323	0.93614354	0.00581165
3R	12694303	12715954	500	0.05974802	0.00361762	-0.08955994	-0.09151345	0.30472003	-0.81825965	0.76811183	-0.03250835
3R	12715965	12754986	500	0.04429155	0.00193191	-0.19390681	-0.25163806	0.44921341	-1.19429511	1.10389194	-0.00207597
3R	12754992	12779468	500	0.04219822	0.00354925	-0.69528346	-0.7689215	0.50249966	-1.79284645	0.45269387	-0.06179829
3R	12779512	12829365	500	0.0313905	0.00162137	-0.58037773	-0.61753686	0.39689232	-1.59100277	0.60702532	-0.09968077
3R	12829370	12860098	500	0.05096798	0.00259382	-0.03479693	-0.043853	0.32938524	-0.75629564	1.02248066	0.04032761
3R	12860129	12892121	500	0.0432849	0.00252008	-0.18551443	-0.23674301	0.38632759	-1.00064637	1.4555908	0.05035425
3R	12892135	12924513	500	0.03002755	0.00206671	-0.54139386	-0.56098276	0.26814694	-1.06914144	0.71246579	-0.04789468
3R	12924533	12958927	500	0.02714763	0.0022267	-0.60675226	-0.62755241	0.26347973	-1.2290661	0.29860131	0.00505814
3R	12959069	13002456	500	0.03631653	0.00191116	-0.50868349	-0.52494824	0.28818445	-1.22567842	0.5380858	-0.06551727
3R	13002467	13031801	500	0.02703222	0.00249325	-0.52803535	-0.5574509	0.27935783	-1.35136718	0.33563539	-0.06057079
3R	13031804	13066814	500	0.02109199	0.00220283	-0.51770174	-0.57708629	0.34770497	-1.26804924	0.50903018	-0.10181979
3R	13066832	13093777	500	0.04552446	0.00291896	0.08570678	0.00453012	0.48877524	-0.98506316	1.65815751	0.11625055
3R	13093783	13120892	500	0.02772887	0.00275327	-0.37824214	-0.38993382	0.38448461	-1.16913434	0.68972281	-0.0274768
3R	13120899	13168192	500	0.03340473	0.0017685	-0.37120064	-0.4506021	0.40132666	-1.31035648	0.86870306	-0.03980045
3R	13168195	13211306	500	0.0562429	0.00169196	-0.3334195	-0.33272279	0.29205432	-1.31411021	0.61607277	-0.01308705
3R	13211319	13255644	500	0.05594824	0.00182779	-0.38690297	-0.43359995	0.3418529	-1.54408568	0.58883159	0.0562487
3R	13255650	13297154	500	0.0692825	0.0022678	-0.05466999	-0.04833719	0.48950152	-1.18653338	1.06595173	0.26819367
3R	13297168	13343292	500	0.04437068	0.00190205	-0.30271496	-0.25322461	0.34169546	-1.13040884	0.53013309	0.00824235
3R	13343293	13384896	500	0.04538446	0.00198028	-0.31777395	-0.33071364	0.28662733	-0.96889166	0.53573692	-0.02026977
3R	13384934	13450057	500	0.03825651	0.00117266	-0.247358	-0.38024483	0.4710432	-1.01015331	1.01793694	0.09602712
3R	13450095	13491051	500	0.03910031	0.00219279	0.34889115	0.36836944	0.40017285	-0.67155779	1.27331165	0.03212399
3R	13491102	13518615	500	0.05538311	0.00300517	0.43601596	0.41964606	0.46190697	-0.65822027	1.6889602	-0.09354325
3R	13518621	13547267	500	0.05039132	0.00313789	0.89772671	0.93988064	0.49670228	-0.47479665	2.42454611	0.03191738
3R	13547268	13592464	500	0.06067312	0.00180232	0.42122817	0.41725636	0.4179755	-0.61131604	2.30093403	-0.01599173
3R	13592476	13625212	500	0.05541799	0.00252932	0.23102354	0.24557	0.37835133	-0.5753362	1.13239502	-0.05416589
3R	13626289	13670618	500	0.05041152	0.00187865	-0.22195828	-0.24450181	0.34898223	-1.24507885	0.95371427	0.00610334
3R	13670663	13714149	500	0.02241093	0.00173905	-0.28971851	-0.34024278	0.32639162	-1.04198069	0.79987718	-0.03396677
3R	13714156	13731067	500	0.04466136	0.00481263	-0.25430552	-0.28159061	0.37677106	-1.10691166	0.62817271	-0.01410794
3R	13731129	13770820	500	0.03174352	0.00230794	-0.27513008	-0.30242494	0.36965789	-1.20333086	1.08907344	-0.02378213
3R	13770865	13797367	500	0.02683427	0.00324444	-0.40233517	-0.43644585	0.2551928	-1.19069028	0.40411164	-0.0701356
3R	13797373	13824708	500	0.04173206	0.00284016	-0.33534053	-0.34347688	0.4180429	-1.50296333	0.92030862	-0.00756936
3R	13824713	13866070	500	0.05268316	0.00170983	0.23936686	0.08712938	0.53215935	-0.81148395	1.71868405	0.06845082
3R	13866123	13903647	500	0.04848561	0.00225675	0.37044295	0.37340032	0.50324787	-0.63316194	2.57649077	0.01153595
3R	13903682	13940617	500	0.03605544	0.00226361	0.04723754	0.05940179	0.38168687	-0.99070706	1.1269953	-0.0861053
3R	13940627	13970219	500	0.02718558	0.00262949	-0.24540436	-0.23400733	0.28853269	-0.8992548	0.65877679	-0.04670364
3R	13970241	14003950	500	0.04571596	0.00243524	-0.35086653	-0.35406136	0.3045675	-1.26722611	0.47148358	-0.01144632
3R	14003968	14049861	500	0.04587892	0.00190594	0.26641639	0.1589676	0.73183962	-1.13879597	2.58375772	0.09569897
3R	14049862	14092565	500	0.05924239	0.00221673	1.03484017	1.31730762	1.00114772	-0.6055117	2.94644232	0.02097923
3R	14092590	14130313	500	0.06754169	0.00223296	-0.35311831	-0.35328675	0.28541074	-1.15586349	0.55129195	0.08307148
3R	14130330	14166869	500	0.045665	0.00215377	-0.4449358	-0.50990399	0.45603997	-1.4922639	1.05262756	0.00408585
3R	14166872	14207037	500	0.03335483	0.00208559	-0.4873084	-0.4911026	0.37091791	-1.36090092	0.73124549	-0.05727719
3R	14207202	14279798	500	0.02225433	0.00118795	-0.4810374	-0.47299998	0.29253264	-1.3615257	0.35796998	-0.05681536
3R	14279805	14323834	500	0.02799973	0.00176603	-0.38005171	-0.39050243	0.34634818	-1.52237174	0.70683706	-0.02872861
3R	14323947	14400099	500	0.04222074	0.00125048	-0.77358977	-0.77057127	0.34293369	-1.66728183	-0.02808825	0.06356511
3R	14400132	14450468	500	0.05280978	0.00160622	-1.16027636	-1.16745183	0.59853324	-2.44760168	0.195806	0.07366467
3R	14450487	14506837	500	0.04768792	0.00144306	-0.82457085	-0.85286098	0.4753702	-1.89295042	0.34714336	-0.02796294
3R	14506849	14566936	500	0.0339681	0.00141906	-0.0193596	-0.19075033	0.57109412	-0.97313219	1.3474156	0.01386943
3R	14566939	14599586	500	0.02714287	0.00243526	-0.307055	-0.36932228	0.42103916	-1.065582	1.3936255	-0.01245507
3R	14599650	14622248	500	0.03055734	0.00373565	-0.72128294	-0.65356728	0.43724091	-1.83052482	0.34949091	-0.05369191
3R	14622276	14670512	500	0.0396549	0.0021143	-0.90996461	-0.62599502	0.82953523	-2.62232987	0.75733902	-0.02442627
3R	14670513	14712073	500	0.03207826	0.0021506	-0.35686265	-0.42478825	0.52317552	-1.82280372	1.09116841	-0.04157486
3R	14712086	14765776	500	0.05352167	0.00163908	-0.08236999	-0.14729263	0.43652613	-0.98900367	1.00780965	-0.04659426
3R	14765820	14820616	500	0.04085774	0.00161883	-0.11514797	-0.21200163	0.46626978	-1.06322165	1.31019454	-0.02458426
3R	14820635	14842562	500	0.04666863	0.00390884	-0.25900503	-0.30645677	0.3689276	-1.08993814	0.78846439	-0.01636849
3R	14842598	14875526	500	0.05949135	0.00270461	-0.08189745	-0.14701014	0.44394552	-0.94088816	1.23543792	0.03952547
3R	14875532	14924204	500	0.04812842	0.00178296	-0.31577284	-0.39035368	0.36819504	-0.99703847	0.95987927	0.06005274
3R	14924205	14962846	500	0.05227482	0.00227162	-0.16360496	-0.17839754	0.3829651	-1.13824273	0.99789068	0.06688301
3R	14963126	15010324	500	0.05905561	0.00156	0.45975452	0.47972056	0.58819454	-0.9818952	1.75953716	0.07890283
3R	15010343	15050992	500	0.05744051	0.00200387	0.94154526	0.87514464	0.5732457	-0.19076298	2.52164033	0.09953948
3R	15050999	15102247	500	0.03608749	0.00142965	-0.33156133	-0.34632116	0.30180262	-1.1949209	0.70773102	-0.04460109
3R	15102279	15128580	500	0.0394336	0.00260648	-0.25295967	-0.30805466	0.36050337	-1.26425387	0.63176973	-0.01035251
3R	15128585	15148950	500	0.0294142	0.00304061	-0.2313058	-0.25780682	0.28521765	-0.83871473	0.70678269	0.00299204
3R	15148957	15185686	500	0.03288151	0.00179565	-0.55001249	-0.6042494	0.30960461	-1.31692195	0.48856697	-0.08354091
3R	15185691	15238058	500	0.03086101	0.00156027	-0.7345779	-0.62787727	0.41667568	-2.19887745	0.08734203	0.00620056
3R	15238137	15310078	500	0.03887951	0.00125406	-0.27975638	-0.30042331	0.38715814	-1.32423386	0.88790949	0.02358008
3R	15310092	15358189	500	0.04087589	0.00173088	-0.39335275	-0.41706299	0.32532533	-1.01011142	0.58472459	-0.00116446
3R	15358491	15405596	500	0.0212378	0.00176939	-0.17772501	-0.21393375	0.3507287	-1.1150462	1.12703546	-0.05316931
3R	15405605	15458848	500	0.03125788	0.0016093	0.01089714	0.05119396	0.28332833	-0.72358591	0.66033048	0.02695875
3R	15458859	15495059	500	0.03061026	0.00219321	0.07292745	0.02197346	0.32957532	-0.73983224	1.05401958	0.04302568
3R	15495064	15528037	500	0.04860932	0.00250552	0.15163541	0.07750209	0.53191094	-0.82862837	1.89946083	0.07699473
3R	15528102	15581657	500	0.03287165	0.00154246	-0.13488454	-0.28747679	0.51666252	-0.92624614	1.91044925	0.05819326
3R	15581670	15599788	500	0.0236798	0.00369057	-0.48525657	-0.46350736	0.35654141	-1.36807952	0.5514086	-0.07302813
3R	15599878	15632956	500	0.02177469	0.00256602	-0.31855389	-0.35486532	0.25715883	-0.92049357	0.49373039	0.00505814
3R	15632971	15659215	500	0.04584079	0.00288029	-0.09612917	-0.18062879	0.40638644	-1.09946715	1.20625144	0.06224038
3R	15659331	15683833	500	0.02556735	0.00339055	-0.39200084	-0.40556881	0.28209742	-1.22405953	0.48433694	-0.0227977
3R	15683851	15698951	500	0.02099563	0.00504739	-0.46212058	-0.51513148	0.29256214	-1.22728411	0.56924774	-0.05004586
3R	15698956	15714670	500	0.02953989	0.00470558	0.01378368	0.00123608	0.3670956	-0.85503859	1.09486069	0.02744489
3R	15714695	15748329	500	0.02793564	0.00225442	0.05638072	0.0238522	0.42451838	-1.06044609	1.08270921	-0.01973501
3R	15748359	15781106	500	0.03853839	0.00238875	-0.1084263	-0.13767775	0.32554838	-0.85842264	0.86752063	-0.01684248
3R	15781113	15831049	500	0.04447856	0.00188008	-0.01077664	-0.04569678	0.45569402	-0.91418279	1.68077513	0.13108998
3R	15831057	15874143	500	0.04365259	0.00173688	-0.65239742	-0.63994139	0.39929297	-2.10160051	0.52664848	-0.04305759
3R	15874190	15913362	500	0.03356903	0.00199506	-0.68966869	-0.68841968	0.25620206	-1.68414053	0.13087525	-0.02349045
3R	15913367	15973182	500	0.02800154	0.00152124	-0.61582296	-0.61991348	0.3934911	-1.43568381	0.51618203	-0.02517978
3R	15973189	16007316	500	0.04813498	0.00267094	-0.79780147	-0.67500993	0.52329842	-1.98648908	0.48230736	-0.00924654
3R	16007336	16032474	500	0.03847708	0.00363663	-0.41024395	-0.46928472	0.32123563	-1.08380572	0.4538668	-0.01520176
3R	16032505	16063616	500	0.05119346	0.0030713	-0.87693359	-0.92854537	0.3831625	-1.91653178	0.14926031	-0.05122475
3R	16063621	16097557	500	0.03498995	0.00236865	-0.80457181	-0.85052825	0.46971145	-1.92789479	0.39178365	0.05019625
3R	16097797	16127874	500	0.04787302	0.00275675	-0.47675234	-0.46013755	0.32751892	-1.3362569	0.65507677	0.07097874
3R	16127878	16161905	500	0.04302253	0.00241241	-0.18568331	-0.21237311	0.41519738	-1.10030452	0.99056915	-0.02804801
3R	16161920	16193840	500	0.04627469	0.00295523	0.44654353	0.52485829	0.62577499	-1.13592138	1.88986408	0.00778052
3R	16193867	16241918	500	0.03020156	0.00191536	-0.17017232	-0.19208716	0.52700366	-1.53333869	1.59721663	-0.02808447
3R	16241934	16286863	500	0.0394574	0.00179702	-0.46135584	-0.43969978	0.29522749	-1.20397465	0.30603509	-0.08586223
3R	16286878	16322279	500	0.0343562	0.00215816	0.09642061	0.02303213	0.45515615	-0.78437567	1.68174584	-0.02299215
3R	16324157	16356511	500	0.03299353	0.00230868	0.28296847	0.1652521	0.63244091	-0.75322954	2.16442279	-0.11425282
3R	16356529	16389987	500	0.02768074	0.00216246	-0.36973782	-0.39276601	0.29568692	-1.3240325	0.48567739	-0.14977751
3R	16390004	16468466	500	0.05666718	0.00107499	-0.32616251	-0.41718082	0.44548798	-1.18572273	1.28143598	-0.03062455
3R	16468470	16530202	500	0.05604503	0.00163684	-0.71248558	-0.7101145	0.28454339	-1.50293037	0.06712415	0.05880093
3R	16530233	16559269	500	0.0432641	0.00267157	-0.36702419	-0.41830216	0.52145553	-1.47804942	1.1461587	-0.0099879
3R	16559312	16594451	500	0.05593848	0.00240794	-0.22379039	-0.26061669	0.3480535	-0.99028661	1.26148781	-0.04076058
3R	16594454	16622781	500	0.07291402	0.00288171	0.35661414	0.34493657	0.3347434	-0.29705743	1.29067228	0.00990738
3R	16622831	16659047	500	0.06414134	0.00240536	-0.52100567	-0.63594251	0.51818813	-1.66965511	1.03950728	-0.01347596
3R	16659063	16695311	500	0.05128939	0.00232851	-0.09124757	-0.10872237	0.36741561	-0.98837122	0.77612933	-0.01635634
3R	16695361	16724233	500	0.04479606	0.00262486	-0.34899621	-0.31309167	0.37185632	-1.99096073	0.50565043	-0.04595012
3R	16724236	16755062	500	0.05842188	0.00289026	-0.36301897	-0.4102796	0.44873227	-1.37916798	0.90844525	0.05779219
3R	16755091	16784389	500	0.03959168	0.0026858	-0.75142782	-0.69863298	0.47158463	-1.98180278	0.33914937	-0.01385272
3R	16784403	16830316	500	0.04604721	0.00191473	0.09608346	-0.12695766	0.70279269	-0.97579806	1.97982873	0.08220858
3R	16830317	16876516	500	0.04850096	0.00191123	0.62727351	0.46720912	0.67195353	-0.92882178	2.44825592	0.04552931
3R	16876533	16972265	500	0.05466719	0.00079376	0.93050016	1.12939904	0.69657878	-0.70776216	2.48796159	-0.0786309
3R	16972266	17015683	500	0.07833951	0.00202456	1.37403081	1.40185071	0.63877515	-0.19488216	2.98923213	-0.01429024
3R	17015890	17050139	500	0.06548738	0.00243608	1.20047431	1.14962538	0.55609343	-0.21824092	2.52021828	0.04650159
3R	17050182	17088510	500	0.06287836	0.00211892	0.68312176	0.58684527	0.38447987	-0.11083037	1.98629883	0.00865557
3R	17088539	17137740	500	0.06940166	0.00184813	-0.10294452	-0.33109486	1.31860549	-2.67595862	2.66955154	0.06226468
3R	17137745	17176510	500	0.0783414	0.00225367	-1.72838076	-1.66351435	0.5217611	-2.91311833	-0.26336701	0.04930905
3R	17176578	17201303	500	0.04230546	0.00339117	-1.20525984	-1.20472775	0.5520579	-2.24650385	-0.00462655	-0.11573555
3R	17201356	17236812	500	0.04313928	0.00213373	-0.05761331	-0.27952226	0.6145912	-1.10028307	1.57722271	0.10142327
3R	17236824	17258826	500	0.04126377	0.00316485	0.10935011	0.06348637	0.60741896	-0.92364205	2.0114437	-0.03993414
3R	17258852	17305258	500	0.0576965	0.00178974	0.92942049	0.81914299	0.562943	-0.33682281	2.54523685	-0.00710752
3R	17305382	17326431	500	0.05106572	0.00374926	1.48991204	1.56087579	0.36178918	0.26792359	2.54418854	0.00843681
3R	17326433	17351028	500	0.05527936	0.00303568	0.69505196	0.67232102	0.51392964	-0.43343029	2.11438718	-0.0765648
3R	17351049	17373449	500	0.05738859	0.00351407	0.32708384	0.33162114	0.45648791	-1.09564061	1.39399558	0.07418727
3R	17373451	17400229	500	0.04944205	0.00299241	0.455702	0.38301022	0.47679002	-0.66059618	1.88741543	0.11842603
3R	17400256	17449016	500	0.06709361	0.00179545	-0.68352623	-0.69192902	0.43718609	-1.80560705	0.31231467	0.08427468
3R	17449022	17487567	500	0.0457453	0.00210771	-0.22347507	-0.26774005	0.45301945	-1.16504716	1.18232578	-0.01188385
3R	17487589	17510115	500	0.04322418	0.00344919	-0.58018483	-0.54389379	0.35207041	-1.53474844	0.28601673	-0.10531999
3R	17510133	17544391	500	0.04708104	0.00217653	-0.19669586	-0.17832353	0.37363226	-1.46536888	0.95047961	-0.02673543
3R	17544399	17581613	500	0.04043125	0.00185958	-0.40259277	-0.38561509	0.28143844	-1.23346165	0.59529603	-0.11586924
3R	17581668	17608702	500	0.05385926	0.00283392	-0.11305906	-0.06053649	0.29374539	-0.90861395	0.60920633	0.01052721
3R	17608731	17641854	500	0.05110195	0.00247617	0.3070518	0.28053798	0.42015928	-0.41988013	1.85270783	-0.04114949
3R	17641877	17673799	500	0.04310139	0.0025287	0.66053401	0.5098926	0.630127	-0.49545502	2.43848155	0.03963486
3R	17675963	17708065	500	0.03672052	0.00236014	0.28374781	0.22641991	0.43979052	-0.6307419	1.94238188	-0.02005101
3R	17708067	17737408	500	0.04252226	0.00279718	0.21194188	0.19517212	0.48380286	-0.81150004	1.60622025	0.0460276
3R	17737409	17752022	500	0.04250791	0.00576498	-0.61742038	-0.63823105	0.47605969	-1.86341142	0.33670634	0.00291912
3R	17752024	17773844	500	0.03313566	0.00346931	-0.48142108	-0.49765848	0.26596019	-1.26718926	0.36682914	-0.05980512
3R	17773914	17809326	500	0.0418513	0.00225103	-0.28691576	-0.32880072	0.43316711	-1.21887301	0.94731003	-0.04732347
3R	17809340	17834829	500	0.05338826	0.0035154	0.25424938	0.20077755	0.32805911	-0.44645221	1.08870457	-0.06952792
3R	17834856	17880230	500	0.06929143	0.00197882	-0.7830425	-0.84269025	0.3661146	-1.62748978	0.18372625	-0.04086996
3R	17880237	17919047	500	0.05337298	0.00251401	-1.11324498	-1.09543878	0.26961542	-1.77281135	-0.50134097	0.00154577
3R	17919058	17954563	500	0.0403296	0.00228993	-0.7333457	-0.79512183	0.34461901	-1.66500083	0.21774117	-0.06041279
3R	17954580	17979595	500	0.03020421	0.00291796	-0.55014952	-0.53546094	0.3321326	-1.38026011	0.33761224	-0.05858977
3R	17979606	17998079	500	0.04653782	0.00398015	-0.68279072	-0.68961171	0.28675612	-1.40862128	0.18944701	-0.03532796
3R	17998082	18013989	500	0.02835607	0.00523318	-0.74605346	-0.76688065	0.22085447	-1.28812953	-0.06549943	-0.10856498
3R	18014046	18030412	500	0.02676421	0.00484928	-0.52862956	-0.53049731	0.29985274	-1.36721577	0.28995832	-0.04210962
3R	18030413	18048646	500	0.03352237	0.00442761	-0.57673027	-0.56858058	0.27251281	-1.51998803	0.20749149	-0.11723043
3R	18048697	18083681	500	0.03913351	0.00225098	-0.39823508	-0.40936821	0.37478877	-2.00736261	0.70194052	0.03426301
3R	18083689	18133259	500	0.05181278	0.0019665	-0.37618382	-0.41048018	0.46265528	-1.35976785	1.03592745	-0.06233305
3R	18133287	18172622	500	0.02784181	0.00207064	-0.07298326	-0.07055504	0.46437299	-0.99762361	1.10415981	-0.06577249
3R	18172670	18198075	500	0.04555687	0.00322372	-0.19045614	-0.23761618	0.28781324	-0.74194016	0.66728137	-0.00414207
3R	18198095	18238494	500	0.04413842	0.00188881	-0.30124054	-0.33973666	0.38403133	-1.40960454	0.76663629	-0.1178138
3R	18238513	18263100	500	0.03306688	0.00300246	-0.4522224	-0.50908711	0.38916317	-1.7135373	0.79415795	-0.0687501
3R	18263116	18286598	500	0.03756955	0.00290902	-0.49177636	-0.52319493	0.25457438	-1.19611691	0.43811957	-0.05500449
3R	18286618	18316994	500	0.02806881	0.00276749	-0.3117429	-0.41884454	0.51952812	-1.14398017	2.30115018	-0.02033054
3R	18317047	18343530	500	0.03005398	0.00258076	-0.18063833	-0.26197295	0.42400247	-0.93963146	0.78665479	0.00016027
3R	18343692	18370568	500	0.02485444	0.00268513	-0.3365853	-0.34198822	0.27854159	-1.13301118	0.54092965	-0.0275011
3R	18370604	18390738	500	0.02783838	0.00356758	-0.26556464	-0.2389269	0.32802315	-1.14680086	0.43842122	-0.0243655
3R	18390759	18406359	500	0.0300013	0.00516726	-0.10027649	-0.135786	0.35562262	-0.79717117	1.09385713	-0.10849206
3R	18406365	18421636	500	0.03213966	0.00481367	-0.42660741	-0.43102751	0.27010635	-1.13988752	0.28188213	-0.04998509
3R	18421648	18440949	500	0.0466021	0.00355031	-0.37778878	-0.43184878	0.31809487	-1.09769601	0.71644258	-0.0512369
3R	18441226	18456815	500	0.03577886	0.00453833	0.34753258	0.42674983	0.45425388	-0.88536875	1.46926158	0.0023479
3R	18456833	18473278	500	0.05006411	0.00485171	0.26431395	0.25256843	0.42524741	-0.61653009	1.42850958	-0.10247607
3R	18473304	18496919	500	0.04629142	0.0029904	-0.01425933	-0.20946498	0.69268185	-1.25315345	1.64110871	0.01366282
3R	18496922	18516385	500	0.03733348	0.00414852	-0.60492244	-0.50426056	0.38555638	-1.96533803	0.05972052	-0.03462306
3R	18516439	18536025	500	0.03257182	0.00373612	-0.19885944	-0.27463744	0.38335435	-0.89311562	0.85191287	-0.01117895
3R	18536044	18551248	500	0.04230735	0.00485243	0.31361565	0.34835062	0.373195	-0.60263794	1.30450121	-0.01535975
3R	18551276	18574996	500	0.04656507	0.00353861	-0.26056626	-0.24044255	0.53145175	-1.40008265	0.96383372	0.06454954
3R	18575054	18589654	500	0.04792278	0.00523654	-0.72245137	-0.68338999	0.63192663	-2.25329909	0.93612603	-0.06300149
3R	18589670	18608846	500	0.02976115	0.00417082	-0.35615174	-0.34103213	0.33535365	-1.51615466	0.48126877	-0.03350494
3R	18608854	18629144	500	0.02619001	0.00399555	-0.56898029	-0.51533372	0.48557382	-2.1672969	0.42679025	-0.06546865
3R	18629308	18646311	500	0.01849165	0.00511174	-0.72516875	-0.6962144	0.32966801	-1.76972726	-0.02279554	-0.06912686
3R	18646325	18664543	500	0.02467269	0.00515338	-0.44165852	-0.42165938	0.25824001	-1.24508644	0.21012731	-0.02594546
3R	18664554	18953585	500	0.02673685	0.00031842	nan	nan	nan	nan	nan	-0.00510219
3R	18953648	18980515	500	0.0321684	0.0035609	-0.48601393	-0.5111364	0.2604079	-1.13582136	0.35095288	0.03585512
3R	18980554	18994076	500	0.02647738	0.00601683	-0.37946807	-0.38603031	0.47414277	-1.53479245	0.83088231	-0.04849021
3R	18994086	19020439	500	0.02885855	0.00318794	-0.1240608	-0.20698669	0.47328331	-1.10763205	1.53976507	0.00193468
3R	19020489	19046280	500	0.05540288	0.00344567	0.16075016	0.0975573	0.41481785	-0.79205886	1.12076373	-0.02256678
3R	19046287	19061658	500	0.05352952	0.00489307	0.52150742	0.52392942	0.44188105	-0.38332948	1.64068554	0.03281674
3R	19061667	19092274	500	0.04764103	0.00299915	0.51447256	0.54147892	0.46213707	-0.78483822	1.69400519	0.03120032
3R	19092287	19120836	500	0.04614041	0.00322369	0.76318665	0.80895076	0.52987146	-0.59689766	1.95254531	-0.0245235
3R	19120926	19141274	500	0.04877058	0.00458284	0.51540901	0.56973849	0.44541881	-0.62583299	1.48099621	-0.01610112
3R	19141295	19158762	500	0.05259639	0.00445257	-0.32299026	-0.14458697	0.68463712	-1.95188651	0.71346396	-0.01663587
3R	19158765	19173393	500	0.05372138	0.00535336	-0.9711915	-1.06434708	0.53145895	-2.21984858	0.39046093	-0.03481751
3R	19173408	19190634	500	0.04640072	0.00499782	-0.36890437	-0.33450805	0.33419878	-1.10286731	0.72736912	0.0862557
3R	19190639	19204604	500	0.05294768	0.00577255	0.0146907	-0.04181187	0.43832302	-0.82109982	1.5005268	-0.03668915
3R	19204631	19259260	500	0.05837954	0.00153868	0.82080075	0.69335826	0.65301981	-0.47891952	2.76699345	0.00874065
3R	19259283	19293222	500	0.04420686	0.00249186	-0.22901153	-0.32596035	0.59277507	-1.56646414	1.96632748	-0.03069748
3R	19293232	19310015	500	0.04290431	0.00474265	0.27749149	0.19930557	0.44257089	-0.70800208	2.06375623	0.00390355
3R	19310029	19326405	500	0.03072972	0.00467813	-0.31587922	-0.25798959	0.4810922	-1.42554479	0.6006538	-0.07341704
3R	19326579	19341777	500	0.03586663	0.00501221	-0.46036109	-0.45039049	0.33874112	-1.51278938	0.49553622	-0.11363299
3R	19341789	19360190	500	0.03361259	0.00450855	0.06437767	0.1127234	0.43811005	-1.08270272	1.00562013	-0.07953026
3R	19360197	19386162	500	0.05589127	0.00304372	0.25914668	0.13976913	0.58248081	-0.85908641	1.79131499	-0.00588002
3R	19386258	19418272	500	0.05508799	0.00292453	-0.24655355	-0.2591483	0.37680771	-1.08313589	0.86593337	-0.09043195
3R	19418317	19449949	500	0.05032063	0.00249666	0.13605456	0.12812535	0.45352229	-0.84531873	1.64206101	0.02742058
3R	19449968	19490857	500	0.03952182	0.00219831	0.0874167	-0.04192036	0.51656201	-1.07988901	1.42621854	-0.02189834
3R	19490860	19604775	500	0.04651482	0.00078078	-0.64387688	-0.51306185	0.55358921	-2.6333846	0.3264767	-0.0019909
3R	19604776	19652517	500	0.03253242	0.00174959	-1.00466142	-0.95836994	0.56562064	-2.62743938	0.57259364	-0.10062874
3R	19652557	19694406	500	0.04667799	0.00204295	-0.58408912	-0.58138177	0.26914899	-1.26477776	0.52560056	0.03507729
3R	19694436	19734002	500	0.03614078	0.00218043	-0.80984316	-0.78811495	0.36434869	-1.74331392	0.29744803	-0.00020433
3R	19734027	19779595	500	0.02542248	0.00166603	-0.3921902	-0.40578601	0.40779102	-1.31272062	0.84088724	-0.03357786
3R	19779612	19824005	500	0.01705629	0.00178897	-0.51311796	-0.48135498	0.32993871	-1.43727052	0.5213598	-0.0789712
3R	19824036	19890578	500	0.02950388	0.00116557	-0.62374066	-0.61868372	0.34670429	-1.67463013	0.33953178	-0.05907591
3R	19890622	19917861	500	0.04429189	0.00283517	-0.71300896	-0.67891158	0.44096567	-1.70285396	0.25615267	-0.03344417
3R	19917877	19935463	500	0.02371212	0.00410737	-0.70269053	-0.74419592	0.31789929	-1.43939746	0.06511407	-0.08007717
3R	19935478	19954234	500	0.02608955	0.00450129	-0.70843208	-0.71518536	0.23381737	-1.30029049	-0.08942309	-0.04212177
3R	19954283	19996189	500	0.02765606	0.00206958	-0.6865253	-0.71915812	0.32866486	-1.44439642	0.08956448	0.00887434
3R	19996211	20061481	500	0.04231901	0.00125266	-1.48966433	-1.44634664	0.55878824	-2.70146043	-0.12443408	-0.10146733
3R	20061483	20121593	500	0.04056127	0.00146546	-0.69116649	-0.69427971	0.41824545	-2.132097	0.559952	-0.03862156
3R	20121643	20147274	500	0.03636202	0.00327447	-1.3433488	-1.30618039	0.54026382	-2.5372151	-0.21009137	-0.09320295
3R	20147293	20167965	500	0.02971485	0.00369005	-0.90420452	-0.85740492	0.38937849	-1.86955817	-0.04563689	-0.01712201
3R	20167979	20193863	500	0.04425599	0.00272873	-0.64432981	-0.64551271	0.283246	-1.46097443	0.21152604	0.06921649
3R	20193912	20231841	500	0.03226846	0.00188189	-0.81564645	-0.90087839	0.42303749	-1.73393715	0.93044311	-0.07679572
3R	20231845	20255304	500	0.02569788	0.00370796	-0.72154264	-0.72157298	0.35320011	-1.56883233	0.71825637	-0.11658629
3R	20255331	20285857	500	0.02299619	0.00293081	-0.75634012	-0.73625556	0.36302278	-1.89699805	0.28045063	-0.05409297
3R	20285860	20321898	500	0.03619201	0.00253886	-0.73456274	-0.64501276	0.38412263	-1.90475275	0.00096037	-0.05033754
3R	20321925	20371984	500	0.04095731	0.00158251	-0.60554425	-0.64003381	0.32039481	-1.34238488	0.69484196	0.01719949
3R	20372120	20418100	500	0.05115574	0.00184633	-1.07516004	-0.96442774	0.53241708	-2.75636272	0.07654616	0.00409801
3R	20418123	20459839	500	0.03178736	0.00187125	-0.77790446	-0.71550691	0.30274547	-2.05799936	-0.20087958	-0.03870664
3R	20460022	20503086	500	0.03442198	0.00186499	-0.3635563	-0.37320761	0.26646198	-1.02757043	0.5627539	-0.04422433
3R	20503106	20542994	500	0.04377301	0.00219359	-0.35041602	-0.36090918	0.30502613	-1.21279713	0.98001923	-0.08424582
3R	20542997	20579794	500	0.04212157	0.0026168	-0.14419814	-0.19458411	0.45223288	-1.38765805	0.96237409	0.03305981
3R	20579806	20605496	500	0.02871428	0.00309839	-0.43501336	-0.45205762	0.28295507	-1.45971563	0.40092264	-0.01311135
3R	20605527	20638781	500	0.02305256	0.00281903	-0.70539323	-0.7121442	0.32180617	-1.63610966	0.42506588	-0.04334927
3R	20638815	20677391	500	0.05153369	0.00206478	-0.20182888	-0.23418422	0.25286272	-0.75641578	1.06306375	0.11932539
3R	20677394	20718475	500	0.05199736	0.00203508	-1.76826077	-1.74506938	0.64179336	-3.53939674	-0.29003241	-0.07229892
3R	20718477	20765350	500	0.04853736	0.0017045	-2.331957	-2.32556307	0.56606557	-3.74334897	-1.1987241	-0.05248871
3R	20766973	20802445	500	0.03980492	0.00236229	-1.92242906	-1.85788034	0.74321461	-3.92006412	-0.60723249	-0.05935544
3R	20802469	20839173	500	0.03383789	0.00221816	-0.79165442	-0.74826867	0.33523244	-1.85553535	-0.17171148	0.02868455
3R	20839176	20867457	500	0.03987722	0.00270437	-0.37269558	-0.34879116	0.28929758	-1.24855664	0.5500892	-0.01477638
3R	20867469	20891077	500	0.02486867	0.00334552	-0.59562832	-0.60725181	0.2165721	-1.26954883	0.3201517	-0.0231623
3R	20891097	20920195	500	0.03070821	0.00272718	-0.72453961	-0.76196916	0.31206925	-1.49202562	0.03769625	-0.08395413
3R	20920243	20954088	500	0.02569743	0.00209774	-0.49377123	-0.52648947	0.23744579	-1.11784066	0.54969035	-0.04317912
3R	20954136	20979655	500	0.03833297	0.00306544	-0.74960427	-0.73825112	0.27300625	-1.41023752	0.08308853	-0.06185906
3R	20979658	21027068	500	0.0328588	0.00154529	-0.95983916	-0.99272941	0.32639302	-1.82399169	-0.09360023	-0.04665503
3R	21027069	21071691	500	0.05896667	0.00209788	-0.24647367	-0.29930273	0.36926182	-1.01968019	0.80063236	0.18149056
3R	21071704	21099334	500	0.04444426	0.00326492	-1.95452694	-2.08455739	0.86518182	-3.54529985	0.14799774	-0.01071711
3R	21099336	21126663	500	0.04184341	0.00297767	-1.80835278	-1.89457453	0.80991429	-3.76934675	-0.40522572	-0.0177783
3R	21126675	21162697	500	0.06169717	0.00251391	-1.05416228	-1.07388967	0.57972003	-2.47034162	0.34384244	0.01468371
3R	21162750	21186312	500	0.04632063	0.00319444	-0.5171437	-0.56674453	0.31524567	-1.40886228	0.36914749	-0.01410794
3R	21186324	21244726	500	0.04069648	0.00144708	-0.60215351	-0.57555575	0.26683779	-1.32273785	0.01915371	-0.03417338
3R	21244765	21285281	500	0.04379425	0.00195996	-0.67395632	-0.64529173	0.3544528	-1.54676141	0.32358386	-0.1016861
3R	21285282	21313419	500	0.02838071	0.00316856	-0.8041242	-0.72361815	0.35352522	-2.14817679	-0.07415068	0.00454769
3R	21313441	21364193	500	0.03062823	0.00190565	-0.71711514	-0.70502997	0.3391038	-1.68912399	0.07198119	-0.06714584
3R	21364196	21416169	500	0.04046136	0.00157307	0.08074275	0.03088436	0.52873803	-0.97046795	1.4843771	-0.0177783
3R	21416215	21449040	500	0.04834086	0.00242405	0.02857661	-0.05097698	0.48323918	-0.8972484	1.6649952	-0.06311087
3R	21449081	21499328	500	0.04733204	0.00146579	0.3895918	0.3820051	0.41016824	-0.58775714	1.33050559	0.07349452
3R	21499330	21542274	500	0.04776125	0.00195804	0.44737494	0.47222098	0.51532185	-0.94338902	1.72132297	-0.04426079
3R	21542315	21562219	500	0.06974561	0.00365838	0.48740538	0.51574468	0.39185091	-0.40142034	1.66847631	-0.00744782
3R	21562223	21578973	500	0.04761184	0.00432579	0.02521444	0.02578721	0.37199769	-1.15308981	1.01807372	0.0056172
3R	21578976	21599696	500	0.06174127	0.00395824	0.33272605	0.35637187	0.34645659	-0.5529642	1.46956218	-0.02624929
3R	21599708	21623588	500	0.05518562	0.00356808	0.59868606	0.62177993	0.3897948	-0.45354698	1.55208484	0.02772442
3R	21623590	21642901	500	0.0523745	0.00396612	0.05841269	0.02905289	0.34797994	-0.64342998	1.06393303	-0.0555757
3R	21642915	21663487	500	0.0413394	0.00384369	0.35953056	0.15520939	0.71757116	-0.75530528	2.07481053	-0.06335394
3R	21663499	21683530	500	0.05577509	0.00391068	1.05727352	1.08447902	0.35261506	0.29680577	2.0489085	0.00050057
3R	21683537	21708627	500	0.08061103	0.0032978	1.17324117	1.19733467	0.47372769	-0.29352082	2.55452681	0.08421391
3R	21708648	21728413	500	0.05508111	0.00394089	0.70858543	0.70337263	0.4334389	-0.3938303	1.7528518	0.00533767
3R	21728510	21748765	500	0.03872671	0.00366391	-0.13435106	-0.16686784	0.28088335	-0.98479431	0.71561525	-0.08570424
3R	21748831	21769051	500	0.04171821	0.00348796	0.30588149	0.30768113	0.29601102	-0.29267079	1.31490449	0.00386709
3R	21769058	21824738	500	0.05346587	0.00146568	0.63958001	0.61212132	0.73145931	-0.88240202	2.26676346	0.05702652
3R	21824744	21874565	500	0.06648908	0.00187268	0.01792175	-0.0693094	0.6384229	-1.51167659	2.04047572	0.00087733
3R	21874566	21909766	500	0.03959903	0.00214744	-0.36255426	-0.34475358	0.24817208	-1.01614483	0.36674142	-0.07713602
3R	21909773	21946425	500	0.04215411	0.00195799	-0.25811219	-0.31432762	0.36474681	-1.00695218	0.97405886	-0.0316576
3R	21946428	21978436	500	0.02692996	0.00242623	-0.50085607	-0.51038397	0.26200614	-1.19523524	0.24331183	-0.07857013
3R	21978487	22005793	500	0.03408944	0.00253614	-0.38710059	-0.44797019	0.31052753	-1.3225611	0.44866954	-0.01837382
3R	22005798	22043453	500	0.03295062	0.00220194	-0.44885194	-0.45173858	0.26011708	-1.27546673	0.26757766	-0.0016506
3R	22043455	22074586	500	0.0356646	0.00270837	0.32701441	0.32025673	0.64122996	-1.09337757	1.90140618	-0.01324504
3R	22074598	22107418	500	0.03646294	0.0022812	0.16541682	0.20708558	0.58506649	-1.17191743	1.59464256	0.01393019
3R	22107427	22139382	500	0.03754659	0.00246841	-0.19757202	-0.19559354	0.3988814	-1.24183889	1.1244465	0.00271251
3R	22139468	22163534	500	0.04516449	0.00318107	-0.41008417	-0.42855741	0.28760058	-1.16319527	0.22381371	0.00508244
3R	22163592	22190336	500	0.035314	0.00275537	-0.35822724	-0.38067431	0.27479163	-1.22770713	0.39825504	-0.0670243
3R	22190406	22216703	500	0.03033276	0.00275175	-0.38715339	-0.40701402	0.30321415	-1.17206913	0.62411904	-0.09711638
3R	22216712	22238532	500	0.04301865	0.00389109	-0.28450874	-0.33799739	0.42141558	-1.3053274	1.24651704	-0.03040579
3R	22238543	22260201	500	0.04179459	0.00383198	0.19488515	0.13641843	0.35097961	-0.59901977	1.09640546	-0.08488995
3R	22260207	22286342	500	0.04133897	0.00297781	-0.3734271	-0.38031482	0.39100171	-1.24659846	0.86903513	-0.07082835
3R	22286372	22305707	500	0.03456885	0.00391204	-0.26632158	-0.24061052	0.31438402	-1.01983614	0.66209123	-0.01589451
3R	22305731	22347531	500	0.04276212	0.00196532	-0.33021174	-0.33624391	0.31753788	-1.1483401	0.61733276	0.06768515
3R	22347564	22375868	500	0.02375304	0.0029433	-0.5229646	-0.49739742	0.26766518	-1.4827774	0.25466727	0.01565599
3R	22375869	22410745	500	0.03823802	0.00225957	-0.47783213	-0.4986513	0.32362554	-1.28164887	0.43475745	-0.06655031
3R	22410931	22434434	500	0.02825408	0.00309971	-0.4438732	-0.44330435	0.24465232	-1.12843899	0.13928814	-0.02413458
3R	22434451	22450751	500	0.0250713	0.00453024	-0.68446929	-0.68350102	0.29709369	-1.49001191	-0.02100935	-0.13623851
3R	22450753	22481084	500	0.04384281	0.00244099	-0.49196035	-0.48397307	0.32058971	-1.42029251	0.62749493	-0.05795779
3R	22481093	22515557	500	0.03703992	0.0021965	-0.38815402	-0.36447416	0.4168279	-1.62312657	0.81677755	0.05588409
3R	22515584	22545181	500	0.04417504	0.00255002	-0.7330534	-0.68492341	0.38946108	-1.94850264	0.15093267	-0.05203903
3R	22545224	22567771	500	0.04929707	0.00346888	-0.66488876	-0.67731291	0.21294754	-1.34267561	-0.1094858	-0.03682284
3R	22567772	22587227	500	0.05993814	0.0042616	-1.49593256	-1.5396323	0.35617595	-2.25054511	-0.59711611	0.03197815
3R	22587233	22608267	500	0.0645962	0.00379906	-1.47091736	-1.45156367	0.36678627	-2.66996776	-0.71915799	-0.07119295
3R	22608280	22641616	500	0.04543325	0.00265315	-0.64328725	-0.69088314	0.37998337	-1.44869253	0.40552839	-0.12843596
3R	22641656	22664164	500	0.03427566	0.00355241	-0.28842568	-0.27739205	0.26148871	-1.06029089	0.37908471	-0.0215945
3R	22664175	22692488	500	0.0371299	0.00306352	-0.65548978	-0.60313609	0.35376952	-1.68815122	0.15374792	-0.00730198
3R	22692496	22721304	500	0.03661183	0.00307673	-0.51091354	-0.48563064	0.28063502	-1.20251676	0.27753318	0.00674747
3R	22721324	22748842	500	0.03594201	0.00299829	-1.21172157	-1.24678812	0.43317681	-2.31896298	-0.22888971	-0.05944051
3R	22748854	22766562	500	0.02634399	0.00387614	-0.34203955	-0.35885011	0.26454285	-0.91062851	0.34371555	-0.04227977
3R	22766606	22795559	500	0.03327683	0.00268881	-0.54572349	-0.50268358	0.41456356	-1.91015342	0.82280577	-0.091307
3R	22795626	22828720	500	0.02751738	0.00269214	-0.99745896	-0.92541899	0.35420946	-2.32807906	-0.3317023	-0.08862108
3R	22828801	22854560	500	0.03652532	0.00320172	-0.74134151	-0.74399206	0.43877198	-2.59418285	0.41148512	-0.05291408
3R	22854566	22881042	500	0.03008394	0.00287247	-0.72715225	-0.61563247	0.45304813	-2.11382393	0.07807605	-0.08292109
3R	22881043	22899616	500	0.04416165	0.00457306	-0.43446038	-0.42497679	0.28441516	-1.08658781	0.30690817	-0.0869682
3R	22899635	22924181	500	0.03526105	0.0030852	-0.83115785	-0.78168939	0.39526612	-1.78227267	0.13679577	-0.04200024
3R	22924256	22968702	500	0.04316394	0.001849	-0.65584078	-0.64033524	0.32282271	-1.35637508	0.17652904	-0.01700048
3R	22968708	22995694	500	0.04967168	0.00279952	-0.59631239	-0.61780548	0.27322044	-1.32060024	0.15333153	-0.08807417
3R	22995708	23024504	500	0.04046771	0.00236661	-0.51867215	-0.53448794	0.36616031	-1.36562843	0.38348867	-0.05540555
3R	23024508	23048854	500	0.04541197	0.00323328	-0.11333339	-0.07086332	0.48536907	-1.53852525	1.0202362	-0.07731832
3R	23048877	23074785	500	0.04405208	0.00305668	0.12121497	0.09354827	0.35928972	-0.5427734	1.15111481	-0.01512884
3R	23074799	23102026	500	0.03726277	0.00263006	0.1253878	0.11326264	0.46115526	-1.04260921	1.23953975	-0.04399341
3R	23102034	23129122	500	0.03778962	0.00263495	-0.36892216	-0.44682188	0.42850682	-1.347938	0.89708975	-0.02146081
3R	23129212	23156371	500	0.05147656	0.0030665	-0.09422779	-0.10624715	0.38436719	-1.01782058	0.88257536	-0.0304301
3R	23156374	23180258	500	0.04222071	0.00394254	-0.03689915	-0.09087875	0.3893011	-0.90261902	1.20613831	-0.07449871
3R	23180269	23225245	500	0.05065685	0.00174343	-0.03602535	-0.07592735	0.39781949	-0.78525759	1.04629548	0.02340993
3R	23225247	23261511	500	0.04784593	0.00212514	-0.24990517	-0.30197442	0.35629745	-1.21841598	0.83467893	-0.03044225
3R	23261533	23300738	500	0.0285619	0.00208932	-0.42301024	-0.44121281	0.25634684	-1.02063422	0.46260913	-0.00058109
3R	23300789	23326547	500	0.02990159	0.00318248	-0.19505489	-0.26669589	0.56448622	-1.38985121	1.40604234	-0.05191749
3R	23326901	23354890	500	0.05012792	0.00303276	-0.28777803	-0.35092699	0.36118284	-1.18581983	0.86070682	-0.00316979
3R	23354904	23379673	500	0.04242726	0.00292637	-0.57875626	-0.67997493	0.40732939	-1.29645107	0.80634813	-0.07058528
3R	23379676	23433281	500	0.03725297	0.0015182	-0.59070043	-0.63401385	0.2945157	-1.37559956	0.59196533	0.03482207
3R	23433765	23479563	500	0.04284467	0.00198077	-0.89471413	-0.88291891	0.30038608	-1.72095888	0.0388087	-0.06358486
3R	23479582	23514120	500	0.03817485	0.00238703	-0.63000598	-0.65477853	0.28307667	-1.28721368	0.07726148	0.02225534
3R	23514660	23551866	500	0.02358305	0.00232871	-0.4334913	-0.43039727	0.25706858	-1.13319472	0.26367313	-0.02729449
3R	23551926	23593222	500	0.04502938	0.00206453	0.05069932	0.02426343	0.39245044	-0.97948301	1.50136669	0.0108432
3R	23593296	23761868	500	0.02905646	0.00051594	-0.29603386	-0.29346805	0.40556309	-1.13502744	1.24008959	-0.06704861
3R	23761869	23784299	500	0.01818343	0.00432774	-0.13614625	-0.1060311	0.351968	-1.31932981	1.08221049	-0.04941387
3R	23784355	23816881	500	0.04083005	0.00245896	-0.16479071	-0.20252801	0.36484119	-1.06766933	0.93354882	0.00022104
3R	23817019	23853043	500	0.05184462	0.00233333	-0.23539769	-0.26104175	0.39415514	-1.19491952	0.95990153	0.05263911
3R	23853198	23889503	500	0.044002	0.00197319	-0.37384395	-0.34033089	0.34660336	-1.41776315	0.47543916	0.02797965
3R	23889543	23918540	500	0.05868876	0.00256231	0.21528237	0.21079208	0.65142885	-1.25061633	1.70014796	-0.0319979
3R	23918542	24031468	500	0.03239158	0.00058331	-0.56796891	-0.57725678	0.32632561	-1.4707178	0.35884162	-0.1436643
3R	24031497	24071334	500	0.03016229	0.00196249	-0.48772161	-0.46577623	0.2638665	-1.29794227	0.49891976	-0.1046394
3R	24071362	24097785	500	0.03332274	0.00293902	-0.2258111	-0.20177287	0.30159225	-1.07529376	0.68707367	-0.11691444
3R	24097827	24131270	500	0.03092277	0.00228752	-0.39995865	-0.35258066	0.29099107	-1.08507962	0.24674518	-0.04697102
3R	24131278	24162970	500	0.01926939	0.00256843	-0.6419673	-0.63168176	0.38518984	-1.6331365	1.34318113	-0.09257097
3R	24162992	24198215	500	0.03016916	0.00224302	-0.2214043	-0.30685318	0.44908253	-1.24325012	1.76279511	-0.06292857
3R	24198262	24263613	500	0.04932058	0.00119273	-0.92139458	-0.77458309	0.54254327	-2.7087894	-0.06217439	-0.02003885
3R	24263690	24335863	500	0.03533881	0.00124443	-1.02304918	-0.94750065	0.44839449	-2.31876053	-0.15639134	-0.05149212
3R	24335869	24371434	500	0.0426858	0.00210449	-0.84577012	-0.7937173	0.40786469	-1.95345599	0.02670697	-0.07254199
3R	24371442	24419796	500	0.03197687	0.00170565	-0.55964901	-0.52931442	0.36499118	-1.71830279	0.39327194	-0.01755954
3R	24419949	24439766	500	0.03887377	0.00440887	-0.58423439	-0.6581044	0.38520933	-1.22676447	0.60383485	-0.04260791
3R	24439794	24481267	500	0.03491415	0.00220522	-0.34654836	-0.34842438	0.31067413	-1.1435042	0.54070082	-0.04445524
3R	24481290	24534051	500	0.04157148	0.00145216	-0.61637809	-0.63586966	0.31651719	-1.33661156	0.49141667	-0.05251302
3R	24534052	24551015	500	0.03974446	0.00505836	-0.19194901	-0.15734456	0.38784269	-1.17995388	0.5483046	0.01245962
3R	24551016	24575409	500	0.02790295	0.00294286	-0.37211211	-0.31852639	0.35204553	-1.50522252	0.48118056	-0.06749829
3R	24575410	24594965	500	0.03547492	0.00422044	-0.30565118	-0.35295945	0.282241	-0.86726665	0.56953568	0.02186643
3R	24594969	24615409	500	0.04845011	0.00391352	-0.16363867	-0.18266039	0.35594914	-0.97191786	0.93184582	0.07908513
3R	24615410	24631684	500	0.03810424	0.00484935	-0.23271492	-0.23906991	0.32908114	-1.12436509	0.60897452	0.02235257
3R	24631708	24656532	500	0.04917352	0.0035003	-0.56887674	-0.56028688	0.21864723	-1.05802004	0.09947982	-0.00020433
3R	24656787	24677411	500	0.05621058	0.00423464	-0.10423717	-0.15856062	0.41780138	-1.10745762	0.79765902	-0.02351475
3R	24677418	24709046	500	0.04414854	0.00258552	0.17615037	0.18371623	0.55537965	-1.0137386	2.01507586	0.07235209
3R	24709058	24731927	500	0.03808327	0.00357991	0.3082482	0.23949266	0.5143822	-0.93463665	1.77554393	-0.13894874
3R	24731934	24762613	500	0.05196977	0.00288022	0.43339199	0.39814117	0.42917725	-0.5325078	1.53852109	0.04749817
3R	24762706	24783605	500	0.05638477	0.00411465	1.19122147	1.37463423	0.6690702	-0.45106606	2.43071975	0.11315141
3R	24783666	24861958	500	0.04218912	0.00114017	0.67747151	0.67703174	0.68136331	-0.89217537	2.62775016	-0.07928719
3R	24862016	24941573	500	0.07280607	0.00124782	0.78367753	0.86086176	0.78656711	-0.92698161	2.36974605	0.09617296
3R	24941648	24974008	500	0.05347802	0.00297045	0.81999137	0.7206848	0.64154259	-0.52031314	2.40755796	0.1108787
3R	24974009	25002788	500	0.03960226	0.00282831	0.38636959	0.34999751	0.43019157	-0.61988914	1.56349462	0.00194684
3R	25002794	25043924	500	0.05874429	0.00193943	0.74281336	0.70480318	0.42578773	-0.21048624	1.85722587	0.02924361
3R	25043930	25097831	500	0.09171035	0.00162462	1.07708049	1.04206483	0.4635986	0.02879441	2.20880297	0.05533718
3R	25097865	25148650	500	0.06739227	0.001721	1.00730332	0.94832359	0.42914007	-0.12898452	2.41780102	0.04603975
3R	25148674	25169697	500	0.07201813	0.00398687	1.29276806	1.42217859	0.51632893	-0.38239853	2.12423525	0.0773958
3R	25169701	25329811	500	0.04525204	0.00058282	0.36774087	0.40262284	0.6546427	-1.21901363	1.92934123	0.00729438
3R	25329935	25352256	500	0.03356093	0.00378172	-0.02256678	0.01683716	0.4030131	-1.0939613	0.81453944	0.00279758
3R	25352267	25379429	500	0.03662763	0.00318968	-0.35445957	-0.3722035	0.26105776	-1.0110924	0.50841673	-0.04249853
3R	25379512	25401708	500	0.03075289	0.0033854	-0.34242713	-0.35877798	0.33157776	-1.59161742	0.51854224	-0.0704759
3R	25401732	25427263	500	0.03192039	0.00334764	0.15501235	0.10768758	0.39750442	-0.68157405	1.24221467	-0.00733844
3R	25427271	25451601	500	0.03609014	0.00377094	0.24780779	0.24356436	0.31070106	-0.48272262	1.10508321	-0.01911519
3R	25451658	25475714	500	0.04987135	0.00374345	0.30493434	0.32860565	0.41188511	-0.62076922	1.31088716	-0.04072412
3R	25475749	25493544	500	0.05094301	0.00510859	-0.01466337	0.08966931	0.44928325	-1.63361552	0.66404657	0.00176454
3R	25493546	25512294	500	0.07588179	0.00536399	-0.92928212	-0.88498528	0.26485584	-1.77159145	-0.40342581	0.10367167
3R	25512310	25532516	500	0.04629337	0.00425969	0.12693384	0.10393624	0.41416197	-0.85514143	1.26823729	0.01242316
3R	25532573	25555933	500	0.03966652	0.00365262	-0.12624341	-0.2219288	0.45820403	-0.98290859	1.26781985	0.03638987
3R	25555939	25580272	500	0.0464008	0.00389329	-1.21760169	-1.2243012	0.58108088	-2.60682371	-0.06698869	-0.03831772
3R	25580287	25599579	500	0.05086255	0.00498238	-1.13370741	-1.18679282	0.35698672	-1.86672041	-0.07352334	-0.11589354
3R	25599622	25614333	500	0.05355874	0.00630391	0.01837393	-0.24530085	0.69321319	-1.01071339	1.6912312	0.11011303
3R	25614386	25627489	500	0.05767198	0.0062149	0.58724518	0.55380058	0.20875934	0.13315172	1.17769397	-0.01555421
3R	25627491	25652750	500	0.05589725	0.00367236	0.05165839	0.11070309	0.52627212	-1.23658673	1.34719307	0.01999479
3R	25652775	25685050	500	0.05579678	0.00262889	-0.8071958	-0.78706176	0.37581317	-1.64075548	0.19846708	-0.05422666
3R	25685077	25721016	500	0.06320395	0.00215771	-0.61813715	-0.6430708	0.5026621	-1.54876679	0.75088044	-0.04155056
3R	25721017	25743099	500	0.05278126	0.00388738	0.15508641	0.07223833	0.32855424	-0.66098942	1.14575033	0.10329491
3R	25743124	25760818	500	0.05639667	0.00506478	0.36896535	0.15965091	0.45109688	-0.16492293	2.02624451	0.04404658
3R	25760858	25796676	500	0.057865	0.00243233	1.09572123	1.09554966	0.54050793	-0.33381913	2.33820478	0.00645579
3R	25796681	25823204	500	0.04796515	0.00278585	0.59265125	0.56869859	0.52013189	-0.43511667	1.87493548	-0.05981727
3R	25823206	25844265	500	0.05375665	0.00391812	0.46929613	0.45727986	0.30603546	-0.25807977	1.37788722	0.02040801
3R	25844301	25860146	500	0.06731216	0.00495476	0.50662223	0.47637965	0.33682255	-0.12326833	1.32354024	0.0047543
3R	25860163	25874548	500	0.04162595	0.0045808	0.17945846	0.15003968	0.27235651	-0.42936291	0.94460581	-0.03225312
3R	25874582	25890838	500	0.06070935	0.00543151	0.80557125	0.79588257	0.4384869	-0.41562181	1.94048203	0.12440555
3R	25890891	25915217	500	0.05562366	0.00326322	0.69474411	0.71710092	0.47258104	-0.42714002	1.87189935	-0.05927037
3R	25915219	25933832	500	0.06848323	0.00425597	0.51086955	0.44584134	0.40610916	-0.18838548	1.81053224	0.04667174
3R	25933881	25964995	500	0.09250922	0.00289145	-0.25262569	-0.37702452	0.4361304	-1.19651081	0.55303097	0.15969933
3R	25965001	25994655	500	0.05953541	0.00278435	-1.20451405	-1.21611237	0.22636718	-1.75408718	-0.56165173	-0.05659659
3R	25994671	26021333	500	0.0666348	0.00306562	-0.84093021	-0.72060118	0.49194104	-2.11280487	0.08316246	0.03702185
3R	26021348	26057482	500	0.07808713	0.00250567	-0.24101177	-0.15828317	0.50238459	-1.35280697	1.04384288	0.08570879
3R	26057484	26080637	500	0.05036961	0.00307684	-1.14892486	-1.13091265	0.51731717	-2.22445656	-0.10562762	-0.04670364
3R	26080673	26107005	500	0.03823555	0.00266785	-0.94773585	-0.91893369	0.58107402	-2.89314306	0.24143221	-0.06591833
3R	26107086	26127908	500	0.04490595	0.0033722	-0.83878225	-0.79111939	0.2661407	-1.65651521	-0.21324623	-0.08402705
3R	26127921	26164671	500	0.03442214	0.00210222	-0.76406577	-0.73098186	0.31369402	-1.45402586	0.43559048	-0.0576661
3R	26164917	26191866	500	0.03810274	0.0030567	-0.57880947	-0.64640165	0.40342354	-1.48026042	0.63155724	-0.1015281
3R	26191893	26216458	500	0.02797834	0.00327584	-0.42112465	-0.42005104	0.30753947	-1.11384463	0.45195265	-0.05849254
3R	26216484	26235154	500	0.03409103	0.00404806	-0.50984685	-0.49933993	0.26047355	-1.34543399	0.11967457	-0.04813775
3R	26235174	26254992	500	0.0396124	0.00397141	-0.52973493	-0.55072135	0.32420131	-1.49355329	0.53357198	-0.05850469
3R	26255029	26276988	500	0.04750591	0.0035304	-0.69844484	-0.71934709	0.25214333	-1.3156513	-0.08652511	-0.07610297
3R	26276989	26303306	500	0.03832296	0.0028376	-0.48988363	-0.45754151	0.40845719	-1.52090774	0.69880472	-0.02736742
3R	26303307	26324151	500	0.04294896	0.0039066	-0.27767385	-0.29138335	0.42785176	-1.63773818	0.90180417	-0.02435335
3R	26324162	26344513	500	0.04162863	0.0035862	-0.35257873	-0.35217639	0.34873437	-1.1642479	0.56188362	-0.00482266
3R	26344515	26381217	500	0.06019423	0.00211882	-0.22061945	-0.25119835	0.35982702	-1.12739177	0.77336546	-0.0098056
3R	26381298	26404321	500	0.06425709	0.00332202	0.56004781	0.59791487	0.32955147	-0.08488203	1.42201954	-0.08947182
3R	26404328	26434476	500	0.03341201	0.00253508	-0.11938979	-0.13539071	0.29880529	-0.81587868	0.96232852	0.07605891
3R	26434503	26472623	500	0.03852171	0.00209038	-0.10538693	-0.18761556	0.48893088	-1.32043709	1.61773007	-0.01672095
3R	26472674	26502696	500	0.05907752	0.00293506	0.77514405	0.74677577	0.45597556	-0.38461521	2.13956644	0.04433826
3R	26502723	26533325	500	0.06161178	0.00297164	0.37292978	0.36963149	0.38756791	-0.76275351	1.33649757	0.10521517
3R	26533342	26573126	500	0.06124376	0.00228396	0.07030144	0.03763846	0.35429217	-0.73455922	1.13879404	0.08285272
3R	26573129	26604988	500	0.04586539	0.00228376	1.0005461	1.16385905	0.62506773	-0.67317693	2.23152479	-0.09161084
3R	26605090	26652013	500	0.06675631	0.0019099	1.08854683	1.11685603	0.59208016	-0.30368723	2.62095761	0.02929222
3R	26652024	26685676	500	0.04865821	0.002893	0.69604306	0.81083358	0.69760456	-0.83749946	2.04514819	-0.06836119
3R	26685680	26730931	500	0.04487051	0.00177241	-0.55927849	-0.54762163	0.24727285	-1.29069644	0.23141838	-0.08101299
3R	26730939	26763522	500	0.05119753	0.00260642	-0.22587126	-0.42003539	0.52624582	-1.12143299	1.37057822	-0.14050439
3R	26763577	26811365	500	0.05143542	0.0018608	-0.31801288	-0.2183369	0.54859143	-1.47197481	0.61756195	0.02985128
3R	26811370	26850818	500	0.05121622	0.00217689	-0.06070754	-0.09644478	0.38957395	-0.79212513	1.1311738	0.07494079
3R	26850865	26880644	500	0.04426356	0.00249339	-0.15173335	-0.30756911	0.59837516	-1.42374868	1.32465329	-0.05916098
3R	26880646	26924552	500	0.07555728	0.00170868	-0.79351932	-0.85504961	0.49457657	-1.66651931	0.8132155	0.11783051
3R	26924573	26958170	500	0.07006778	0.00265272	-0.39067318	-0.31670507	0.35701764	-1.34482523	0.33177204	-0.06755906
3R	26958401	27009218	500	0.07287216	0.00159792	-0.57202235	-0.51013828	0.34090354	-1.40568117	0.35688526	-0.01906657
3R	27009266	27051204	500	0.07218095	0.00222986	-0.81904494	-0.82551207	0.48492317	-2.19179016	0.10242498	0.1483115
3R	27051228	27087315	500	0.04640486	0.00214786	-0.75916729	-0.84898036	0.4254182	-1.53027705	0.30268757	-0.10852852
3R	27087330	27118538	500	0.05334803	0.00292239	0.08164951	0.04156871	0.35565968	-0.74962658	1.11099741	0.10954182
3R	27118618	27145521	500	0.05342868	0.00334741	-0.31740616	-0.32038767	0.31163231	-1.00667261	0.36063558	0.02908561
3R	27145541	27181132	500	0.05532897	0.00222097	-0.30439685	-0.33792222	0.48573754	-1.37137602	0.55587482	-0.04244991
3R	27181158	27224857	500	0.04795543	0.00205154	1.17752633	1.13064547	0.63343171	0.1020016	2.85777829	0.00900802
3R	27224883	27253781	500	0.06097842	0.00280206	1.71444399	1.60024632	0.47003738	0.7354845	3.46656389	0.02790672
3R	27253826	27296258	500	0.07160427	0.00207723	0.8454981	0.78043123	0.28330172	0.19488308	1.8477195	0.10835077
3R	27296260	27326041	500	0.06957478	0.00308882	0.96545065	0.85455338	0.39453409	0.17883096	1.95685739	0.09612435
3R	27326051	27365274	500	0.05243903	0.00198163	1.01762679	0.97238852	0.47668123	-0.19476178	2.2456422	-0.04073627
3R	27365276	27403857	500	0.0543115	0.00213979	1.01626245	1.08125085	0.58556623	-0.62542762	2.57670207	0.04027899
3R	27403873	27420939	500	0.06681574	0.00531548	1.5858144	1.62853813	0.53319688	0.2270041	3.05476455	0.02684937
3R	27420957	27444136	500	0.04041183	0.00391046	1.4875488	1.56430177	0.83945442	-0.29027246	3.06949805	0.00327157
3R	27444145	27479510	500	0.04029145	0.00199674	0.34347982	0.34991942	0.35771962	-0.8780848	1.34953688	-0.01063204
3R	27479598	27505840	500	0.03586077	0.00296503	0.53841786	0.41972431	0.65281252	-0.42661333	3.0312374	-0.08820786
3R	27505850	27524967	500	0.04615465	0.00415446	1.80823186	1.80071842	0.56834521	0.2872935	3.3048305	-0.00929515
3R	27524997	27552151	500	0.04874073	0.00319923	1.86791226	1.93212184	0.64934659	-0.48568012	3.00506549	0.01156026
3R	27552174	27571453	500	0.03837071	0.00424335	0.93751384	0.80106517	0.74529432	-0.51502031	2.8319327	-0.07962749
3R	27571493	27590338	500	0.04260895	0.00388786	0.51781303	0.49171921	0.30067887	-0.60303678	1.30051873	-0.06469083
3R	27590340	27620608	500	0.05250797	0.00284229	1.02310369	1.03187022	0.45184927	-0.11621603	2.05070389	0.05199497
3R	27620610	27637416	500	0.06346469	0.00498345	0.72304814	0.61943546	0.33039324	0.17211896	1.60548015	0.03496791
3R	27637423	27666667	500	0.05790055	0.00267332	0.16958099	-0.02309662	0.47846579	-0.58768693	2.12214322	0.04240586
3R	27666669	27694026	500	0.04071192	0.00303828	0.93592686	1.02391188	0.47579706	-0.56703172	2.04883918	0.13305885
3R	27694042	27719534	500	0.06705493	0.00340951	1.55617867	1.61916986	0.59312024	-0.10304201	2.85201141	0.2216579
3R	27719537	27747819	500	0.07497644	0.00297765	0.62173016	0.55904939	0.55238017	-0.57941898	2.42397678	0.06593504
3R	27747820	27783483	500	0.05492811	0.00234	0.39930988	0.32793698	0.48868092	-0.60114724	1.89639616	0.03974424
3R	27783583	27801149	500	0.05068692	0.00497332	0.87545504	0.87465117	0.40212691	0.08477823	1.9200114	0.03511375
3R	27801152	27813385	500	0.03534123	0.00674279	0.92160308	0.92262356	0.32782661	0.03066385	1.89010297	-0.0519418
3R	27813396	27828747	500	0.02632055	0.00520466	0.91415494	0.90164925	0.52082605	-0.22350625	2.27043613	-0.03326187
3R	27828776	27845117	500	0.02884961	0.00439194	-0.15837909	-0.19470545	0.33444662	-1.07287574	0.92395046	-0.08953259
3R	27845226	27865011	500	0.04966637	0.00412653	0.52139291	0.50807094	0.52676259	-0.57514959	1.88051017	-0.07024498
3R	27865031	27879899	500	0.02865609	0.00509668	1.0524779	1.08044039	0.3630334	0.23079239	2.15133143	-0.0592096
3R	27879911	27896001	500	0.0331151	0.00518792	0.56140324	0.52730749	0.53905058	-0.38468378	2.15025926	-0.05869915
3R	27896144	27913249	500	0.04043632	0.00481205	0.6096042	0.59020306	0.31056845	-0.31042421	1.31308375	-0.09219421
3R	27913259	27933481	500	0.03273514	0.00389034	0.27586864	0.26197076	0.42114672	-0.52508601	1.70276366	-0.0925102
3R	27933511	27958831	500	0.03658836	0.00353267	1.12869695	1.1693238	0.51204732	-0.20716836	2.34661378	-0.06746183
3R	27958832	27984270	500	0.05064398	0.00299422	0.83962752	0.80533432	0.60976455	-0.49323386	2.49212592	-0.1330786
3R	27984271	28007856	500	0.04966623	0.00386845	1.14285598	1.18266383	0.51607834	-0.19863208	2.32736677	-0.00333994
3R	28007867	28026576	500	0.05065158	0.00440096	1.36031633	1.38493512	0.4042157	0.07046353	2.41921884	-0.05993881
3R	28026579	28045676	500	0.07936136	0.00462784	1.59732239	1.5857942	0.42718443	0.58775033	2.68558496	-0.06709722
3R	28045703	28065433	500	0.06422417	0.00445017	1.88164619	1.83313576	0.64032768	0.25180557	3.43398205	-0.19367597
3R	28065437	28088138	500	0.09204996	0.00444669	1.9544906	2.03294153	0.48379401	0.3355888	3.09792567	-0.06326887
3R	28089521	28123027	500	0.06055981	0.00258461	1.68044859	1.8366343	0.54731175	0.17992467	2.67265679	-0.10491893
3R	28123042	28143692	500	0.09874087	0.0052719	2.50260854	2.47311506	0.65035047	0.69635235	3.83566692	0.19307285
3R	28143713	28173933	500	0.09481264	0.0034537	2.40809668	2.48476438	0.73035004	0.39455024	3.64571321	0.10282093
3R	28173935	28216394	500	0.09490485	0.00199205	1.77571188	1.73294075	0.67089842	-0.15567618	3.24797778	-0.0958038
3R	28216407	28259861	500	0.09433136	0.00218859	2.02924723	1.97295674	0.60331762	0.49557925	3.5390891	-0.04361665
3R	28260004	28305702	500	0.07710445	0.00199991	1.90292171	1.88497363	0.72878943	-0.49672407	3.38328888	-0.02349045
3R	28305706	28334199	500	0.06371169	0.00275933	2.28985596	2.32801869	0.56529371	0.62075673	3.46889399	-0.09704346
3R	28334205	28360087	500	0.05840644	0.00315021	2.44042008	2.4521036	0.51388452	0.84421387	3.61023215	-0.1375754
3R	28360098	28389489	500	0.05732332	0.0028371	2.43098982	2.51448264	0.50901499	0.96159188	3.42892163	-0.06792366
3R	28389543	28421122	500	0.09943224	0.00265781	2.4642629	2.46437071	0.50403435	1.17962161	3.85498498	-0.10979248
3R	28421149	28451106	500	0.11487572	0.00281901	2.8053038	2.70248436	0.60501894	1.22327794	4.54991981	-0.00997575
3R	28451125	28477628	500	0.12880587	0.00341467	3.58784329	3.58121108	0.64025323	2.27851983	5.12323038	0.43825766
3R	28477637	28515540	500	0.15924836	0.00241071	3.6573401	3.6811383	0.55271307	1.99305248	5.3747568	0.65677767
3R	28515557	28549302	500	0.243286	0.00264893	4.20807111	4.21814338	0.59637445	2.0861135	5.59481024	0.97792188
3R	28549351	28578145	500	0.31211223	0.00326584	4.54680422	4.55918309	0.37683253	3.54413856	5.50855177	1.22304592
3R	28578169	28605610	500	0.36504471	0.00417998	5.31429551	5.35395678	0.63525855	3.60932015	6.94755049	1.75465237
3R	28605656	28633711	500	0.35974774	0.00344799	5.16430379	5.12669504	0.70144468	3.7863641	6.97564983	1.44003459
3R	28633718	28667020	500	0.34914397	0.0032808	4.82818603	4.8360467	0.52067731	3.15157516	5.92096931	1.63126999
3R	28667084	28699498	500	0.25014471	0.0026158	4.97298946	5.0829309	0.63499982	2.90611734	6.30448621	1.04380603
3R	28699505	28732883	500	0.23531924	0.0028059	4.31667249	4.33828424	0.44951732	3.05431521	5.37836644	1.12659571
3R	28732902	28759378	500	0.26031423	0.00403659	4.45060127	4.30403516	0.59126377	2.91711322	5.6720706	1.40788857
3R	28759416	28784358	500	0.22743408	0.00376661	4.13808254	4.04761584	0.53809035	2.8790294	5.47641678	1.08826355
3R	28784376	28801915	500	0.24539956	0.00531724	4.50995884	4.47240269	0.4778204	3.37706454	5.73983381	1.14656391
3R	28801932	28828930	500	0.19176527	0.00378033	4.33631171	4.43793029	0.67850904	2.36926882	5.86520836	1.07709448
3R	28828934	28873521	500	0.18431849	0.00243394	3.58048681	3.63671863	0.71021102	1.14923008	5.06952294	1.14611423
3R	28873525	28900328	500	0.20957334	0.00371432	3.12589122	2.94420058	0.73841839	1.81916497	4.53788007	0.97061763
3R	28900333	28946546	500	0.18346519	0.00251413	1.61687419	1.63794988	0.23868698	1.19695876	2.22303622	0.75908588
3R	28946554	28985861	500	0.1508797	0.00282775	2.07718283	2.11510884	0.43221924	1.11596307	3.17977519	0.38119695
3R	28986348	29018296	500	0.12178154	0.00300655	2.33095761	2.29511622	0.37683101	1.21690067	3.12063403	0.22091653
3R	29018308	29052539	500	0.12675009	0.00292312	2.3469882	2.37529999	0.44355673	1.31932499	3.4641899	0.10644267
3R	29052586	29075859	500	0.07245033	0.00384847	2.35165344	2.34745046	0.5379978	0.88029891	3.69663005	0.06021074
3R	29075908	29101007	500	0.07186558	0.00402789	1.47562141	1.50483082	0.55691865	0.34509622	2.72460372	0.04156726
3R	29101011	29150862	500	0.09292636	0.0017954	0.93452679	0.93860355	0.28201413	-0.18939819	1.37988968	0.08194121
3R	29150878	29190769	500	0.07220716	0.00211462	1.46519941	1.43568747	0.32891458	0.62915234	2.74063388	-0.03348063
3R	29190782	29215179	500	0.0963912	0.00375984	1.65004106	1.69299475	0.25276763	0.73402991	2.17314295	0.12134287
3R	29215193	29246331	500	0.09523185	0.00302398	1.01169263	1.00339554	0.47200623	0.13455721	1.99157635	-0.0066943
3R	29246349	29272936	500	0.10730083	0.00342868	-0.24976009	-0.34322502	0.31904215	-0.79086797	0.67915815	0.08570879
3R	29272941	29304182	500	0.07355243	0.00331747	0.0613355	0.02765773	0.30455536	-0.42093415	0.69559467	0.04599114
3R	29304218	29326761	500	0.08262449	0.00440455	0.09955596	0.21290341	0.26467917	-0.44641278	0.61866587	0.10554331
3R	29326788	29358562	500	0.08861799	0.00308763	0.20347053	-0.14803536	0.70070072	-0.5005996	1.79914822	-0.08446458
3R	29358574	29393719	500	0.07089223	0.00274437	1.40218334	1.42260942	0.35748517	0.32593455	2.37609785	-0.04230407
3R	29393732	29437287	500	0.05588716	0.00221122	nan	nan	nan	nan	nan	0.01034491
3R	29437313	29984955	500	0.08319195	0.00018153	nan	nan	nan	nan	nan	0.33892706
3R	29984973	29998724	500	0.09718828	0.00616706	nan	nan	nan	nan	nan	0.09946656
3R	29998901	30022816	500	0.06028378	0.00352102	1.53487163	1.5339088	0.78951532	-0.09434376	3.46341068	0.1596021
3R	30022830	30058676	500	0.06552692	0.0023914	2.0456195	2.03164637	0.54485827	0.75111996	3.33838837	0.11448829
3R	30058823	30097993	500	0.08907594	0.00213117	2.04473185	2.05339964	0.57750019	0.4686223	3.49982172	0.15148356
3R	30097997	30125036	500	0.0890017	0.00316762	2.13344872	2.17062624	0.55397127	0.79804601	3.63459261	0.10255355
3R	30125038	30149388	500	0.07294635	0.00368337	1.81551981	1.83086661	0.36066376	0.49340811	2.98070618	0.08411668
3R	30149389	30175047	500	0.05160203	0.0032579	1.32753112	1.36768961	0.56675727	-0.34445994	2.51925261	-0.07107142
3R	30175148	30202295	500	0.06680987	0.00334329	1.48330175	1.52613182	0.3649439	0.27600114	2.35120389	-0.05598892
3R	30202777	30225544	500	0.09132751	0.00406783	2.07648587	2.02724449	0.32529598	1.33366243	3.08046379	0.06148686
3R	30225579	30249217	500	0.14489468	0.00409152	1.59693772	1.66481453	0.3456571	0.44088979	2.23277494	0.13318038
3R	30249239	30274623	500	0.11741189	0.00360488	1.49091006	1.26309676	0.49094657	0.80062469	2.99822506	0.10881261
3R	30274690	30301139	500	0.08128632	0.00331018	1.65476063	1.69061763	0.6268902	0.35410924	2.96037289	0.0175884
3R	30301150	30324631	500	0.05061469	0.00364897	1.0585891	1.12155861	0.5115538	-0.23977484	2.10317294	-0.04663072
3R	30324640	30345517	500	0.03601955	0.00406822	0.64508708	0.60335551	0.29544454	-0.52786459	1.74909358	-0.07217739
3R	30345960	30377916	500	0.05444387	0.00292958	1.37357292	1.47172383	0.66725838	-0.1729659	2.78757663	-0.00694953
3R	30377922	30399609	500	0.08919614	0.00381138	1.33790539	1.25944975	0.43092088	0.47583535	2.57192789	-0.01994162
3R	30399640	30419459	500	0.03792394	0.004184	0.24654562	0.17388913	0.54514077	-0.80472408	1.85279221	-0.08346799
3R	30419463	30450858	500	0.04993131	0.0026328	0.34441155	0.33864853	0.42775497	-0.58509608	1.47419052	-0.02662605
3R	30450935	30470539	500	0.03476712	0.00374229	-0.34799048	-0.38574222	0.287253	-1.07204899	0.45571844	-0.04738424
3R	30470562	30485408	500	0.02306315	0.00564718	-0.06201081	-0.0586884	0.27221446	-0.95892539	0.6455729	-0.08470765
3R	30485437	30499881	500	0.02746131	0.00578539	-0.41480482	-0.41690127	0.27659947	-1.05157637	0.28970444	-0.16072782
3R	30499901	30517184	500	0.05248856	0.00512363	0.74070626	0.88877545	0.59425815	-0.74502762	1.60530897	0.00074364
3R	30517194	30540152	500	0.04002475	0.00424335	0.98943458	0.99645891	0.44673304	0.03361912	2.27375507	0.03776322
3R	30540167	30560477	500	0.08355434	0.00448042	0.41186716	0.43088251	0.43165128	-0.63014269	1.42331347	-0.01188385
3R	30560481	30583181	500	0.04399078	0.00413239	-0.18158609	-0.22640704	0.36330803	-0.99296372	0.91117152	-0.00827426
3R	30583196	30603202	500	0.04165157	0.00409441	0.49209148	0.40767387	0.49749397	-0.3739998	1.52160954	-0.08125606
3R	30603204	30620071	500	0.05477485	0.00543374	1.13178648	1.18369895	0.35159595	-0.00464558	2.08263071	0.0444841
3R	30620080	30635936	500	0.04696802	0.00492464	0.62642009	0.67125016	0.46506743	-0.56978593	1.59459505	-0.10662042
3R	30635951	30656231	500	0.04317137	0.00396704	0.6751198	0.67268034	0.3941342	-0.28745437	1.68896877	-0.03572903
3R	30656232	30679946	500	0.06203955	0.0039513	-0.26908089	-0.26619203	0.55805459	-1.486869	1.40001907	0.09588128
3R	30679947	30701736	500	0.06373995	0.00370178	-0.01403184	-0.0035505	0.72227487	-1.74644242	2.07140285	-0.13042914
3R	30701766	30716851	500	0.04896365	0.00553812	-0.67893844	-0.55861732	0.43002577	-2.05878862	0.08294174	-0.08452535
3R	30716883	30730323	500	0.04345445	0.00616384	0.3125701	0.25516043	0.42048304	-0.5076897	1.42348007	0.0401453
3R	30730348	30751381	500	0.03842154	0.00383486	-0.09795546	-0.16314951	0.49625924	-1.05052049	1.32310354	-0.06809381
3R	30751405	30768390	500	0.03674944	0.00423455	-0.09407701	-0.06579061	0.35448814	-0.94124798	0.68924332	-0.04197593
3R	30768412	30783647	500	0.03661129	0.00535188	-0.31830949	-0.3651855	0.30795643	-1.06750225	0.52670749	-0.00917362
3R	30783677	30804194	500	0.02882676	0.00395787	-0.35021019	-0.38090588	0.30497482	-1.38617312	0.50915199	-0.1211317
3R	30804217	30832392	500	0.0304691	0.00281687	0.49221066	0.51877058	0.6932685	-1.07657612	2.08225598	-0.03176698
3R	30832409	30857176	500	0.05525252	0.00350127	0.8014604	0.83338261	0.42385105	-0.30297683	1.82531209	-0.03497551
3R	30857184	30874907	500	0.05396674	0.00443329	0.9873073	0.99939931	0.43555251	0.03894164	2.33198677	0.03693678
3R	30874913	30906128	500	0.0622987	0.00260828	0.47264147	0.38874065	0.67486477	-0.752647	2.47359427	0.10954182
3R	30906146	30935585	500	0.04830357	0.00295404	1.17478328	1.31795352	0.63882863	-0.27874144	2.39081188	-0.00625678
3R	30935621	30949772	500	0.05950926	0.00599244	0.94317298	0.96841997	0.40445624	-0.45346114	2.06355949	0.01823253
3R	30949780	30963650	500	0.05086715	0.00596492	0.54639888	0.53574227	0.29900749	-0.26041871	1.40974743	-0.05028893
3R	30963655	30976151	500	0.04146513	0.00643129	0.75496594	0.80168347	0.48792028	-0.41001893	1.89901602	-0.01922457
3R	30976152	30990757	500	0.05265856	0.00548011	1.66835509	1.68326486	0.36278989	0.58104118	2.52423184	-0.03933862
3R	30990760	31006912	500	0.06337457	0.00496533	1.65572274	1.64127612	0.37471632	0.86289576	2.63838026	0.05110776
3R	31006936	31025931	500	0.05162317	0.00422747	1.1052425	1.06179462	0.62453266	-0.29876962	2.94012739	-0.0261156
3R	31025960	31043027	500	0.05657951	0.00438719	0.72217149	0.71374143	0.28796517	-0.22523121	1.85061086	-0.03743052
3R	31043067	31075575	500	0.04401252	0.0022875	0.56984858	0.57719122	0.50028539	-0.69532876	2.3721954	-0.06052218
3R	31075579	31117018	500	0.03776528	0.00199394	0.79258884	0.82037784	0.73814942	-1.23499364	2.3689486	0.05977321
3R	31117040	31167203	500	0.0420721	0.00178638	0.12477518	0.08629459	0.53268254	-1.30728504	1.59482014	-0.00969622
3R	31167469	31186569	500	0.04328926	0.00458706	-0.05410611	-0.04062793	0.50281675	-1.10700761	1.29559732	-0.01407148
3R	31186589	31220188	500	0.06031882	0.00271137	0.22758017	0.22506151	0.35207256	-0.81310056	1.16760011	-0.03807465
3R	31220254	31243171	500	0.06817311	0.00401131	0.75825454	0.75255326	0.38156832	-0.20230349	1.95419763	0.06259283
3R	31243385	31273212	500	0.04042254	0.00299249	0.68621364	0.53326577	0.57929294	-0.50043939	2.00109334	0.01042998
3R	31273219	31354874	500	0.06354744	0.00095732	1.16493741	1.03370634	0.83505305	-0.43393211	3.3751409	-0.02040346
3R	31354875	31377477	500	0.05706256	0.00380561	1.69370518	1.77181418	0.62537312	0.02856799	2.99605047	0.02925576
3R	31377503	31405454	500	0.05923837	0.00301387	1.305742	1.23856135	0.44800457	0.08267752	2.52343489	-0.08735711
3R	31405456	31429004	500	0.04296515	0.00321118	1.25917499	1.17296609	0.53641006	0.13873751	2.93197246	-0.07909273
3R	31429008	31463931	500	0.04851858	0.00216237	1.19132322	1.2457059	0.43080044	-0.1400923	2.22761935	-0.00185721
3R	31463937	31481041	500	0.05438057	0.00463633	0.83960046	0.87874123	0.40330267	-0.43592292	1.79732559	0.0118884
3R	31481043	31516730	500	0.04860609	0.00223501	0.54344814	0.44838157	0.56444891	-0.93113099	2.02285366	0.07558492
3R	31516737	31539919	500	0.04589236	0.00356538	0.14008904	0.21934376	0.56712089	-0.99665864	1.67669777	0.03113956
3R	31539926	31570528	500	0.05891759	0.00264357	0.50022093	0.6089477	0.6424336	-0.90679607	1.94689764	0.06361372
3R	31570532	31597028	500	0.06080845	0.00318996	0.55717256	0.5135709	0.43771661	-0.46080098	2.06198251	0.10333137
3R	31597057	31637631	500	0.062757	0.00187574	-0.21169558	-0.2124681	0.43077265	-1.60481194	1.04239086	-0.00290241
3R	31637670	31663956	500	0.05034434	0.00307555	-0.03158049	-0.04346433	0.34591158	-0.88904264	0.81219136	-0.05670598
3R	31663982	31702476	500	0.04270005	0.00222282	0.68730526	0.75203868	0.47923141	-0.83954938	2.06191897	-0.04129533
3R	31702479	31729721	500	0.05395398	0.00283596	1.252943	1.24961832	0.67696757	-0.52563081	2.82073244	0.02998497
3R	31729770	31827850	500	0.07447047	0.00082633	1.27998705	1.69338833	1.17377507	-1.39010873	3.7481173	0.0827798
3R	31827862	31870513	500	0.04114018	0.00212979	1.15512375	1.2503706	0.59362702	-0.72978439	2.42953692	-0.00745997
3R	31870530	31953675	500	0.05252973	0.0008912	0.61698012	0.67227605	0.67275465	-1.03445699	2.47587263	0.01354128
3R	31953693	31967151	500	0.04666556	0.00563122	1.00489539	0.95589513	0.5137933	0.07858223	2.29954505	-0.08757588
3R	31967154	31981258	500	0.05177233	0.00565535	0.69460546	0.70994266	0.52342934	-0.83624792	1.68152121	-0.0580064
3R	31981287	31993894	500	0.04741928	0.00576142	1.17712554	1.12367821	0.3182044	0.63237469	2.11938782	-0.05934329
3R	31993895	32008799	500	0.08169221	0.00521297	0.92283011	1.10898927	0.54035043	0.07387835	2.27682183	0.16045285
3R	32008828	32023957	500	0.06927669	0.00583394	0.37748975	0.4024324	0.35406725	-0.39260173	1.08863541	0.00621272
3R	32023973	32043568	500	0.11512348	0.00582823	0.2891864	0.20047521	0.32609353	-0.39025136	1.21476875	0.72309935
3R	32043591	32056763	500	0.09081505	0.00696557	0.39331462	0.34569888	0.27288963	-0.1833273	1.3956901	-0.04140471
3R	32056800	32081233	500	0.0630087	0.00356632	1.17775107	1.30449868	0.57121065	-0.12473566	2.40743348	-0.02011177
3R	32081259	32102107	500	0.0599298	0.00364886	0.88087192	0.82212783	0.38485585	-0.28278607	2.16915831	0.02975406
3R	32102110	32223000	500	0.07083215	0.00069262	0.34950715	0.39578097	0.59512126	-1.22301862	2.344217	0.02310609
3R	32223412	32250478	500	0.04929579	0.00282588	0.22503838	0.14465832	0.47746295	-0.75237191	1.67298041	-0.10477309
3R	32250732	32265746	500	0.07249384	0.00508841	1.18218516	1.19628493	0.37720961	0.08184994	2.07639223	-0.04649703
3R	32265763	32287001	500	0.05903506	0.00362438	1.2654674	1.31211297	0.40364478	0.23777368	1.97795003	0.02548818
3R	32287073	32316214	500	0.06662056	0.00301067	1.02163913	1.06730667	0.54781864	-0.95765577	2.04390254	0.08404376
3R	32316216	32374823	500	0.0518252	0.00153938	nan	nan	nan	nan	nan	-0.07677141
3R	32374853	32770442	500	0.04649338	0.00021959	nan	nan	nan	nan	nan	-0.01139771
3R	32770469	32783406	500	0.05369073	0.00547626	1.29995332	1.34425002	0.5382828	0.07471636	2.65826975	-0.04373819
3R	32783606	32805345	500	0.06023976	0.00352113	0.2407139	0.22282909	0.52978198	-0.9637343	1.29654358	-0.04185439
3R	32805352	32821101	500	0.04979541	0.00458262	0.25378393	0.23344161	0.32507968	-0.53384387	1.18647552	-0.03526719
3R	32821121	32839823	500	0.05379608	0.00391067	0.11865587	0.17867392	0.40898109	-0.9579555	0.98475315	0.01380866
3R	32839837	32855650	500	0.05964664	0.0048863	-0.28166998	-0.20016636	0.45820957	-1.64328719	0.60267851	-0.04201239
3R	32855658	32870145	500	0.04030286	0.00500811	0.08097863	0.14076196	0.43870016	-1.16613477	1.14096192	-0.0685678
3R	32870148	32883620	500	0.06620606	0.00661272	-0.16008149	-0.18745724	0.346036	-1.02583113	0.99089673	0.07275316
3R	32883778	32895907	500	0.09719889	0.00669002	0.03058091	0.04858624	0.30806692	-1.04825374	0.83441927	0.14300041
3R	32895921	32912860	500	0.10397883	0.00488644	-0.38524323	-0.44565408	0.52652859	-1.83811724	0.70004187	-0.01907873
3R	32912867	32934038	500	0.07095512	0.00367765	0.13015333	0.05883345	0.48794587	-0.7204181	1.80027145	-0.08041746
3R	32934067	32949710	500	0.05015088	0.00471551	0.95140357	0.89623119	0.57293619	-0.21928034	2.3332039	-0.09807651
3R	32949730	32964737	500	0.04439461	0.00589919	0.09914713	0.195165	0.49652223	-1.08682006	1.1877363	-0.04977848
3R	32964738	32978407	500	0.04311195	0.00560315	-0.30006527	-0.28564679	0.27204713	-1.16715505	0.49079906	-0.10432341
3R	32978448	32994551	500	0.0439239	0.00490697	0.10032244	0.09384222	0.3294808	-0.79479706	1.13053945	-0.0587113
3R	32994565	33036208	500	0.0506429	0.00191054	0.26286327	0.2450117	0.47967643	-0.70542549	1.28036217	-0.07082835
3R	33036303	33084277	500	0.045509	0.00162389	-0.28245849	-0.27031001	0.3404216	-1.08747448	0.68743736	-0.0209139
3R	33084287	33119811	500	0.03466924	0.00220197	-0.09095914	-0.08617115	0.31121189	-0.84796712	0.76835777	-0.05608615
3R	33119853	33154758	500	0.03165846	0.00199573	-0.16658607	-0.25589965	0.42501855	-1.23754135	1.33748033	-0.0652985
3R	33154778	33195943	500	0.03060441	0.00192837	-0.01345197	-0.07867252	0.37855032	-0.83169389	0.99083379	-0.07448655
3R	33195997	33241087	500	0.0490612	0.00176501	-0.21795317	-0.21413437	0.29103568	-1.09128758	0.54945035	0.04883506
3R	33241218	33275755	500	0.04005467	0.00229599	-0.22772077	-0.42267449	0.75952081	-1.62349796	1.52393788	-0.05654798
3R	33275757	33314465	500	0.06240999	0.00213783	0.27428031	0.20878191	0.36713088	-0.40889734	1.35600182	-0.06106908
3R	33314591	33376866	500	0.05828239	0.00144308	1.09042872	1.00015412	0.52850182	-0.48759347	2.44590073	0.07528109
3R	33377269	33434081	500	0.10107039	0.00157323	1.62775606	1.49052497	0.77318095	-0.4303853	3.5016947	0.14798335
3R	33434099	33471449	500	0.06918593	0.00254587	1.99844262	1.99584968	0.74900518	0.38952582	3.69632594	0.1849057
3R	33471507	33505787	500	0.04964316	0.00303949	0.54235201	0.53536652	0.50144989	-0.45081753	1.8613463	0.03253721
3R	33505808	33528248	500	0.04343251	0.00401291	-0.46577769	-0.44904723	0.26665687	-1.16081	0.87204925	0.01907113
3R	33528266	33556501	500	0.02771616	0.00303602	-0.53149454	-0.51590062	0.33105914	-1.43160591	0.30643343	-0.04909788
3R	33558005	33588471	500	0.04723688	0.00287805	-0.58711467	-0.59602374	0.23848253	-1.30565487	0.12678831	-0.00513866
3R	33588488	33600891	500	0.0328656	0.00726898	-0.49718971	-0.51363263	0.2447672	-1.22016963	0.3300161	0.02172059
3R	33600904	33626488	500	0.04396848	0.00353847	-0.14603533	-0.19884114	0.36905616	-0.95929805	0.88399463	0.05324678
3R	33626609	33652929	500	0.05647693	0.00303683	-0.20600515	-0.21181811	0.32839953	-1.12109127	0.58458837	0.02468605
3R	33652951	33673963	500	0.03445588	0.00371966	-0.84677025	-0.73326024	0.46303682	-2.14480919	-0.0833953	-0.07180063
3R	33673964	33696759	500	0.04878141	0.00372557	-0.81844843	-0.90201729	0.45257801	-1.70493175	0.47226808	0.02896408
3R	33696761	33713907	500	0.04522832	0.00505471	0.23650935	0.1651662	0.39038707	-0.53739918	1.25468562	-0.08800125
3R	33713923	33728812	500	0.04705365	0.00550445	0.81031037	0.69205687	0.42095184	0.04079026	2.0104739	0.03155278
3R	33728837	33746769	500	0.04238679	0.00493612	0.9991402	0.91857672	0.49363986	0.0707089	2.25055424	-0.06201706
3R	33746799	33767804	500	0.05353086	0.00397038	0.2220399	0.19033034	0.39628843	-0.79902688	1.11281693	-0.03554672
3R	33767806	33802592	500	0.07198554	0.00254668	0.7809497	0.82423993	0.49339765	-0.3619798	1.92426718	0.19160228
3R	33802631	33874677	500	0.05896274	0.00114978	0.10017849	0.02740639	0.43199569	-1.01930927	1.61611728	-0.0878311
3R	33875615	33899289	500	0.05514223	0.00340869	0.07381308	0.05718125	0.25794882	-0.40147354	0.86972326	-0.01969855
3R	33899673	33921905	500	0.0483041	0.00380572	0.00199371	0.02541306	0.13733015	-0.42845988	0.31901943	-0.0482836
3R	33921907	33953178	500	0.05762236	0.00291173	-0.31523398	-0.33052649	0.30505762	-1.08292173	0.40259658	-0.05989019
3R	33953203	33970421	500	0.06452908	0.0051727	0.80684572	0.84243302	0.48094282	-0.3283948	1.69521065	-0.01943118
3R	33970423	34007068	500	0.05089016	0.00253026	0.00277988	0.05913034	0.59465472	-1.8794175	1.07366031	0.03177154
3R	34007071	34024851	500	0.05235945	0.00593752	-0.39883212	-0.40399857	0.52876777	-1.44663356	1.13736895	-0.04768808
3R	34024878	34045521	500	0.03597133	0.00458269	0.64058513	0.70246373	0.34995283	-0.13970489	1.58548072	-0.06380362
3R	34045547	34086849	500	0.03381175	0.00201222	-0.09493724	-0.26625177	0.61469859	-1.16734072	1.36366596	-0.10600059
3R	34086860	34120552	500	0.03795331	0.00252705	0.18876867	0.21908359	0.41069883	-1.13995991	1.19579858	-0.04096719
3R	34120555	34167707	500	0.05403006	0.00167414	0.69043572	0.8374106	0.66704878	-1.08755003	1.96442306	-0.03987337
3R	34167739	34197982	500	0.04627994	0.0024906	0.89944002	0.92531445	0.70797394	-0.85242103	2.77916396	0.02044447
3R	34197986	34218639	500	0.05758373	0.0039453	1.33371228	1.31690738	0.47485164	0.09083344	2.85543485	0.03930671
3R	34218685	34255189	500	0.0380854	0.00212866	0.74792723	0.679976	0.62154698	-0.457776	2.7493607	-0.04347081
3R	34255203	34270502	500	0.05349453	0.0051614	0.5290871	0.53370782	0.33606094	-0.39930799	1.24959858	0.04210202
3R	34270511	34312942	500	0.04454152	0.00189332	-0.28983017	-0.35542631	0.41275242	-1.35786373	0.61992743	-0.04265652
3R	34312951	34337435	500	0.06494972	0.00327586	-0.45915955	-0.44925455	0.31186809	-1.31318236	0.2224181	0.0694474
3R	34337436	34367895	500	0.05051549	0.00280456	-0.49635994	-0.54158207	0.34048949	-1.37019841	0.30115741	0.0614747
3R	34368128	34408442	500	0.04783725	0.00238305	-0.6008879	-0.54603706	0.31143962	-1.43320838	0.06427058	-0.1483434
3R	34408469	34438090	500	0.05586651	0.00275576	-0.08047884	-0.13063237	0.36254163	-0.8848157	0.85174971	-0.02170388
3R	34438119	34466251	500	0.05868843	0.00299355	-0.0078204	-0.01720814	0.35881427	-0.93576367	1.05666194	-0.00054463
3R	34466560	34486942	500	0.06372302	0.00410986	1.31811783	1.28268636	0.66467741	-0.15735648	2.91742131	0.04539562
3R	34486945	34507601	500	0.04933541	0.0039457	0.96685679	0.98228404	0.43549736	-0.20465206	2.28188638	0.00307711
3R	34507651	34534740	500	0.07583054	0.00313529	1.13734291	1.1720835	0.54667015	-0.51111234	2.33591166	0.07972927
3R	34534762	34559114	500	0.04941703	0.00361013	1.249866	1.22697287	0.44155569	0.13588709	2.61159912	0.01485386
3R	34559117	34593668	500	0.04811576	0.00229614	0.69842237	0.68049321	0.40387216	-0.6677696	2.02570164	-0.03174268
3R	34593690	34617687	500	0.05065775	0.00353618	1.32102808	1.32769891	0.49259197	-0.02991354	2.34179802	0.07344591
3R	34617720	34645026	500	0.05257453	0.00334349	1.70889021	1.80213966	0.66895946	-0.33740597	3.43544814	0.01695642
3R	34645028	34725147	500	0.04137586	0.00114093	0.19902078	0.12232677	0.55620423	-1.16594003	1.94031872	0.06294528
3R	34725148	34754114	500	0.04454585	0.00305091	0.3556303	0.24508916	0.51417483	-0.69096945	1.88756141	0.0120464
3R	34754137	34786840	500	0.04619952	0.00277575	-0.6286871	-0.59810576	0.39110218	-1.63433075	0.47493485	0.0550455
3R	34786919	34816581	500	0.04121349	0.00234039	-0.85682358	-0.89892287	0.33821913	-1.57469357	-0.03920496	-0.13281122
3R	34816583	34838790	500	0.04147178	0.00346041	-0.78019567	-0.77926779	0.2750758	-1.61654282	0.0274612	-0.04014075
3R	34838818	34865809	500	0.03254039	0.00294828	-0.78763767	-0.77746195	0.31971072	-1.55251674	0.10005795	-0.04373819
3R	34865825	34881121	500	0.0287795	0.00491865	-0.8549792	-0.81890797	0.41706828	-2.15975582	0.03773045	-0.15405555
3R	34881124	34917452	500	0.042774	0.00244786	-0.25818163	-0.30636546	0.3904155	-1.48936833	1.07799527	-0.03025995
3R	34917453	34960709	500	0.03300113	0.00202732	0.24292499	0.22745124	0.39948275	-0.70397901	1.31486706	-0.06298934
3R	34960712	34994429	500	0.02520131	0.00230889	-0.28586871	-0.37381651	0.46170681	-1.54300486	0.87680421	-0.09766329
3R	34994436	35025584	500	0.03713242	0.00288972	-0.79807569	-0.6448136	0.64301892	-2.11129836	0.64711361	-0.02632221
3R	35025630	35052421	500	0.02914728	0.00342635	-0.31801796	-0.38274893	0.42038214	-1.17736511	0.80481097	-0.09468568
3R	35052422	35070027	500	0.03846642	0.0050688	-0.42868896	-0.42701362	0.24316046	-1.04017913	0.15919323	-0.03628809
3R	35070063	35090435	500	0.02520765	0.0041986	-0.25854113	-0.26556337	0.28299787	-1.17326464	0.40705023	-0.06314733
3R	35090490	35111631	500	0.03350597	0.00341716	-0.65227135	-0.69296191	0.37733989	-1.6720035	0.24102182	-0.10754409
3R	35111655	35138216	500	0.02654465	0.00332204	-1.01734102	-1.16293942	0.72504832	-2.57419403	0.47439444	-0.05043477
3R	35138238	35155410	500	0.04143187	0.00508545	-0.68573419	-0.59459523	0.59619806	-2.52526521	0.42153555	0.05150883
3R	35155421	35171138	500	0.02915591	0.00492568	-0.64093019	-0.66209527	0.35322913	-1.63343381	0.40464363	-0.11027862
3R	35171187	35188844	500	0.03531643	0.00439585	-0.42728807	-0.43990959	0.36249117	-1.41055227	0.63491781	-0.0949409
3R	35188999	35207649	500	0.02216618	0.0041857	-0.2761664	-0.31797953	0.34005006	-1.06450529	0.77308315	-0.12801059
3R	35207705	35225705	500	0.03571574	0.00429504	-0.43479359	-0.51563587	0.31402125	-1.22040796	0.43468397	-0.02774417
3R	35225718	35258035	500	0.03488873	0.00226913	-0.32819544	-0.31479818	0.32068967	-1.18156516	0.78651228	-0.03775866
3R	35258037	35301996	500	0.02340524	0.00175975	-0.33855771	-0.35834022	0.30247038	-1.46362098	0.60740702	-0.03395461
3R	35302009	35336029	500	0.02848526	0.00229796	-0.01147004	-0.04780334	0.27449535	-0.64071865	0.83622148	0.02672783
3R	35336043	35369131	500	0.0434074	0.00262655	0.07452085	0.09736452	0.37736012	-0.78740097	1.08831801	-0.09163515
3R	35369153	35397991	500	0.04503233	0.00289757	0.14680731	0.07345499	0.62931813	-0.89484864	1.59757866	-0.01947979
3R	35398005	35434621	500	0.03172962	0.00234915	-0.16964538	-0.23470982	0.50266426	-1.15910358	1.70080439	-0.02464503
3R	35434630	35459587	500	0.04726095	0.00271141	0.02756043	-0.01293148	0.44068996	-1.03231259	1.48745808	-0.05420235
3R	35459595	35480162	500	0.03277551	0.0033773	-0.19016469	-0.17854249	0.29738102	-1.0894111	0.55560509	-0.01054696
3R	35480201	35497512	500	0.0255196	0.00356093	-0.61380678	-0.58791878	0.24958511	-1.22768965	-0.03229692	-0.10450571
3R	35497529	35509825	500	0.01988061	0.00637102	-0.54930263	-0.52749464	0.23611787	-1.26939847	0.01174485	-0.05848039
3R	35509834	35524809	500	0.02493013	0.0046683	-0.52165927	-0.52025772	0.23196725	-1.08933061	0.04611162	-0.05082368
3R	35524892	35541943	500	0.01350637	0.00462596	-0.41278206	-0.37515605	0.29471668	-1.15613896	0.2617048	-0.08570424
3R	35541959	35555891	500	0.02327938	0.00464841	-0.46117763	-0.48518921	0.20758828	-1.03468137	0.08018981	-0.03537657
3R	35555892	35567003	500	0.02689033	0.00657037	-0.52278854	-0.53155031	0.28162382	-1.28020426	0.29872488	-0.09808866
3R	35567010	35582551	500	0.02626907	0.00446246	-0.77633264	-0.7525289	0.32143862	-1.52216808	-0.03311102	-0.11212596
3R	35582568	35599145	500	0.02533249	0.00388938	-0.7376232	-0.74180751	0.33006898	-2.10653492	0.13286339	-0.11143321
3R	35599154	35617490	500	0.0245238	0.00446007	-0.89509645	-0.84910926	0.39232809	-2.07209264	0.21411972	-0.1287398
3R	35617491	35668265	500	0.04108215	0.00151224	-0.55669878	-0.57141875	0.42972889	-1.64941515	0.68667042	-0.09079656
3R	35668268	35708032	500	0.02524825	0.00193278	-0.06305081	-0.10544319	0.37632207	-0.79715732	1.39541201	0.05169113
3R	35708033	35743998	500	0.02520185	0.00205797	-0.3757997	-0.40296095	0.28753269	-1.14444388	0.74978526	-0.06562665
3R	35744028	35811384	500	0.02270716	0.00118904	-0.61913736	-0.60062795	0.32276677	-1.61267985	0.36797293	-0.10332682
3R	35811469	35854155	500	0.03603136	0.00183699	-0.62946189	-0.60977019	0.33769782	-1.9576481	0.17664865	-0.1046394
3R	35854173	35891354	500	0.03790665	0.00200078	-0.61723035	-0.59092719	0.50510677	-2.25780398	1.58944989	-0.02651667
3R	35891363	35939698	500	0.0289835	0.00162473	-0.43864989	-0.55434044	0.40956553	-1.27002868	1.24265165	-0.07374519
3R	35939719	35969986	500	0.02994768	0.0027477	-0.56000199	-0.58843838	0.37651734	-1.97307868	0.55919341	-0.02867999
3R	35970003	36002137	500	0.03306783	0.00260174	-0.54517671	-0.53826844	0.29439366	-1.17865033	0.60726342	0.03446962
3R	36002140	36019035	500	0.05108448	0.00478627	-0.47870505	-0.51000851	0.40313928	-1.27528301	0.41825654	0.03816428
3R	36019177	36040010	500	0.03894659	0.00416657	0.0801091	0.12794397	0.44709658	-0.86615405	1.24850934	0.03479776
3R	36040026	36064512	500	0.03867722	0.00334843	0.72736053	0.93325637	0.77284392	-0.83794722	1.99848787	-0.13000376
3R	36064515	36077935	500	0.08278353	0.00669776	0.83624092	0.72798524	0.44596781	-0.28058906	2.01489515	0.17075902
3R	36077942	36093760	500	0.0452855	0.00423684	0.49319621	0.54696427	0.45568707	-0.50775478	1.43944439	-0.13781847
3R	36093784	36107690	500	0.0372443	0.00667595	-0.01361218	0.0037714	0.37529288	-0.59986534	0.70655594	-0.07305244
3R	36107726	36118369	500	0.02989734	0.00837573	0.65366237	0.49968152	0.51725855	-0.2008687	2.07698761	-0.10631658
3R	36118379	36151546	500	0.04062533	0.00254172	0.22161226	0.01037137	0.6517676	-0.80132167	1.96845805	-0.05213626
3R	36151679	36167595	500	0.06709198	0.00568641	-0.03988542	-0.04219116	0.33018914	-0.92011739	1.10312853	-0.05448188
3R	36167610	36198196	500	0.05743911	0.00293742	0.08463951	0.06116503	0.41778145	-1.08977223	1.42981586	0.07981434
3R	36198209	36235727	500	0.06405766	0.00222504	-0.04505552	-0.09440776	0.34116061	-0.72432733	1.27069293	0.06704101
3R	36235736	36260277	500	0.03627202	0.00349396	-0.45958581	-0.51908803	0.40174831	-1.33072939	0.67371135	0.03245213
3R	36260283	36321384	500	0.06148453	0.0011886	0.52582676	0.54580276	0.78403236	-1.06721331	2.00692452	-0.04217038
3R	36321390	36356667	500	0.04992141	0.00250737	0.55699662	0.55791874	0.37434551	-0.21989033	1.61301101	0.05355062
3R	36356709	36380171	500	0.03962999	0.00374483	-0.1337131	-0.21380495	0.36580749	-0.94769382	0.84144421	0.03735
3R	36380179	36400461	500	0.04426739	0.00398249	0.03397463	-0.04763349	0.61813169	-1.1253475	1.52964659	-0.02718511
3R	36400464	36455874	500	0.05397936	0.00159773	0.63445033	0.56456903	0.52280386	-1.21421218	2.09302385	0.05542226
3R	36456036	36483437	500	0.06034828	0.00324443	0.69205653	0.65991504	0.55658335	-0.49679263	2.15313166	0.04607621
3R	36483441	36510974	500	0.03778799	0.0029563	-0.11319825	-0.13439192	0.45106705	-1.20190467	0.93126923	-0.064229
3R	36511013	36587648	500	0.04114891	0.00120775	-0.53748874	-0.56495314	0.4402306	-1.49839927	0.97646546	-0.02581177
3R	36587669	36612093	500	0.0524669	0.00292272	-0.81667512	-0.82128225	0.39407486	-1.59882109	0.10871166	-0.10016691
3R	36612119	36705026	500	0.06342162	0.00092499	-1.83811061	-1.96815242	0.74013126	-3.25571166	0.15273151	0.127687
3R	36705084	36732559	500	0.03235677	0.00368205	-0.36848477	-0.33058605	0.68553826	-2.92510859	0.91491646	0.02714105
3R	36732589	36775075	500	0.0465543	0.00190333	-0.53362221	-0.56983277	0.30829283	-1.24068001	0.77960378	-0.17632077
3R	36775677	36801502	500	0.05766786	0.00298156	0.25701867	0.29148802	0.43112265	-0.88287891	1.3757581	-0.01651434
3R	36801521	36829622	500	0.06609226	0.0028848	-0.63950621	-0.51419929	0.46914215	-1.8364067	0.28299872	-0.06126354
3R	36829627	36874917	500	0.0568807	0.00174165	-1.30939543	-1.36112997	0.49612522	-2.61828454	0.05205585	-0.03741836
3R	36874965	36896355	500	0.04940679	0.0037711	-0.09396304	-0.09278074	0.32810854	-1.0976878	0.78615279	0.00620056
3R	36896398	36923515	500	0.04570796	0.00275511	-0.38354358	-0.45699264	0.37627802	-1.24735134	0.59192943	-0.00453098
3R	36923523	36956633	500	0.05451355	0.00206232	-0.4429974	-0.40937947	0.42702852	-1.51835217	0.56108207	0.01691996
3R	36956645	36986095	500	0.05217528	0.003143	-0.50425333	-0.4942618	0.44609023	-1.79443184	0.61517824	-0.03829342
3R	36986189	37010273	500	0.05550082	0.00374616	-0.33932696	-0.400029	0.36487517	-1.00655289	0.69829548	0.06200946
3R	37010279	37048264	500	0.04346448	0.0025064	-0.64143582	-0.63179053	0.36636168	-1.49535855	0.31704377	-0.04293605
3R	37048275	37082316	500	0.06219752	0.00296448	0.48131317	0.38406635	0.56544216	-0.71245857	2.09578034	0.11282326
3R	37082324	37098620	500	0.0481911	0.0053898	1.07929032	1.07176883	0.32499188	-0.05886363	1.95209178	0.03130971
3R	37098626	37120190	500	0.06066197	0.00442094	0.95017846	1.10083466	0.67409069	-0.46109643	2.29960633	0.02795534
3R	37120215	37154674	500	0.03576821	0.0026336	-0.13860409	-0.10290154	0.36517014	-1.09273821	0.59984924	-0.02330814
3R	37154731	37196595	500	0.04789078	0.00205468	-0.25461403	-0.45803602	0.75909958	-2.01305775	2.01419648	-0.05702197
3R	37196613	37230158	500	0.05404038	0.00237459	0.48466292	0.60641893	0.46528206	-1.05783027	1.3575194	-0.07317397
3R	37230229	37277126	500	0.0525214	0.00178475	0.33432209	0.35871835	0.43601465	-0.67580603	1.24973706	-0.05512602
3R	37277149	37322135	500	0.04586508	0.00209419	0.25656336	0.18078995	0.47300693	-1.42558865	1.49547692	0.09932072
3R	37322175	37353433	500	0.03846935	0.0038058	0.55397148	0.56839711	0.43850605	-0.92912494	1.74580628	-0.08871831
3R	37353438	37419927	500	0.04603913	0.00166096	0.10667849	0.12931921	0.38564007	-1.10241479	1.10936913	0.10796186
3R	37420015	37497793	500	0.03209393	0.00101342	-0.39233389	-0.46104988	0.3630722	-1.46440805	0.62128592	-0.10078674
3R	37497805	37549445	500	0.04732919	0.0016919	-0.20264148	-0.21991402	0.49412035	-1.44822276	1.1840538	-0.06520128
3R	37549483	37572206	500	0.04386581	0.00302156	-0.29562505	-0.3120616	0.4254315	-1.16105409	0.81106032	-0.08389337
3R	37572427	37620218	500	0.0463976	0.00182508	0.9422731	1.01179961	0.74991426	-0.90426138	2.42458211	0.00133916
3R	37620236	37650552	500	0.04212418	0.00299207	1.42010646	1.43069818	0.4765161	0.11681465	2.55103158	0.06447662
3R	37650586	37693449	500	0.03838286	0.00183379	0.36586975	0.50112458	0.6095989	-0.8175973	1.71381024	-0.00873609
3R	37693561	37741466	500	0.04203056	0.00158825	0.2745	0.19076793	0.45066682	-0.669524	1.6085442	-0.00318194
3R	37741484	37786465	500	0.03203539	0.00169169	0.13585327	0.1313247	0.36113957	-0.75552684	1.68749817	-0.02735526
3R	37786668	37820252	500	0.03206688	0.00263912	0.09216546	0.08190221	0.31354707	-0.67618057	1.09711205	-0.03762497
3R	37820256	37847003	500	0.03942161	0.00285867	0.60954137	0.55453072	0.28278304	0.05608496	1.77985505	-0.08536394
3R	37847075	37879480	500	0.05052461	0.00256959	0.64736113	0.50981938	0.45312187	-0.29472426	1.85227903	-0.11986774
3R	37879520	37924441	500	0.03062676	0.00169204	-0.17778952	-0.23413642	0.3937583	-1.01822839	1.41601628	-0.05005801
3R	37924488	37948890	500	0.03555778	0.00349109	0.65986002	0.62863823	0.54139326	-0.55947972	2.35794276	-0.02912967
3R	37948942	37975781	500	0.04882069	0.00296945	0.74095164	0.6988375	0.53210307	-0.48478064	2.02268861	0.04701203
3R	37976036	38005077	500	0.0545858	0.0027811	1.09802734	1.11492149	0.60965597	-0.15843491	2.66028152	0.03466407
3R	38005146	38039087	500	0.06363302	0.00269073	1.36061518	1.39869706	0.68938261	-0.53237323	2.59215639	0.09215015
3R	38039090	38154079	500	0.05601735	0.00080686	1.22208175	1.28731406	0.72727235	-0.22448478	2.69231929	-0.01622265
3R	38154141	38202107	500	0.04128644	0.00185925	1.85424158	1.75940103	0.55531909	-0.15845084	3.67166563	-0.01283182
3R	38202135	38229458	500	0.08568427	0.00339139	2.20373144	2.22405049	0.47022652	0.87108384	3.12503415	0.11250727
3R	38229468	38254668	500	0.05002833	0.00373953	1.72972197	1.78340498	0.56979826	0.31700737	2.90093233	0.01642166
3R	38254685	38297575	500	0.04351434	0.00183939	1.29583387	1.30745118	0.46898635	0.31963932	2.45616309	0.01653104
3R	38297622	38342285	500	0.0506914	0.0018135	1.29355371	1.31607447	0.373212	0.15448444	2.5691277	0.02445513
3R	38342286	38373129	500	0.04441653	0.00235303	1.62040433	1.65473444	0.41097126	0.49038481	2.6940762	-0.03746698
3R	38373134	38442362	500	0.04247701	0.00124497	1.0600556	0.86592394	0.84334553	-0.98625173	2.97571958	-0.07335628
3R	38442387	38487243	500	0.08351157	0.0019738	0.99952835	1.04785545	0.67749801	-0.25057583	2.31586826	0.04934551
3R	38487267	38515566	500	0.06390453	0.00329256	1.41886794	1.59476868	0.80664619	-0.08967863	2.86956202	-0.01158001
3R	38515586	38553309	500	0.08444232	0.00246844	1.21947175	1.1981842	0.35837969	0.43193456	2.62727525	0.0718781
3R	38553339	38584287	500	0.06294872	0.0025918	1.70933394	1.69162979	0.42180095	0.68587964	2.92494133	-0.03425845
3R	38584309	38624765	500	0.06769781	0.00174962	1.6231478	1.58866334	0.47733909	0.54527344	2.98779125	0.00315004
3R	38624782	38670755	500	0.06532986	0.00187085	1.55007463	1.55404901	0.55789633	0.01460491	2.95268719	0.16539932
3R	38670768	38721415	500	0.04811391	0.00168807	0.75945611	0.77778444	0.63289637	-0.75377513	2.17776829	-0.05220918
3R	38721437	38779009	500	0.03802524	0.0014094	0.79441951	0.75239881	0.49637151	-0.2719656	2.02323547	-0.05809148
3R	38779036	38804761	500	0.03258219	0.00284948	-0.00590186	-0.16001765	0.45132378	-0.86588976	1.44501869	-0.11303747
3R	38804786	38836097	500	0.03666325	0.00276012	-0.03326295	-0.07690225	0.40482527	-0.86958775	1.40670815	-0.07646757
3R	38836107	38864914	500	0.03291373	0.0027736	0.06030795	-0.01689921	0.30478549	-0.52809055	1.20283117	0.01124427
3R	38864929	38893144	500	0.03538254	0.0029112	0.13818219	0.01097963	0.37825022	-0.50727336	1.18518806	-0.08405136
3R	38893162	38929513	500	0.025935	0.00222864	0.36196525	0.42248153	0.30455102	-0.45786259	1.06581613	0.0189739
3R	38929631	38980261	500	0.03088155	0.00161459	nan	nan	nan	nan	nan	-0.01425378
3R	41860212	41888875	500	0.06643789	0.0027864	nan	nan	nan	nan	nan	0.05257739
3R	41888897	41920747	500	0.07560619	0.00271887	0.14144568	0.15642617	0.15528806	-0.26477747	0.52121988	-0.04786008
3R	41920778	41955078	500	0.06140047	0.00243867	0.23178206	0.2638309	0.28299996	-0.3260514	0.97735245	-0.08404836
3R	41955090	41971451	500	0.04438841	0.00463429	-0.22774109	-0.20642571	0.22065968	-0.814055	0.25354718	-0.1265033
3R	41971490	41991508	500	0.0804072	0.00380264	-0.04977157	-0.10443109	0.28500975	-0.69503968	0.71603362	-0.06417903
3R	41991558	42020717	500	0.05077149	0.00265006	-0.07467679	-0.06249021	0.29215544	-0.75759637	0.97826668	-0.01047407
3R	42020786	42038397	500	0.03413282	0.00449889	0.36952646	0.39318979	0.46426268	-0.69431733	1.28598575	-0.07474464
3R	42038405	42062959	500	0.04814782	0.00413419	0.77911257	0.74441156	0.3513084	-0.02667893	1.80979039	-0.01142583
3R	42063086	42086749	500	0.03290115	0.00385668	0.53270888	0.51196719	0.35161268	-0.15326991	1.26224436	-0.03658867
3R	42086917	42119126	500	0.05651301	0.00291375	0.28775457	0.29004233	0.40966112	-0.53560375	1.20028934	0.06528179
3R	42119187	42162678	500	0.03610357	0.00218636	0.48876529	0.35484574	0.67079359	-0.90386254	2.14818968	-0.03532678
3R	42162756	42191731	500	0.1125092	0.00309586	0.29881787	0.0973354	0.44783351	-0.18990206	2.02927564	0.08525807
3R	42191743	42219985	500	0.07843838	0.0034519	0.67354836	0.544329	0.43980719	-0.06194143	1.49144947	0.1541698
3R	42220007	42251741	500	0.04043845	0.00276574	0.1233118	0.17660412	0.35759014	-0.87741698	0.94488549	-0.17015595
3R	42251776	42277213	500	0.07564919	0.00412542	0.12106371	0.1116014	0.10926792	-0.18164815	0.36965886	0.09967349
3R	42277214	42300530	500	0.04427448	0.00397843	0.19707247	0.20831897	0.28973663	-0.3532675	0.97169359	-0.02498574
3R	42300556	42324556	500	0.04595808	0.00404952	-0.43187557	-0.43829695	0.11591323	-0.76214878	-0.03643116	-0.05213765
3R	42324562	42359165	500	0.06213457	0.00284935	-0.44708385	-0.45160185	0.19842042	-1.28288254	-0.13295733	-0.00365134
3R	42359459	42394404	500	0.05298679	0.00305384	-0.02001113	-0.06518667	0.31955051	-0.96746025	0.69368596	0.08327969
3R	42394459	42417389	500	0.08191239	0.00399252	0.18783948	0.24435823	0.26440943	-0.56766971	0.87643712	0.15759186
3R	42417403	42442003	500	0.06422851	0.00457464	-0.13329109	-0.1586887	0.28642446	-0.67575281	0.78702922	0.11069894
3R	42442008	42472239	500	0.04167255	0.00367675	0.13281752	0.15725569	0.31916007	-0.62636866	0.97462201	0.0550263
3R	42472266	42510800	500	0.04464986	0.00234879	0.40447386	0.40823151	0.39843015	-0.42338646	1.37828351	-0.05791238
3R	42510828	42561391	500	0.06705083	0.0019639	0.18590422	0.24827568	0.43355645	-0.73994415	1.00582613	0.04335922
3R	42561394	42592701	500	0.06834217	0.00288317	0.4374315	0.34634208	0.66948779	-0.71035184	2.20453615	0.02629169
3R	42592718	42622729	500	0.08019976	0.00274407	1.25945999	1.25052907	0.31360493	0.46842578	1.94543709	0.05887612
3R	42622730	42647864	500	0.0558215	0.00339273	1.38514417	1.36579899	0.34728717	0.23740087	2.06751765	0.02725415
3R	42647893	42698945	500	0.06214657	0.00167833	1.25172837	1.22327538	0.47013826	0.07321495	2.4376133	0.11529734
3R	42698975	42726754	500	0.06750209	0.00297838	1.99404645	2.02989457	0.48015249	0.81572813	3.04021931	0.11877287
3R	42726762	42749774	500	0.06184847	0.00410263	2.33916725	2.36171038	0.42565933	1.10058529	3.42394072	-0.00545861
3R	42749775	42782192	500	0.06930613	0.00280367	2.06789139	2.02588578	0.48615651	0.78988028	3.6185136	0.0388036
3R	42782219	42830541	500	0.03970738	0.00213423	2.0260105	2.11098263	0.52207876	0.49405513	3.18902809	-4.748e-05
3R	42831127	42857053	500	0.06500422	0.00391759	2.15123881	2.22514693	0.37680361	1.04194588	2.88492841	0.11915785
3R	42857067	42901417	500	0.07188389	0.00260338	1.68501678	1.65419888	0.40991609	0.6130555	2.86993287	0.10606847
3R	42901472	42922815	500	0.05924025	0.00496117	2.14523583	2.18929147	0.35458861	1.20720693	2.88338831	0.13190502
3R	42922818	42940265	500	0.08167701	0.00555576	2.13892604	2.08489623	0.31392336	1.12619126	2.77451003	0.23024648
3R	42940403	42960712	500	0.07605199	0.00459392	2.0357431	2.1056833	0.62149233	0.53259751	3.18621624	0.14710111
3R	42960722	42986367	500	0.04578413	0.00356934	1.49143317	1.59277413	0.42935771	0.50016893	2.260939	-0.00194031
3R	42986409	43018429	500	0.08726705	0.00334573	1.57960391	1.6616607	0.36525074	0.59067859	2.44150224	0.11079519
3R	43018478	43073474	500	0.06419858	0.00182389	1.5564894	1.50801933	0.48525338	0.02945579	2.72811441	0.19194079
3R	43073484	43239517	500	0.07062042	0.00062406	1.16343595	1.10351252	0.60436143	-0.54216608	2.47397942	0.06359215
3R	43239532	43258567	500	0.09523685	0.00555283	2.00575614	1.94346501	0.37865763	0.89999887	2.96510446	0.10779019
3R	43258582	43292274	500	0.06634166	0.00313889	1.73188393	1.73456552	0.52666079	0.32250103	3.09004362	0.13390479
3R	43292331	43332529	500	0.06378034	0.0024373	1.49836211	1.57021763	0.43330363	0.38727307	2.35028066	0.13271776
3R	43332606	43373678	500	0.08897163	0.00230586	1.34311206	1.30519774	0.49003075	0.13247717	2.6866105	0.16856384
3R	43373713	43411416	500	0.10525709	0.00235408	1.27670731	1.13706445	0.42954456	0.19313611	2.17909883	0.11118017
3R	43411427	43436590	500	0.08770526	0.00364352	1.22389223	1.23823635	0.18261538	0.62434305	1.72171151	0.2236911
3R	43436602	43470072	500	0.09566074	0.0030757	0.79935657	0.80467027	0.19247189	0.12114414	1.17412655	0.16641436
3R	43470105	43506735	500	0.11552105	0.00268325	0.75888456	0.7283349	0.32928665	-0.18005477	1.65217447	0.23989241
3R	43506737	43523295	500	0.07762179	0.00547482	1.06109443	1.01773511	0.2356306	0.50638899	1.61791042	0.04795761
3R	43523302	43550038	500	0.10807409	0.00357181	0.36158925	0.04520579	0.49093466	-0.22184004	1.38629091	-0.10200349
3R	43550043	43586726	500	0.05159742	0.0026295	0.26225273	0.39522132	0.42084194	-0.61369574	0.91785065	0.03518905
3R	43586840	43631934	500	0.05533434	0.00224856	0.49354043	0.48545347	0.31691412	-0.09533192	1.5400393	0.00271156
3R	43631940	43669317	500	0.03878762	0.00240937	0.34433028	0.26319124	0.26454	-0.2352089	1.25489874	-0.01398168
3R	43669365	43704976	500	0.04187405	0.0033326	0.14527119	0.08135696	0.50025081	-0.67582655	1.70669743	0.05301584
3R	43704979	43761250	500	0.03475846	0.00165303	0.19638052	0.19030302	0.55041686	-0.71357639	1.44696328	-0.04540047
3R	43761282	43783945	500	0.03332591	0.00426886	-0.45039887	-0.44786178	0.23551311	-0.86253098	0.43670216	-0.12218295
3R	43783949	43811977	500	0.04898319	0.00349662	-0.41107441	-0.40556104	0.23218348	-0.99223846	0.06976267	-0.10539346
3R	43812045	43850897	500	0.06150212	0.00217144	-0.59282858	-0.58279827	0.29141295	-1.17476831	0.03580863	-0.02508199
3R	43850900	43897802	500	0.05803728	0.00161448	-0.99928483	-1.00868235	0.10555564	-1.20472405	-0.53157923	-0.10999186
3R	43897874	43967470	500	0.09898919	0.00140519	-0.69894415	-0.73005459	0.38066113	-1.28657294	0.69672112	0.08299095
3R	43967532	44013248	500	0.08188132	0.00197919	0.98756938	1.00235067	0.38814447	-0.18381993	1.89715521	0.1292957
3R	44013258	44043424	500	0.07009481	0.00289449	0.94764034	1.0971856	0.53180357	-0.25435435	2.05828491	-0.0125273
3R	44043432	44067380	500	0.03595435	0.00388578	0.54354729	0.52814196	0.37677417	-0.33584709	1.53903692	-0.00267819
3R	44067442	44092255	500	0.05137105	0.00396339	0.44765099	0.43442241	0.38100314	-0.57414834	1.62916234	-0.0848718
3R	44092279	44116835	500	0.05342425	0.00361524	-0.48920451	-0.54726511	0.30443731	-1.02974104	0.53257135	-0.10979937
3R	44116865	44142637	500	0.04848912	0.00297484	-0.48644071	-0.54677468	0.31423523	-1.19671624	0.48539947	-0.05497155
3R	44142690	44172517	500	0.054308	0.00275058	-0.62199823	-0.62833749	0.1998231	-1.18358107	0.03180384	-0.04001073
3R	44172530	44200490	500	0.02837855	0.00272241	-0.75038913	-0.7707077	0.23094174	-1.35538966	-0.22674662	-0.04549672
3R	44200492	44225388	500	0.02496404	0.00339489	-0.82004482	-0.77150056	0.32406983	-1.65189295	-0.20439624	-0.04271629
3R	44225393	44249921	500	0.02350509	0.00325243	-1.60484588	-1.64760033	0.37344186	-2.60277051	-0.86971352	-0.09059305
3R	44249922	44273472	500	0.03662693	0.00367638	-1.46161888	-1.44022406	0.38738184	-2.46144481	-0.35839133	-0.07105523
3R	44273473	44294731	500	0.03473641	0.00402721	-0.83218891	-0.81399992	0.21643976	-1.47156936	-0.26786501	-0.09215437
3R	44294736	44311830	500	0.03693232	0.00493174	-0.42132131	-0.41460736	0.52254529	-1.29822767	0.60961439	-0.11847215
3R	44311831	44340924	500	0.04144282	0.0033419	-0.54363694	-0.5811515	0.3804484	-1.33984949	0.20653683	-0.00394007
3R	44340930	44366523	500	0.03364523	0.00384722	-0.92094195	-0.94493443	0.28142962	-1.55201524	-0.1714185	0.02366098
3R	44366582	44393857	500	0.03958523	0.00367196	-0.40026201	-0.35231154	0.31237731	-1.19926961	0.43218754	-0.02396982
3R	44394232	44422285	500	0.04844517	0.00345608	0.28771561	0.25549807	0.30451896	-0.31869955	1.08725079	0.14472706
3R	44422305	44458244	500	0.06721739	0.0030668	-0.70870522	-0.87539223	0.46598853	-1.45575817	0.24817121	-0.04490855
3R	44458285	44484295	500	0.03427078	0.0031515	-0.92219836	-0.88453638	0.35456469	-1.76113258	-0.04329774	-0.13198929
3R	44484322	44503180	500	0.0427262	0.00466157	-0.43135987	-0.44136559	0.20454941	-0.91966767	0.07298009	-0.06103501
3R	44503182	44538526	500	0.05069207	0.00237519	0.14308922	0.1434846	0.51080059	-0.86841911	1.46912649	0.03257973
3R	44538554	44565582	500	0.03299994	0.00294388	-0.17843349	-0.09136933	0.35763231	-0.99151864	0.62520261	-0.02522101
3R	44565602	44598627	500	0.03826641	0.0026245	-0.23107457	-0.21604934	0.39687623	-1.01061706	0.78495888	-0.1192742
3R	44598635	44663926	500	0.02689027	0.00157489	-0.79605772	-0.81150967	0.49463896	-2.40523676	0.63701705	0.05228865
3R	44663935	44740887	500	0.05062215	0.00145611	-0.60598137	-0.51390158	0.44477554	-1.67195227	0.20998388	0.01292427
3R	44741022	44811210	500	0.05132986	0.00154029	-1.10505021	-1.09854536	0.31565663	-2.16997052	-0.26541839	0.06888565
3R	44811220	44882902	500	0.03573643	0.00123598	-0.61114894	-0.52969198	0.50882517	-2.43280661	0.29327029	-0.06125958
3R	44882919	44911101	500	0.032686	0.00284697	-1.16561791	-1.10693827	0.38748372	-2.3157995	-0.24641345	-0.07450937
3R	44911131	44937303	500	0.03887614	0.00362062	-1.16365567	-1.20792996	0.41670451	-2.00861326	-0.3068439	-0.10105172
3R	44937304	44985826	500	0.04664313	0.00174823	-1.04855408	-1.07792376	0.3431823	-1.94237901	-0.17320757	0.01682756
3R	44985909	45017666	500	0.04094766	0.00277822	-0.90771312	-0.94282927	0.29375416	-1.61312256	-0.12338394	-0.03909105
3R	45017669	45043655	500	0.03891672	0.00328994	-0.88093347	-0.89495869	0.25980068	-2.09450246	-0.23732513	-0.16825243
3R	45043729	45083399	500	0.06835412	0.00185791	-1.04748064	-1.03354662	0.31586651	-1.72349009	-0.20793746	-0.10015343
3R	45083402	45119620	500	0.05174898	0.00219029	-1.15747058	-1.22069451	0.35366765	-2.12522347	-0.3142672	-0.15777237
3R	45119637	45174330	500	0.04000692	0.00153715	-0.68918866	-0.7180768	0.26497982	-1.43909556	0.30583533	-0.03926215
3R	45174341	45197754	500	0.04862495	0.00343275	-0.68453179	-0.72243188	0.24221945	-1.1295516	0.07088907	-0.07424202
3R	45197759	45215932	500	0.03352023	0.00508333	-0.45475782	-0.42196047	0.3662383	-1.23128316	0.49691595	-0.11356363
3R	45215933	45284894	500	0.04870346	0.00137234	-0.70537636	-0.45783373	0.67055756	-2.43962131	0.44004887	-0.07508684
3R	45284955	45319426	500	0.0400215	0.00285387	-0.5036278	-0.50051188	0.35654498	-1.37827905	0.24963335	-0.03155182
3R	45319442	45368158	500	0.05209051	0.00181432	-0.12886282	-0.11692767	0.23625656	-0.8304164	0.38739677	0.03326414
3R	45368383	45416106	500	0.04790175	0.00197622	-0.55788071	-0.63197737	0.35503971	-1.47989301	0.12292765	-0.07520448
3R	45416114	45451189	500	0.02798694	0.00239029	-0.00521937	0.00939969	0.36631242	-0.89571223	0.6893375	-0.14279017
3R	45451197	45524097	500	0.04696024	0.00125788	0.10651269	0.10200012	0.26039581	-0.56900971	0.79698352	0.0074062
3R	45524106	45558972	500	0.01961051	0.00275155	0.6329899	0.61926989	0.25900324	-0.0137035	1.48074692	-0.04099457
3R	45558977	45588521	500	0.04694462	0.00286861	-0.12713471	-0.20836	0.41525795	-0.96581691	1.0248875	-0.08260468
3R	45588524	45644382	500	0.07619071	0.00177217	0.20019387	0.37744004	0.52333911	-0.7989442	0.98496236	-0.21889892
3R	45644566	45710843	500	0.05257022	0.001561	0.66550373	0.66158438	0.37219411	-0.11290277	1.58389608	0.01138434
3R	45710899	45806207	500	0.11592688	0.00125816	1.11638161	1.27481939	0.51542971	0.04350738	2.63774814	0.23613884
3R	45806263	45883900	500	0.06827319	0.00140295	0.90819804	0.94373697	0.28999245	-0.02238793	1.66217222	0.08332246
3R	45883901	45950009	500	0.12028804	0.0013481	1.13539731	1.22047044	0.34909527	0.14240087	1.81909959	0.36321491
3R	45950036	46101484	500	0.0645484	0.00067964	0.70069977	0.67316321	0.47499153	-0.63573995	1.61043653	-0.02726355
3R	46101485	46169132	500	0.04935709	0.00120422	0.51188083	0.40609351	0.44813907	-0.48006879	1.8151272	-0.08713891
3R	46169139	46263720	500	0.04878998	0.00103513	0.09951298	0.1778258	0.31045905	-0.75939678	0.89597412	-0.14958082
3R	46263728	46359076	500	0.03899847	0.00104138	0.31215488	0.4092304	0.44614346	-0.71107176	1.27488334	0.00167425
3R	46359111	46449554	500	0.03658178	0.00115889	0.22821312	0.23955897	0.30453816	-0.54421336	0.97033396	-0.0278838
3R	46449566	46500985	500	0.06635105	0.001707	0.17557579	0.09871193	0.31104091	-0.37212454	0.83752347	0.06531387
3R	46501021	46571942	500	0.02733008	0.00125662	0.02831938	0.06517285	0.33839415	-0.73552344	0.8378662	-0.00626066
3R	46571943	46645441	500	0.06473502	0.00131339	0.40546524	0.49775492	0.42779768	-0.58389787	1.74779357	0.07965444
3R	46645454	46688825	500	0.05539409	0.00217387	0.58014221	0.63914678	0.42320039	-0.37734292	1.47011545	-0.02176687
3R	46688845	46765853	500	0.05915772	0.00136301	-0.26491026	-0.35627336	0.48192558	-1.50707043	0.77078549	0.01980047
3R	46766128	46849674	500	0.02243377	0.00122201	-0.37478578	-0.44838422	0.40472187	-1.0307162	0.62962725	-0.12305985
3R	46849684	46929410	500	0.03021513	0.00138865	0.20317738	0.13990533	0.47655087	-0.68967835	1.39083967	0.01090311
3R	46929436	46984205	500	0.04013221	0.0015747	-0.52626667	-0.7524118	1.20794555	-3.18296706	1.33798525	-0.14226616
3R	46984213	47023014	500	0.07689539	0.00282738	-0.66219434	-0.74818253	0.35453413	-1.13843051	0.60066785	0.08622052
3R	47023025	47066836	500	0.03360317	0.00229234	-0.39025966	-0.29062503	0.32642503	-1.63887818	0.2407403	-0.04738954
3R	47066843	47097005	500	0.02385024	0.00315279	-0.61927927	-0.56436993	0.30005653	-1.31745563	0.11253814	-0.0474644
3R	47097015	47137391	500	0.04285122	0.00233818	-0.54526745	-0.50171767	0.28296128	-1.20408592	0.04582738	-0.1077996
3R	47137480	47168013	500	0.05212524	0.0032132	-0.63032318	-0.68770572	0.27151265	-1.22253724	0.29186557	0.05098399
3R	47168041	47227750	500	0.02879628	0.00129609	-0.94961739	-0.85040296	0.40122296	-2.3837532	-0.31617172	-0.11318934
3R	47227752	47290306	500	0.02618417	0.00146556	-0.30405507	-0.36706095	0.35186142	-1.03457076	0.72747222	-0.01829134
3R	47290382	47338800	500	0.03457343	0.00179297	-0.25827958	-0.28381564	0.42638154	-1.06634196	0.94399081	-0.14286502
3R	47338803	47380910	500	0.03518104	0.00248954	-0.07973325	-0.03930448	0.33416482	-0.76850595	0.76272584	-0.00597192
3R	47381068	47435897	500	0.06036079	0.00187746	-0.48848224	-0.55208521	0.35602736	-1.36052465	0.73779123	-0.06842452
3R	47435956	47469068	500	0.03854497	0.00300396	-0.7987129	-0.8067188	0.29281779	-1.38675057	-0.15235519	-0.05419089
3R	47469089	47510046	500	0.05086516	0.00225524	-0.99507193	-0.93199645	0.55408817	-1.96366046	0.24734299	-0.0162488
3R	47510104	47558198	500	0.06905455	0.001731	-1.5090529	-1.4941096	0.38382721	-2.34908775	-0.56197497	-0.00299901
3R	47558214	47602190	500	0.07708426	0.00218451	-2.05914559	-2.07705714	0.40869734	-3.24916304	-1.09120254	0.06495028
3R	47602196	47729323	500	0.04155108	0.00076672	-2.0870708	-1.98450713	0.62673245	-3.6372548	-0.85108357	-0.05992284
3R	47729356	47766399	500	0.0531636	0.00255159	-2.37926568	-2.35319536	0.31139502	-3.19552919	-1.44616836	-0.03672769
3R	47766413	47802409	500	0.08889787	0.00277947	-2.17078355	-2.18739849	0.19638188	-2.64463047	-1.69365652	-0.03008675
3R	47802411	47827779	500	0.03721708	0.00379701	-2.06588562	-2.00270802	0.16331516	-2.49008742	-1.80735636	-0.14227686
3R	47827832	47855007	500	0.07172751	0.00395498	-2.068523	-2.06663018	0.11221929	-2.67655704	-1.80213356	0.11735057
3R	47855548	47951544	500	0.07572086	0.00107529	-1.51961243	-1.52458471	0.19666228	-2.03922701	-0.8647251	-0.00468865
3R	47951627	48007253	500	0.06792396	0.00195115	-1.91409022	-1.98953249	0.33498167	-2.38883508	-1.1383193	-0.03692018
3R	48007266	48061271	500	0.05666042	0.00188395	-1.23959256	-1.27336844	0.17044747	-1.56155216	-0.81375778	0.02208897
3R	48061283	48107198	500	0.06233756	0.00200369	-0.48905079	-0.5422729	0.27189062	-1.09607046	0.13610362	-0.00525543
3R	48107257	48183382	500	0.06570298	0.0013969	-0.28256417	-0.3015142	0.22977841	-0.89141565	0.2812647	-0.03401143
3R	48183393	48292585	500	0.10379893	0.00095447	-0.35692297	-0.32089907	0.37149609	-1.06106591	0.59252176	0.07581532
3R	48292616	48343813	500	0.07559724	0.0020095	-0.3510154	-0.34739172	0.15899897	-0.7075067	0.01090312	-0.10910426
3R	48343816	48413581	500	0.05978781	0.00135927	0.29175675	0.25539358	0.34162502	-0.51387682	1.22890488	0.1033629
3R	48413680	48466880	500	0.05736314	0.0016314	0.47937833	0.51231506	0.3378797	-0.762428	1.23147767	-0.0395188
3R	48467008	48526393	500	0.03233766	0.0017777	-0.06245046	-0.08089012	0.33454955	-0.88279889	0.81657071	-0.12165894
3R	48526477	48629697	500	0.04107077	0.00081665	-0.61177354	-0.38648286	0.75959021	-2.46491412	0.80256106	-0.09066791
3R	48629756	48709003	500	0.05624598	0.00125541	-0.29974909	-0.24841374	0.52407748	-1.52605549	0.4745104	-0.18980072
3R	48709060	48844448	500	0.09179836	0.00073752	0.2962983	0.25327365	0.28787209	-0.60847477	1.02680064	0.01617523
3R	48844480	48925723	500	0.12627838	0.00124465	0.16056367	0.10014461	0.3365336	-0.59591809	0.95123628	0.20065635
3R	48925724	49002358	500	0.11602607	0.0013424	0.680711	0.72429377	0.127531	0.29562785	1.13969678	0.38154432
3R	49002364	49205745	500	0.092754	0.00054739	0.18401467	0.31290619	0.36383476	-0.35462494	0.75298654	0.05484451
3R	49206882	49327507	500	0.10400636	0.00087308	0.51245338	0.5042692	0.27016492	-0.14322811	1.15290933	0.39279434
3R	49327511	49436688	500	0.07687854	0.00087146	-0.33461085	-0.39417134	0.36528455	-1.22017797	0.52629479	0.0649075
3R	49436692	49519212	500	0.04383969	0.0012916	-0.63469807	-0.50149171	0.4207689	-1.29507662	0.09399081	0.01978978
3R	49519612	49608293	500	0.06218416	0.0010283	0.33592239	0.43454722	0.68445219	-0.90355014	1.80988412	-0.01073072
3R	49608336	49652486	500	0.04169777	0.00195548	0.48025792	0.46723491	0.28758286	-0.56016405	1.0953029	-0.08057283
3R	49652705	49784529	500	0.05498984	0.00086341	0.4531464	0.35855375	0.60861059	-0.65936244	1.77866694	0.0455087
3R	49784536	49816412	500	0.06624183	0.00274708	0.57010928	0.61671602	0.38420886	-0.51026032	1.73747795	0.04288868
3R	49816445	49845800	500	0.05433284	0.00298898	0.42749344	0.45683738	0.40401645	-0.40824159	1.2560592	-0.02529587
3R	49845856	49913960	500	0.04425982	0.00119533	0.27488848	0.27890317	0.46250413	-0.7327324	1.29637569	-0.05777336
3R	49913976	49962492	500	0.03824749	0.00170632	0.11506503	0.14234629	0.34643784	-0.914843	1.1283452	-0.12264279
3R	49962607	50001178	500	0.07427206	0.00243501	0.62347694	0.6767444	0.3387091	-0.34159739	1.3550872	0.04191553
3R	50001179	50027840	500	0.05797063	0.00325477	0.76236833	0.72520964	0.34403564	-0.30300973	1.69987342	-0.02472909
3R	50027958	50054134	500	0.04354461	0.00329473	0.88647527	0.92351304	0.28932548	-0.00363977	1.53375149	0.00537435
3R	50054139	50076231	500	0.0399342	0.00364417	0.4564445	0.45034154	0.22955444	-0.04228997	1.09983741	-0.10488015
3R	50076233	50101166	500	0.054752	0.00358146	0.61636795	0.60641405	0.30187657	-0.12301902	1.44780262	-0.00938329
3R	50101174	50136968	500	0.06622503	0.00267188	0.37665422	0.37703491	0.34456965	-0.56237049	1.39462304	-0.120504
3R	50136972	50186981	500	0.03358725	0.00182435	0.68430602	0.65442862	0.52201811	-0.79740129	1.62876252	-0.10337231
3R	50186982	50225882	500	0.07644873	0.00241331	0.75011593	0.73441393	0.25576654	0.11162117	1.78084633	0.09773789
3R	50225900	50262790	500	0.05016926	0.00265563	0.45348682	0.47685654	0.27252974	-0.44270655	1.06937096	-0.06486344
3R	50262816	50336293	500	0.06052597	0.00138688	0.52942616	0.59861614	0.44278966	-0.63897126	1.45783953	0.00547059
3R	50336294	50391270	500	0.02931379	0.00160681	0.04346379	0.10884706	0.4591825	-0.80654888	1.07206398	-0.03831039
3R	50391399	50431899	500	0.04892242	0.00208837	-0.31826676	-0.31949874	0.31415053	-0.97636585	0.67304414	-0.13171125
3R	50431903	50469648	500	0.03354765	0.00228221	-0.34368548	-0.29373807	0.2674445	-1.04272044	0.29435668	-0.04967805
3R	50469765	50503458	500	0.03868266	0.00260638	-0.14005443	-0.14471183	0.28503673	-0.69569084	0.60213002	-0.09323446
3R	50503474	50553725	500	0.05631904	0.00153199	-0.06192268	-0.04395862	0.40913226	-0.93032874	0.93566877	-0.10640939
3R	50553730	50615699	500	0.04365894	0.00151192	0.01872761	0.01879329	0.35337163	-0.76307728	0.94441212	-0.05087577
3R	50615750	50678836	500	0.06174297	0.00154685	0.43625798	0.31002391	0.42118764	-0.50174349	1.67416571	0.03305026
3R	50678840	50718186	500	0.04291052	0.00224256	0.43632231	0.41118965	0.34900386	-0.6602172	1.38824932	-0.02257961
3R	50718193	50803137	500	0.05395784	0.00103919	-1.14932657	-1.25626621	0.51478424	-1.94866541	0.64096957	-0.03877023
3R	50803140	50847918	500	0.05267496	0.00211045	-0.67092788	-0.73136948	0.39747115	-1.33128722	0.84615818	-0.07288389
3R	50847925	50958751	500	0.06727967	0.00089913	-0.56416552	-0.58423763	0.47305794	-1.34034469	1.44445314	0.04208664
3R	50958869	51108255	500	0.05124719	0.00070388	-0.4982537	-0.45262549	0.25386137	-1.08875723	-0.0427101	0.01172655
3R	51108336	51220245	500	0.0632175	0.00089684	-1.09335931	-1.00254073	0.29292983	-1.78950202	-0.70716288	0.02633447
3R	51220269	51329730	500	0.07590291	0.00103302	-0.74715206	-0.88462384	0.28766678	-1.18604037	-0.12332178	-0.00538375
3R	51329748	51470349	500	0.06797251	0.00080829	-0.54304586	-0.58530736	0.30467645	-1.07103951	0.51435694	0.14291978
3R	51472977	51652637	500	0.08486985	0.00068694	-1.56573381	-1.39837839	0.53260347	-3.06133772	-0.58311144	0.0876642
3R	51652651	51742343	500	0.03884926	0.00118629	-1.16022567	-1.36671998	0.72769453	-2.2786687	0.40041433	-0.01955322
3R	51742373	51888591	500	0.04541048	0.0007001	-0.83125588	-0.91590145	0.29053686	-1.25511149	-0.2116178	-0.02398051
X	2110	223370	500	0.18758161	0.00062512	nan	nan	nan	nan	nan	0.19878749
X	224498	289271	500	0.16659783	0.00166901	nan	nan	nan	nan	nan	0.19781742
X	289530	370786	500	0.12392176	0.00120461	0.44679042	0.53981545	0.24038905	-0.28775482	0.81608964	0.1321218
X	370848	445504	500	0.04735376	0.00111935	-0.23691606	-0.20912431	0.59546683	-2.06625456	0.93325743	-0.05210449
X	445551	485745	500	0.04274484	0.00179702	0.41576252	0.4489733	0.58476807	-0.73322737	2.00735044	-0.06921993
X	485758	522000	500	0.06084757	0.00232088	-0.040637	-0.03455226	0.44582466	-1.07930272	1.06932573	0.0301399
X	522004	629203	500	0.04884305	0.00082549	-0.0905834	-0.09368217	0.37368762	-0.9059598	0.89673838	0.00095145
X	629209	678875	500	0.06324768	0.00165351	-0.02540607	-0.067884	0.44391074	-1.66904038	1.06340973	-0.08854443
X	678891	747766	500	0.05623657	0.00116719	-0.63171743	-0.56125397	0.40439288	-1.96582589	0.18861459	-0.00721248
X	747767	792611	500	0.0557765	0.001769	-0.28621641	-0.2382463	0.33629063	-1.38630897	0.47189614	0.06217132
X	792619	845455	500	0.04444938	0.00154444	-0.15896449	-0.15200238	0.369945	-0.96784854	1.21021503	-0.0485988
X	845463	895220	500	0.05562968	0.00160783	-0.3479345	-0.30438671	0.34359786	-1.35552219	0.65760885	-0.04711969
X	895250	996552	500	0.05593532	0.00082835	-0.28376451	-0.16708564	0.58730309	-1.95981252	0.81572129	-0.03940718
X	996553	1058094	500	0.05497032	0.00135291	-0.62023307	-0.54291291	0.49683194	-1.76341004	0.50336515	-0.08898624
X	1058119	1134593	500	0.0659647	0.00118564	-1.15436767	-1.19133266	0.65938786	-2.92581789	0.54806345	-0.07625051
X	1134614	1180928	500	0.04321509	0.0018124	-0.1480907	-0.16040376	0.40951333	-1.26027124	1.00300197	-0.08560542
X	1180960	1249508	500	0.05919123	0.00132434	-0.75031252	-0.74189546	0.46019544	-1.87597947	0.44301287	-0.00775034
X	1249521	1356396	500	0.06547392	0.00082261	-0.68708187	-0.65786006	0.45616094	-2.00451279	0.33011264	-0.00397572
X	1356415	1421080	500	0.07458626	0.00125834	-0.11193459	-0.10145266	0.46454204	-1.23005317	1.00202322	0.07214092
X	1421266	1465039	500	0.0472856	0.00186236	0.53080089	0.4418787	0.40696796	-0.3256967	2.14142052	-0.0357094
X	1465883	1522715	500	0.02699723	0.00146381	0.06754174	0.10900562	0.36571059	-0.82250597	0.95463484	-0.060643
X	1523050	1602224	500	0.02964147	0.0010688	-0.25518048	-0.25460734	0.3512202	-1.23512871	0.77877541	-0.07660588
X	1602315	1662918	500	0.04261811	0.0014241	0.12079674	0.08634539	0.58400623	-1.0783178	1.75855826	-0.07720137
X	1662945	1700953	500	0.03620177	0.00200651	-0.29068225	-0.27955726	0.40443303	-1.33832046	0.72152054	-0.0967852
X	1701053	1737572	500	0.04788676	0.00200823	-0.07036728	-0.12074989	0.41141649	-0.88901944	0.98948624	-0.16552549
X	1737587	1784003	500	0.02301217	0.00158774	-0.27856207	-0.33233003	0.40249461	-1.10941764	1.45948527	-0.14035177
X	1784263	1832180	500	0.03137581	0.00154886	0.14637405	0.12109653	0.44234609	-0.97164406	1.40866994	-0.0689606
X	1832275	1921239	500	0.04930128	0.00088715	-0.20008819	-0.19262216	0.31772286	-1.36560075	0.72233697	-0.00349549
X	1921284	1977604	500	0.06172783	0.0014334	0.04644437	0.03181132	0.36069611	-0.86411419	1.71298305	0.04829264
X	1977616	2033009	500	0.06980468	0.00146072	-0.66169079	-0.52177368	0.5756016	-2.21012099	0.41373244	-0.01853633
X	2033028	2102833	500	0.04081895	0.00128846	-0.28064417	-0.32473101	0.35487635	-1.16992927	0.85368022	-0.00208361
X	2102890	2178567	500	0.04805493	0.00114958	-0.12722057	-0.19562148	0.45713556	-1.44383497	1.33322363	-0.08659469
X	2178572	2241227	500	0.04356376	0.00139526	-0.37424704	-0.49299845	0.44596903	-1.36792255	0.9797086	-0.06401422
X	2241375	2280743	500	0.03654465	0.0017379	0.25487224	0.22954852	0.5343881	-1.08021612	1.90321773	-0.05183556
X	2280745	2331753	500	0.04584572	0.0016831	-0.24231252	-0.27822219	0.35690265	-1.04395255	1.01271132	-0.0398778
X	2331907	2384032	500	0.06597979	0.00150672	-0.0335612	-0.09807698	0.41004356	-1.0011324	1.07761302	-0.06100797
X	2384033	2420599	500	0.03639886	0.00210099	-0.06724297	-0.06947113	0.37007922	-1.01950397	1.16345265	-0.1094537
X	2420604	2464027	500	0.0423421	0.00205507	-0.32274384	-0.32254344	0.3462293	-1.52973299	0.62531719	-0.06134414
X	2464078	2510152	500	0.03018776	0.00171877	-0.46715249	-0.47875601	0.26556575	-1.10102124	0.33235737	-0.14533657
X	2510153	2538917	500	0.04611498	0.00236407	-0.26746831	-0.2670701	0.26926309	-1.01031028	0.51266053	-0.07863246
X	2538926	2569059	500	0.03886656	0.00225055	0.01845963	0.05774281	0.36509635	-1.10921001	1.04294169	-0.06824026
X	2569122	2615203	500	0.04265583	0.00148385	-0.41775726	-0.40191883	0.30717184	-1.25286103	0.38551208	-0.07890139
X	2615212	2653385	500	0.04464719	0.00207144	-0.3640782	-0.37946213	0.27624375	-0.97077414	0.95720904	-0.07342675
X	2653408	2687457	500	0.03905346	0.00205907	-0.21025427	-0.15939368	0.29051305	-1.34028733	0.39456665	-0.06580068
X	2687488	2726445	500	0.04747385	0.00163052	-0.38244003	-0.38616169	0.31453336	-1.32057668	0.58094883	-0.14973549
X	2726495	2760260	500	0.04062238	0.00205554	-0.14079967	-0.12465266	0.33942489	-0.96503986	0.78233241	-0.00043161
X	2760273	2793112	500	0.04257959	0.00219547	-0.24015791	-0.28000865	0.32531156	-0.97709964	0.55995935	-0.08691164
X	2793138	2849846	500	0.03359566	0.0013847	-0.3309366	-0.35844132	0.41884514	-1.52253614	0.92456077	-0.08433761
X	2849865	2892062	500	0.03862084	0.00186262	-0.34758108	-0.3789165	0.42107025	-1.8241199	0.82050456	-0.09670836
X	2892149	2968744	500	0.02778057	0.00091185	-0.24706827	-0.24580325	0.27879463	-0.88357567	0.7687971	-0.12350526
X	2968862	3034204	500	0.04015131	0.00134436	-0.22984945	-0.22620782	0.31118505	-0.88653001	0.81657819	-0.0265754
X	3034206	3105303	500	0.0573455	0.00121661	0.67345611	0.59781152	0.68954396	-0.49902505	2.68412462	-0.01353232
X	3105334	3134640	500	0.04263065	0.00219979	0.08806866	0.02984141	0.52739418	-1.04862205	1.61665945	-0.04511232
X	3134660	3185926	500	0.04434326	0.00149507	-0.16398582	-0.08400783	0.44832903	-1.30444343	0.74482327	-0.07682679
X	3185967	3227027	500	0.04513084	0.00195904	-0.03059439	0.00109776	0.461994	-1.06798576	1.13017542	-0.03430712
X	3227062	3279992	500	0.05706412	0.00173522	0.81992879	0.62547452	0.7117598	-0.26228014	2.76194117	0.00849108
X	3280056	3409414	500	0.02500407	0.00059392	-0.30916719	-0.32242511	0.26973174	-1.0724389	0.56630018	-0.07312901
X	3409465	3469201	500	0.05658408	0.00136268	-0.05693089	-0.07463818	0.3132342	-0.71989315	0.91562283	-0.07723018
X	3469214	3509195	500	0.04027004	0.00176942	0.03513713	-0.06671148	0.36050343	-0.65180339	1.00824723	-0.10869493
X	3509225	3556489	500	0.07133493	0.00169235	0.07510337	0.19307625	0.525559	-0.94840981	1.39150584	-0.05895259
X	3556561	3606251	500	0.05361966	0.00165132	-0.17145246	-0.31135637	0.6047589	-1.35114796	1.68150485	-0.07104481
X	3606810	3662052	500	0.04816514	0.00157551	0.07802297	0.09002649	0.4780297	-1.04731418	1.46714996	-0.09703492
X	3662056	3724667	500	0.08968256	0.00147015	1.25023819	1.24626097	0.76371857	-0.50898734	3.07686132	0.12760762
X	3724675	3784997	500	0.09604521	0.00138577	1.76222645	1.76341631	0.73372503	-0.31940564	3.44337415	0.06187358
X	3785316	3849011	500	0.13384863	0.0014576	1.90331695	1.89219572	0.8356524	0.37222128	3.88682582	0.16616058
X	3849206	3903088	500	0.07949895	0.00142159	2.23200713	2.10427666	0.87233377	-0.19467004	4.19792494	0.0527876
X	3903093	3942986	500	0.07107695	0.002074	1.85598224	1.89344027	0.73398375	0.10619253	3.42310284	0.00046162
X	3942988	4012245	500	0.04332784	0.00117053	0.97108857	0.94210008	0.48456896	-0.0705346	2.31898947	-0.05556215
X	4012284	4082739	500	0.06013141	0.00118441	-0.10029282	-0.17288717	0.41921775	-0.91019943	1.27225482	0.01243858
X	4082760	4124932	500	0.06307261	0.00181093	0.55625103	0.56200418	0.35014142	-0.44788454	1.42340321	-0.13461781
X	4124945	4162512	500	0.04382267	0.00198661	0.19091369	0.16500275	0.41215343	-0.74889502	1.54466615	-0.14817954
X	4162516	4192058	500	0.07819769	0.00249425	1.33559615	1.38323965	0.4799394	0.10966705	2.30477727	-0.09359646
X	4192118	4227205	500	0.04798209	0.0020597	0.83175256	0.84788562	0.55349068	-0.40402359	2.46965968	-0.04546769
X	4227209	4271510	500	0.06297419	0.00187826	0.89845815	0.92209963	0.45773513	-0.70333479	1.9146986	-0.07222617
X	4271531	4298852	500	0.04405454	0.00246303	0.85334776	0.85488532	0.43554859	-0.04616958	2.05001925	-0.12447533
X	4298873	4349163	500	0.04528002	0.00162853	-0.05145843	-0.1547038	0.5633946	-1.28857308	1.47122471	-0.0413185
X	4349230	4383822	500	0.03062914	0.00222834	-0.8429532	-0.8547598	0.37528179	-1.70858769	0.05195373	-0.14952419
X	4384132	4466744	500	0.08197238	0.00111383	-1.2625087	-1.15107048	0.39633021	-2.41291397	-0.51598679	0.06522559
X	4466745	4530355	500	0.0516902	0.00138053	-1.62662609	-1.52095148	0.40533793	-3.18552488	-0.96887578	-0.02480815
X	4530361	4568154	500	0.06796756	0.00212096	-0.06787626	0.10826787	0.94301952	-1.38086122	1.92496492	-0.09152186
X	4568314	4609680	500	0.07913902	0.00181686	1.30226559	1.12531801	0.69682618	-0.28647228	3.5047219	-0.18108498
X	4609692	4668936	500	0.06896697	0.00135748	0.74857582	0.68006355	0.46934697	0.00344828	2.28611082	-0.03060934
X	4669017	4741250	500	0.05640751	0.00094145	0.36058519	0.29368886	0.51719603	-0.54025768	2.80488138	-0.07653865
X	4741259	4800005	500	0.05838109	0.00130067	0.15563187	0.15696248	0.36838431	-1.13006849	1.05573302	-0.00668422
X	4800022	4867420	500	0.0455981	0.00117084	-0.37346409	-0.38019517	0.4231498	-1.82070154	0.7580528	0.01161258
X	4867439	4932393	500	0.04197509	0.00128157	0.0555012	0.0898599	0.34309808	-1.02493119	0.84564184	-0.0411168
X	4932592	4981028	500	0.04197269	0.00165395	0.02744683	0.01164106	0.36758409	-1.14329773	1.13976487	-0.07703809
X	4981040	5038924	500	0.06323057	0.00143396	-0.26505021	-0.18172928	0.42423078	-1.50735503	0.58553732	-0.0658391
X	5038928	5112939	500	0.04929452	0.00108137	-0.57392941	-0.51805558	0.40687021	-1.79671102	0.360185	-0.0612769
X	5112979	5162788	500	0.05095889	0.00164091	-0.49670694	-0.41563664	0.47831565	-1.90172953	0.73094128	-0.01612557
X	5162899	5207353	500	0.05691335	0.00192947	-0.05083854	-0.08776468	0.40283727	-1.04362774	1.24341967	-0.03454724
X	5207356	5260027	500	0.03824518	0.00135752	-0.23084481	-0.26214317	0.34871037	-1.32063485	0.82764571	-0.17297868
X	5260069	5306670	500	0.04369125	0.00165273	0.12587019	0.06941241	0.41715885	-0.81941846	1.43404875	-0.06284246
X	5306671	5364312	500	0.05721571	0.00146794	-0.50103562	-0.42337114	0.49948094	-1.47481721	0.97123559	-0.08927438
X	5364324	5425076	500	0.06333341	0.00124026	-0.36834735	-0.08741481	0.6261532	-1.7938856	0.67407234	-0.10871414
X	5425187	5514312	500	0.05712861	0.00101983	-0.23190676	-0.24873674	0.29159438	-1.0826232	0.6351323	-0.02136969
X	5514443	5565802	500	0.06508163	0.00161761	0.30370258	0.37036576	0.51990542	-0.90018648	1.67262071	-0.07052616
X	5565811	5597224	500	0.05709406	0.00235319	0.39590843	0.34883313	0.46389226	-0.64457007	1.79801884	-0.02338666
X	5597466	5646958	500	0.0482529	0.0014464	-0.37737758	-0.42641542	0.34892762	-1.06052814	1.02640644	-0.1410433
X	5647085	5723366	500	0.06211082	0.00096993	-0.96768798	-0.91958954	0.44174406	-1.94852472	-0.02650286	-0.16166443
X	5723464	5792037	500	0.07092657	0.00112755	-0.46741906	-0.37297854	0.48133112	-1.86951532	0.5380271	-0.00960403
X	5792434	5843342	500	0.05920598	0.0014007	-1.11105576	-1.10627181	0.43196133	-2.21223483	0.11626658	-0.10492992
X	5843358	5923692	500	0.06842813	0.00091968	-0.74041866	-0.72044994	0.49852061	-1.8638264	0.30636848	0.04735139
X	5923900	5975670	500	0.03913861	0.00161544	-0.53091326	-0.45920112	0.42313257	-1.71691665	0.46033982	-0.02575901
X	5975679	6019915	500	0.04958986	0.00202276	-1.11659266	-1.0566031	0.51557125	-2.57675617	0.08915398	-0.10823391
X	6019918	6066656	500	0.05120893	0.00187532	-0.31145285	-0.26926879	0.33671246	-1.31534917	0.61571599	-0.04159703
X	6066662	6098906	500	0.09990873	0.00276293	0.71565678	0.7824211	0.45200568	-0.27482864	1.7066348	0.04855197
X	6098974	6132171	500	0.07060546	0.00232053	0.09774983	0.15180547	0.5677357	-1.21687283	1.48463353	0.01200637
X	6132992	6214334	500	0.05915483	0.0010855	-0.39687791	-0.38085142	0.52370513	-1.30639944	0.97378752	-0.0064345
X	6214392	6248126	500	0.05527621	0.00210216	-0.67449238	-0.60090484	0.40812992	-2.01090105	0.23771702	-0.11713739
X	6248135	6316104	500	0.03844599	0.00114799	-0.29123784	-0.30339855	0.38411108	-1.44102454	1.03495515	-0.07755674
X	6316175	6388490	500	0.05262666	0.00110028	-1.01761463	-1.06408575	0.53224503	-1.99108457	0.76183196	-0.07659628
X	6388542	6428778	500	0.05999814	0.0020664	-0.24709247	-0.28312497	0.20017205	-0.74794508	0.37118011	-0.06699166
X	6428787	6485773	500	0.09716119	0.00147685	-0.33803016	-0.35994534	0.26900222	-0.86169342	0.34883968	-9.01e-06
X	6485837	6532417	500	0.0759052	0.00168729	-0.32800128	-0.36072277	0.70611096	-2.11811603	1.79967574	-0.036545
X	6532428	6584458	500	0.07050727	0.00147352	-0.05802828	-0.05849417	0.49292429	-0.82673798	1.17797514	-0.05985542
X	6584459	6628916	500	0.0577889	0.00158279	0.39715324	0.297211	0.6186537	-0.98827173	2.38871959	-0.03253987
X	6628949	6663889	500	0.04579319	0.00214127	0.45195452	0.40889014	0.48727914	-0.51221078	1.66377545	-0.12343803
X	6663917	6716347	500	0.03977171	0.00157655	0.12064462	0.22815532	0.61530422	-1.15498788	1.89697858	-0.04654341
X	6716375	6765872	500	0.05103716	0.00167386	1.33499181	1.30725159	0.62041157	-0.21511252	3.14908541	-0.08193645
X	6765875	6818370	500	0.04375557	0.00158486	0.65948367	0.60076153	0.70797196	-0.92242145	2.32624186	-0.04571741
X	6818426	6874022	500	0.05446737	0.00147919	-0.34859649	-0.26037083	0.58619834	-1.98231798	0.7866302	-0.01977533
X	6874082	6926030	500	0.0573843	0.00163284	-0.14833918	-0.28420984	0.81432665	-1.4365627	1.31899781	-0.09023484
X	6926060	6966515	500	0.04043639	0.00180437	0.47874609	0.43995467	0.48765637	-0.59706535	1.74036579	-0.07796974
X	6966520	7005839	500	0.0893998	0.00223913	1.06605506	1.08017508	0.38423906	-0.12030238	2.27419375	0.06098035
X	7005871	7040750	500	0.06048249	0.00223214	0.96357806	1.00379522	0.42000834	-0.08910307	2.0344084	-0.06047012
X	7040765	7082015	500	0.05063103	0.00203419	0.87249905	0.84692513	0.35029392	-0.00967665	2.15878567	-0.00047964
X	7082144	7122397	500	0.07944656	0.00210984	0.07284124	0.05923524	0.39677245	-0.92125146	0.99286214	0.05819501
X	7122407	7164839	500	0.04128841	0.00167281	-0.13994523	-0.16812292	0.47915165	-1.16809262	1.01924098	-0.0805918
X	7164846	7219767	500	0.05389054	0.00127469	0.79563532	0.60990392	0.83633516	-0.39750812	3.92363056	-0.02932232
X	7219794	7303226	500	0.11317121	0.00094437	1.74471432	1.65775303	0.58902278	0.43754481	3.92083467	0.13951736
X	7303369	7365455	500	0.10469698	0.00130299	1.93167463	1.46071321	1.12112742	0.46953553	4.8072831	0.17976073
X	7365492	7439102	500	0.06741015	0.00114454	1.03889409	1.10500243	0.38842946	-0.32620685	1.95564423	-0.00192994
X	7439110	7483592	500	0.05560713	0.00154413	0.72450387	0.78142403	0.31827492	-0.04912233	1.35223774	-0.13349407
X	7483642	7530967	500	0.05429176	0.00169139	0.62353999	0.41572494	0.61921549	-0.6841733	2.38631227	-0.053161
X	7530987	7605453	500	0.03539949	0.00094911	0.25103296	0.21293058	0.39052921	-0.99506123	2.34110034	-0.07106402
X	7605536	7668508	500	0.03395189	0.00111152	0.33058937	0.35943917	0.42035446	-0.73383575	1.3858813	-0.08434721
X	7669167	7726241	500	0.01912255	0.00138237	-0.33647001	-0.33137126	0.30920858	-1.63921875	0.86410447	-0.12823073
X	7726261	7822698	500	0.02998867	0.0009263	-0.61080483	-0.57838245	0.30589307	-1.59440469	0.45653097	-0.11240232
X	7822731	7876707	500	0.02581769	0.00159393	0.08051235	-0.00233634	0.41761287	-0.7569003	1.22016504	-0.0820325
X	7876720	7962671	500	0.06359443	0.00097778	-0.17252012	-0.16534093	0.30961965	-0.97378116	0.61846737	-0.04798411
X	7962775	8041818	500	0.05088595	0.00100832	-0.20276951	-0.16362774	0.34977302	-1.20685773	0.70111015	-0.03657381
X	8043715	8096975	500	0.08124745	0.00141883	-1.25951278	-1.26843079	0.40588233	-2.11629604	-0.18095704	-0.04171229
X	8096990	8181622	500	0.11932307	0.00112204	-0.57351643	-0.59703851	0.27944206	-1.04139139	0.45861609	0.04264512
X	8182351	8236675	500	0.09223191	0.00178371	-0.73309201	-0.74844424	0.20902119	-1.31793161	-0.32782199	0.04985819
X	8236699	8287177	500	0.10218208	0.00181958	-0.98418205	-0.9161484	0.34246732	-1.87462807	-0.18114988	0.02232174
X	8287193	8321747	500	0.0966462	0.00214043	-1.36635779	-1.38098602	0.20998903	-2.17331043	-0.77561836	-0.01407978
X	8321813	8358859	500	0.0958806	0.00237906	-1.76822667	-1.74018578	0.3278207	-2.86091684	-1.01671989	0.03814055
X	8358863	8394743	500	0.09253879	0.00236664	-1.19400613	-1.33198625	0.4543796	-1.8667752	-0.1503928	-0.01137128
X	8394754	8428787	500	0.09265675	0.0024412	-0.25464673	-0.35214433	0.32270067	-0.78231821	0.71882225	-0.04178912
X	8428794	8488989	500	0.07347392	0.00141556	-0.54801632	-0.57893936	0.27564881	-1.19711772	0.25920827	-0.05653222
X	8489005	8538825	500	0.05548959	0.00167426	-0.04573765	-0.20646979	0.49259505	-0.67150002	1.15082975	-0.08477942
X	8538839	8592614	500	0.07845187	0.00174081	0.43418233	0.4007645	0.30861813	-0.22873631	1.03594578	0.0546413
X	8592619	8649626	500	0.10714897	0.0016218	0.91750826	0.87106616	0.22625941	0.20452734	1.49537116	0.11959737
X	8649650	8718797	500	0.14649502	0.00153783	0.84484656	0.84168889	0.20514172	0.14132641	1.34482586	0.14922763
X	8718844	8783680	500	0.15486224	0.00144651	1.03075254	0.87942696	0.31237913	0.32200626	1.7608503	0.11783012
X	8783683	8846775	500	0.16364794	0.00141053	0.37826103	0.40990322	0.61275657	-1.19775043	1.23565149	0.28744777
X	8846781	8888587	500	0.06186959	0.00177381	0.18168865	0.36159971	0.85702918	-1.84305663	1.52780407	-0.08209973
X	8888599	8933981	500	0.10291412	0.00187821	0.78845937	0.78697726	0.25209965	0.07501862	1.33648068	0.01858554
X	8933985	9031387	500	0.07960355	0.00090394	1.20773856	1.23024504	0.38545158	0.18871999	2.64269709	0.08492468
X	9031430	9083048	500	0.0786362	0.0016846	0.92949323	0.56518993	0.8559721	-0.18139028	3.06083207	0.0419728
X	9083068	9150649	500	0.08255453	0.00144862	-0.26229943	-0.30617739	0.24629948	-0.69466524	0.35871005	-0.02330022
X	9150701	9198115	500	0.08940357	0.0020314	-0.5922564	-0.63431673	0.18924753	-0.93461871	-0.05993737	0.00369837
X	9198139	9234656	500	0.1083384	0.00278118	-0.82624675	-0.78935484	0.17983871	-1.20980257	-0.41329497	-0.02684433
X	9234662	9316527	500	0.11278685	0.00141138	-0.74573415	-0.7624966	0.25778614	-1.35520891	0.22352741	0.15239716
X	9316533	9370814	500	0.09182128	0.00188344	-1.20125348	-1.09023085	0.43418805	-2.40916837	-0.51275355	0.0388513
X	9370815	9429811	500	0.1443086	0.0016573	-1.03390897	-0.83489852	0.54604668	-2.01426427	0.48137586	0.0781246
X	9429825	9502947	500	0.0914786	0.00132856	-0.38892284	-0.41398114	0.15781583	-0.81738907	0.07811008	0.10279888
X	9503031	9575499	500	0.11557302	0.00128201	-0.6792413	-0.76097441	0.3204619	-1.18912295	0.24228359	0.01764429
X	9575911	9627553	500	0.08992623	0.00180614	-1.39303788	-1.54190236	0.44665539	-2.33193056	-0.2356372	0.052365
X	9627946	9697613	500	0.10301375	0.00154584	-2.03862541	-2.04530804	0.42285526	-2.88735079	-0.91305359	0.04272196
X	9697637	9751303	500	0.09936191	0.00180356	-1.26158388	-1.32446368	0.34671479	-1.85526432	-0.65306712	-0.01298486
X	9751306	9805158	500	0.07735179	0.00169577	-1.76690637	-1.89766461	0.37035571	-2.35574799	-0.90788384	0.00814531
X	9805200	9873566	500	0.07228366	0.0012395	-1.71960069	-1.74445897	0.43204588	-3.02808205	-0.79461062	-0.03855236
X	9873618	9936106	500	0.07934258	0.00139782	-1.67461917	-1.59791754	0.52815721	-3.11214071	-0.69530714	0.00508144
X	9936133	9987229	500	0.08726132	0.0016999	-1.23943558	-1.20329012	0.19017105	-1.81317103	-0.8169073	0.00605151
X	9987248	10061302	500	0.08210585	0.00118243	-0.99749953	-1.00301434	0.38644504	-2.08081293	0.04005784	0.04304852
X	10063959	10107648	500	0.08118167	0.00194587	-1.20939237	-1.05669971	0.31353147	-2.2466976	-0.55897847	-0.09452811
X	10107652	10158771	500	0.11503055	0.00177221	-1.75246511	-1.83157873	0.3390636	-2.36107731	-1.00830248	0.12408273
X	10158781	10202867	500	0.10180097	0.00199067	-1.80524465	-1.68237187	0.31899414	-2.452356	-1.10152257	-0.06301534
X	10203070	10247953	500	0.16443673	0.00208593	-2.20966757	-2.24219525	0.34382323	-2.80240593	-1.31789853	-0.0078848
X	10248174	10322810	500	0.106609	0.00112539	-1.18196491	-1.48919481	0.61472352	-1.90876517	0.27078777	-0.01353232
X	10323581	10384981	500	0.08763001	0.00153524	0.02908228	-0.07904879	0.411319	-0.91239419	1.02585994	-0.00843227
X	10385049	10432599	500	0.09592339	0.00181872	0.88072651	0.87902382	0.21046264	0.26904632	1.40639736	0.01738496
X	10432611	10501962	500	0.10319652	0.00115383	0.62709748	0.68561861	0.39884592	-0.55907592	1.46167601	0.10617971
X	10501976	10561316	500	0.07799164	0.00144664	-0.99196757	-0.69740895	0.67304495	-2.57182253	0.00080186	0.03723772
X	10561317	10595930	500	0.06967481	0.00230183	-1.75339281	-2.01352835	0.57261136	-2.4764649	-0.51834221	-0.15506605
X	10596061	10648146	500	0.11424017	0.00171439	-1.69389507	-1.7261844	0.30959283	-2.73814211	-0.8312685	0.04325982
X	10648158	10712288	500	0.08354223	0.00139289	-0.99935437	-1.07618982	0.65894385	-2.09114215	0.32649875	-0.02153297
X	10712299	10779074	500	0.09501879	0.00141919	-0.13661288	-0.14583235	0.22750617	-0.78833026	0.6147096	-0.02014991
X	10779106	10821372	500	0.12963095	0.00230228	-0.20616579	-0.29458253	0.33510361	-0.77231454	0.42109041	0.28632403
X	10821678	10868159	500	0.07464331	0.00188627	-0.45421596	-0.49634773	0.20802474	-0.9658101	0.07753246	-0.08914952
X	10868239	10922296	500	0.07395486	0.00158195	-1.28499398	-1.38110232	0.52409011	-2.25091583	0.21351888	0.05644697
X	10922304	10975583	500	0.07805471	0.00157709	-0.38136896	-0.33265244	0.34638625	-1.4375301	0.60623948	0.08295573
X	10975696	11017016	500	0.05706037	0.00202261	-0.04933582	-0.07613954	0.2780447	-0.58556747	0.68129697	-0.00604071
X	11017029	11073394	500	0.05231416	0.00143092	-0.17811475	-0.21521774	0.49990062	-1.13139647	0.9193579	0.03246422
X	11073406	11119145	500	0.06513025	0.00207727	0.80580308	0.78083976	0.50856614	-0.25574574	2.0992503	0.0984768
X	11119201	11170878	500	0.04718797	0.0014723	0.52294716	0.4495711	0.54270787	-0.7222394	2.48924519	0.01279395
X	11170912	11232746	500	0.06401517	0.00140171	0.46158308	0.4247062	0.36222873	-0.35450937	1.48949005	0.05378649
X	11232750	11321702	500	0.05792142	0.00084876	0.65947229	0.71297792	0.56692339	-0.90360576	2.09733153	-0.04425751
X	11321800	11379210	500	0.03614557	0.00142966	0.32883179	0.13695057	0.63213402	-0.88444312	1.80635779	-0.13063189
X	11379294	11441408	500	0.07705268	0.00120433	1.03661412	1.05526271	0.44150257	0.020025	2.02643313	0.03847672
X	11441511	11512288	500	0.05776277	0.00107035	1.09509254	1.1319101	0.47450472	-0.29703718	2.57870292	0.01526234
X	11513231	11584076	500	0.05587564	0.00110309	1.51638218	1.491736	0.46938198	0.29127961	2.69191014	-0.02231095
X	11584183	11701740	500	0.04756253	0.00073162	0.80107274	0.67941845	0.96047947	-1.56833877	3.08917201	-0.13578957
X	11701744	11788505	500	0.0446314	0.00096299	0.23293266	0.18373269	0.48383412	-0.80994946	1.72550223	-0.09114728
X	11788590	11868524	500	0.06426954	0.0010363	1.00478676	0.99515242	0.42746148	0.02717254	2.23816201	-0.05184516
X	11868552	11909838	500	0.06988161	0.00192707	0.71007429	0.71834546	0.45153063	-0.18541611	1.97872446	-0.03175229
X	11909850	11956129	500	0.06649983	0.00180742	0.6652452	0.77965734	0.60968496	-0.91178408	1.77032144	0.02221609
X	11956216	12015176	500	0.06706835	0.00126474	-1.14702845	-1.19951755	0.31098712	-1.89217329	-0.15646995	-0.08574948
X	12015202	12062207	500	0.07326157	0.0017094	-1.25265571	-1.29569275	0.5278347	-2.27939488	-0.23875785	-0.14152353
X	12062211	12125550	500	0.06426144	0.0012775	-0.51369422	-0.59759438	0.84083029	-1.88584406	1.94035321	-0.03127206
X	12125557	12188510	500	0.07598484	0.00131559	0.39269615	0.36655582	0.55465124	-0.79173845	1.89425842	-0.01987137
X	12188582	12261724	500	0.05078104	0.00112124	0.34820208	0.29756033	0.39983494	-0.41248019	1.51444726	-0.01893012
X	12261730	12328123	500	0.06044871	0.00118225	-0.6065878	-0.78541269	0.5404308	-1.64167	0.76412245	-0.11804023
X	12328154	12396277	500	0.06978958	0.00110616	0.32741427	0.25137416	0.4253392	-0.49975246	1.83340345	-0.05279602
X	12396278	12450559	500	0.0672502	0.00160369	0.54758077	0.53453733	0.38879033	-0.2978866	1.82901166	-0.08226301
X	12450575	12481730	500	0.04137166	0.0022478	0.40147584	0.28754763	0.57760834	-0.97711969	1.8016894	-0.15814914
X	12481738	12530228	500	0.04525826	0.00172	-0.30382548	-0.08993589	0.71451407	-1.8573604	0.67148196	-0.0546113
X	12530263	12608717	500	0.05561732	0.0011227	0.3021553	0.2439985	0.3787119	-0.90127849	1.28691489	-0.0514994
X	12608732	12735959	500	0.04448256	0.00057199	-0.02580034	-0.08840338	0.52757637	-1.15681267	1.16062812	-0.13447374
X	12735975	12782619	500	0.04844491	0.00157534	-0.98843038	-0.95721652	0.42223598	-2.15114429	0.05644334	-0.10215418
X	12782620	12859983	500	0.07583335	0.00117373	-1.14315878	-1.13055668	0.36445436	-2.28439291	-0.42063542	-0.10005077
X	12860060	12926473	500	0.05334777	0.00112281	-1.32714202	-1.4915623	0.81808799	-2.55818468	0.68570786	-0.12918159
X	12926510	13000696	500	0.06767551	0.00112148	-1.23172717	-1.19346746	0.33489905	-2.38349444	-0.37610603	-0.07189001
X	13000697	13059467	500	0.0693423	0.00138142	-0.35158182	-0.31953391	0.34229749	-0.94683191	0.27502673	-0.06324585
X	13059476	13124926	500	0.10716632	0.00119036	0.3339533	0.25543604	0.30489092	-0.29139028	0.9531876	0.0779133
X	13124933	13199297	500	0.0741235	0.00098093	-0.39837598	-0.42905259	0.51085158	-1.30096189	0.72091595	-0.08510598
X	13199314	13251365	500	0.06570211	0.00147925	-1.32645537	-1.31680447	0.35809629	-2.17513062	-0.54273832	-0.09033089
X	13251382	13301104	500	0.03799412	0.0013598	-0.43453321	-0.33662878	0.38662354	-1.97121893	0.44801665	-0.13794101
X	13301295	13348222	500	0.05452014	0.00160216	-0.37057256	-0.38547722	0.28626621	-1.08204267	0.5107744	-0.09891742
X	13348225	13401290	500	0.04067335	0.00130136	-0.32827575	-0.36035342	0.26557285	-0.99745167	0.32431546	-0.16283619
X	13401550	13521097	500	0.05186973	0.00069173	0.25817964	0.21040367	0.44275186	-0.70711948	1.46548198	-0.07921834
X	13521106	13570767	500	0.06921098	0.00155216	-0.44662296	-0.40719891	0.32150423	-1.44207813	0.17501481	-0.08985066
X	13570769	13623364	500	0.08152669	0.0014944	-0.55535661	-0.49228762	0.27855906	-1.45336031	-0.15146061	-0.04695641
X	13623365	13666673	500	0.08869825	0.00191043	-1.48503282	-1.68003366	0.45872591	-2.49515983	-0.54343563	0.00032715
X	13666772	13748530	500	0.06568163	0.00096661	-1.34646491	-1.50798859	0.66573569	-2.8299562	-0.3291723	-0.01442555
X	13748532	13832551	500	0.08762903	0.00105928	-1.48945322	-1.49719386	0.31672517	-3.25641011	-0.73104273	-0.08164831
X	13832584	13876126	500	0.07769199	0.00177452	-0.638274	-0.95338035	0.93645628	-1.67517758	1.08161549	-0.07219736
X	13876162	13967197	500	0.04586124	0.00087747	-0.60468874	-0.53565915	0.35509863	-1.71457586	0.18122269	-0.15707342
X	13967199	14009197	500	0.0564709	0.00186888	0.2240885	0.31349126	0.62936058	-1.24714468	1.51170563	-0.04757111
X	14009406	14074344	500	0.04998596	0.00121751	-0.43793156	-0.40771168	0.51654253	-1.77304448	0.75611885	-0.08145622
X	14074349	14151095	500	0.04528528	0.0010638	0.44071374	0.30964996	0.32532868	-0.44752642	1.67742689	-0.06131532
X	14151278	14194433	500	0.09589556	0.00215025	0.37381625	0.21531096	0.55321516	-0.40241216	2.1000283	0.03363599
X	14194457	14277114	500	0.08079943	0.00111688	0.59241435	0.60474512	0.19960901	0.10778768	1.25678075	0.05710008
X	14277142	14365977	500	0.0986731	0.00111368	0.26813402	0.23864815	0.25395989	-0.28117606	1.42317487	0.12193129
X	14365980	14439483	500	0.1090528	0.00140889	0.47544498	0.48308052	0.19496833	-0.1814934	0.9009548	0.05112601
X	14439549	14510515	500	0.07340565	0.00129574	1.63751773	1.86148231	0.73395054	0.42839647	2.8637277	-0.02091828
X	14510528	14579961	500	0.07568595	0.00119519	0.76358022	0.77336571	0.42756583	-0.05986849	2.27784117	-0.00947917
X	14579969	14666519	500	0.08351297	0.00102402	0.30807984	0.2012434	0.45174762	-0.40219638	1.57530486	0.09632536
X	14666534	14726427	500	0.09861053	0.00156531	0.05524371	0.0563235	0.2615006	-0.39505506	0.96954196	0.12050981
X	14726576	14792058	500	0.15462652	0.00147131	0.80362629	0.85508561	0.26996392	0.13034581	1.27071464	0.27241653
X	14792060	14879018	500	0.14378535	0.00124155	1.24689632	1.14782228	0.27493872	0.85774311	1.96092857	0.26784473
X	14879035	15188137	500	0.16017922	0.0003512	1.26245874	1.4536665	0.50963	0.03502638	1.78932044	0.5033501
X	15188201	15342453	500	0.2055587	0.00082453	0.2085331	0.21196665	0.05700701	0.01298167	0.46753986	0.22836012
X	15342454	15514163	500	0.1317898	0.00061552	0.46609118	0.44728022	0.23936391	-0.05621483	0.9147117	0.0642075
X	15514558	15633730	500	0.12164966	0.00101487	1.20105863	1.25019154	0.29364097	0.29552074	1.70753753	0.22507534
X	15633836	15763947	500	0.13190482	0.00085875	1.36831897	1.34326166	0.29621476	0.42535772	2.86858153	0.28741895
X	15764012	15834435	500	0.09049595	0.00163696	1.28923394	1.17521178	0.31808089	0.72987892	2.00187998	0.03164783
X	15834687	15914783	500	0.12950886	0.00141034	2.07302848	2.17581419	0.36084159	0.87102581	2.72633663	0.26018985
X	15914856	15989097	500	0.08971392	0.00135642	3.31358017	3.48743086	0.5766224	1.5946864	4.21711904	0.05685036
X	15989142	16074700	500	0.09531012	0.00133622	3.43341073	3.38894153	0.60433822	1.92664593	4.7010951	0.06098035
X	16074721	16190654	500	0.09713271	0.00093022	2.08012273	1.98336374	0.32619372	1.17684241	2.78476549	0.15937972
X	16190679	16273629	500	0.08348919	0.00107742	2.10162035	2.11801379	0.35990383	1.06266254	2.99828775	0.07208329
X	16273923	16359185	500	0.0870985	0.00123659	0.579965	0.44592109	0.52754264	-0.46588685	1.67042598	0.03141732
X	16359196	16431491	500	0.07553857	0.00143415	-0.30681728	-0.293617	0.11475989	-0.56578509	0.00669718	0.0459203
X	16431842	16491024	500	0.07853576	0.00166601	-0.69077873	-0.74359097	0.33809511	-1.1972618	0.57648796	-0.01144812
X	16491105	16558087	500	0.08823235	0.00137289	0.91739548	1.02936585	0.37667572	0.33622098	1.39159621	0.00568653
X	16558166	16616467	500	0.08936166	0.00156418	1.50110736	1.49053429	0.1775289	1.15907586	1.94627139	0.11881939
X	16616475	16706841	500	0.08711233	0.00121187	1.34847221	1.35215037	0.19296477	0.8531669	1.73777658	0.2112831
X	16706901	16812164	500	0.11027303	0.00104557	1.39198406	1.23703777	0.36267342	0.98048789	2.56063456	0.00781876
X	16812340	16903666	500	0.10906502	0.00117116	1.92549869	1.90637811	0.17457189	1.44214318	2.43989195	0.03195518
X	16903805	17017307	500	0.12602779	0.00080389	1.82691301	1.8212833	0.38683121	1.08288123	3.01386175	0.16146392
X	17017403	17092963	500	0.09468216	0.00134341	1.01157111	0.54537705	0.7282565	0.17705105	3.13248733	0.06317981
X	17093259	17236050	500	0.11409096	0.00078752	0.25875455	0.25118631	0.15623574	-0.11217802	0.57034133	0.25029708
X	17236216	17453123	500	0.11764418	0.00050173	0.58715856	0.59569648	0.33796165	-0.06584552	1.19893345	0.26735489
X	17453179	17567335	500	0.10124703	0.00078982	1.07734827	1.12309329	0.3543382	0.15030171	1.94882301	0.11200011
X	17567424	17730508	500	0.08336576	0.0005848	0.40242164	0.30971849	0.28524737	-0.00999039	1.17224367	-0.04210608
X	17730566	17847737	500	0.11645555	0.00090455	0.04462721	0.0260506	0.12113453	-0.1545554	0.38130699	0.02637489
X	17848366	17983978	500	0.21371223	0.00082423	0.29353388	0.3202612	0.15309827	-0.15377778	0.58017873	0.43623299
X	17984010	18152977	500	0.16065835	0.00065588	-0.66726747	-0.48855733	0.43825329	-1.24266248	0.50125585	0.09891861
X	18153826	18244660	500	0.22853976	0.0011545	-0.89882128	-0.89597905	0.07234596	-1.25046132	-0.77864996	0.18665685
X	18244675	18464871	500	0.18735883	0.00045733	-1.1477215	-1.17652107	0.26326514	-1.58675152	-0.71446177	0.03869762
X	18464916	18600353	500	0.2758803	0.00081176	-0.86139209	-0.84886553	0.09173403	-1.12232198	-0.73598118	0.38859406
X	18600460	18851795	500	0.19671954	0.0004232	-0.60829	-0.58600768	0.18324126	-1.00953606	-0.26090586	0.18431332
X	18851841	19052624	500	0.17955788	0.00066466	-0.11066843	-0.11453152	0.26636276	-0.53507806	0.30314224	0.4969054
X	19052742	19168428	500	0.21121043	0.00096592	0.3805925	0.41034818	0.10999904	-0.12601541	0.57393636	0.57310848
X	19168461	19296077	500	0.15920408	0.00090801	0.35714138	0.38007842	0.07926378	0.11415248	1.1190066	0.21736283
X	19297118	19423493	500	0.19518081	0.00098805	0.29300494	0.25458603	0.09671144	0.11126583	0.51929251	0.29804167
X	19423624	19579196	500	0.20085483	0.00075759	nan	nan	nan	nan	nan	0.32501145
